User_ID,Gender,Age,Age_Group,Country,City,Device,Operating_System,Browser,Customer_Segment,Acquisition_Channel,Preferred_Category,Subscription_Type,Loyalty_Level,Loyalty_Score,Lifetime_Value
U000001,Male,56,55+,Canada,Vancouver,Mobile,Windows,Firefox,Returning,Instagram,Electronics,Premium,Platinum,87,6625.94
U000002,Male,42,35-44,United States,Los Angeles,Tablet,Windows,Firefox,Premium,Referral,Sports,Premium,Silver,15,653.82
U000003,Male,18,18-24,Germany,Frankfurt,Desktop,macOS,Chrome,Premium,Organic Search,Accessories,Premium,Gold,28,2121.51
U000004,Male,40,35-44,India,Mumbai,Desktop,iOS,Chrome,New,YouTube,Accessories,Free,Bronze,45,3328.24
U000005,Female,51,45-54,Australia,Melbourne,Mobile,Android,Firefox,Returning,Referral,Toys,Premium,Gold,53,1686.0
U000006,Male,41,35-44,Canada,Vancouver,Desktop,macOS,Edge,Returning,Instagram,Toys,Free,Gold,69,4804.81
U000007,Male,63,55+,United States,New York,Desktop,macOS,Firefox,New,Direct,Beauty,Premium,Gold,25,1016.74
U000008,Male,25,25-34,Canada,Calgary,Desktop,macOS,Safari,Returning,Paid Search,Fashion,Free,Silver,71,3710.19
U000009,Male,27,25-34,United Kingdom,London,Tablet,iOS,Safari,At Risk,Organic Search,Toys,Premium,Gold,99,6201.76
U000010,Male,36,35-44,Canada,Toronto,Tablet,Android,Edge,Premium,Paid Search,Sports,Free,Platinum,98,4762.05
U000011,Male,30,25-34,Canada,Toronto,Mobile,Android,Edge,New,Direct,Toys,Free,Gold,90,5865.76
U000012,Male,30,25-34,United States,Seattle,Mobile,macOS,Safari,At Risk,Facebook,Beauty,Free,Gold,3,176.72
U000013,Male,45,45-54,Canada,Toronto,Desktop,Windows,Firefox,Premium,Facebook,Books,Premium,Silver,66,3200.27
U000014,Female,38,35-44,India,Delhi,Mobile,iOS,Safari,Premium,Paid Search,Toys,Free,Gold,6,150.18
U000015,Male,49,45-54,United Kingdom,Liverpool,Tablet,Android,Firefox,Premium,Instagram,Books,Free,Gold,39,1214.23
U000016,Male,31,25-34,Australia,Perth,Tablet,Windows,Chrome,At Risk,Email,Beauty,Premium,Bronze,12,885.55
U000017,Male,22,18-24,Australia,Brisbane,Tablet,Android,Chrome,Returning,Email,Toys,Premium,Gold,39,2530.88
U000018,Female,41,35-44,Canada,Toronto,Tablet,Windows,Edge,At Risk,Facebook,Home,Premium,Bronze,56,1608.54
U000019,Female,54,45-54,India,Kochi,Desktop,Windows,Edge,VIP,YouTube,Toys,Premium,Gold,25,1643.48
U000020,Male,31,25-34,United States,New York,Tablet,macOS,Firefox,Premium,Email,Sports,Premium,Bronze,21,1185.54
U000021,Male,28,25-34,United States,New York,Tablet,Android,Firefox,Returning,Facebook,Electronics,Free,Silver,69,2629.03
U000022,Female,52,45-54,India,Mumbai,Desktop,Windows,Firefox,Returning,YouTube,Sports,Premium,Bronze,84,3705.27
U000023,Female,58,55+,Singapore,Singapore,Mobile,iOS,Chrome,At Risk,Paid Search,Toys,Premium,Silver,46,1704.78
U000024,Female,46,45-54,United States,Los Angeles,Mobile,macOS,Edge,VIP,Instagram,Home,Premium,Bronze,35,1267.54
U000025,Male,49,45-54,United States,Seattle,Mobile,macOS,Edge,Premium,Organic Search,Sports,Free,Silver,24,1676.59
U000026,Female,43,35-44,Germany,Munich,Mobile,macOS,Safari,New,Direct,Electronics,Free,Platinum,9,296.04
U000027,Male,42,35-44,India,Mumbai,Mobile,Android,Chrome,Premium,Direct,Electronics,Free,Bronze,2,133.98
U000028,Male,52,45-54,Germany,Hamburg,Desktop,macOS,Edge,Premium,Instagram,Accessories,Free,Silver,91,2700.25
U000029,Male,21,18-24,Australia,Brisbane,Mobile,Windows,Firefox,New,YouTube,Home,Free,Silver,81,4446.8
U000030,Female,19,18-24,United States,Seattle,Mobile,macOS,Chrome,VIP,Direct,Fashion,Free,Bronze,50,1655.29
U000031,Female,36,35-44,United Kingdom,London,Mobile,Windows,Edge,Returning,YouTube,Books,Free,Platinum,79,3425.03
U000032,Female,27,25-34,Germany,Hamburg,Mobile,iOS,Safari,Premium,Facebook,Fashion,Free,Silver,80,5597.28
U000033,Female,59,55+,United States,Los Angeles,Mobile,Windows,Safari,Premium,Direct,Fashion,Premium,Silver,19,883.18
U000034,Female,29,25-34,Singapore,Singapore,Desktop,macOS,Firefox,Returning,Email,Toys,Premium,Platinum,46,1957.87
U000035,Male,52,45-54,Australia,Perth,Desktop,Windows,Safari,At Risk,Email,Fashion,Free,Gold,69,3759.93
U000036,Male,18,18-24,United States,New York,Mobile,Windows,Firefox,Premium,Direct,Sports,Premium,Silver,47,2618.4
U000037,Male,53,45-54,Canada,Vancouver,Tablet,Android,Chrome,Returning,YouTube,Electronics,Premium,Gold,27,1904.32
U000038,Female,21,18-24,Germany,Berlin,Tablet,Android,Chrome,Returning,Instagram,Home,Free,Silver,85,4844.01
U000039,Male,22,18-24,India,Chennai,Desktop,Android,Firefox,VIP,YouTube,Books,Premium,Bronze,54,1794.66
U000040,Male,36,35-44,India,Delhi,Tablet,Android,Edge,New,YouTube,Toys,Premium,Gold,8,587.71
U000041,Male,54,45-54,Australia,Brisbane,Desktop,Windows,Safari,Returning,Email,Toys,Free,Silver,91,3412.71
U000042,Female,43,35-44,United States,Austin,Desktop,iOS,Safari,VIP,Direct,Electronics,Premium,Platinum,78,5560.95
U000043,Female,30,25-34,United Kingdom,London,Mobile,Android,Firefox,Returning,Paid Search,Fashion,Free,Bronze,14,409.91
U000044,Male,37,35-44,United States,Austin,Mobile,iOS,Chrome,At Risk,Organic Search,Accessories,Free,Bronze,26,1562.9
U000045,Female,38,35-44,India,Bangalore,Desktop,Android,Firefox,VIP,Instagram,Home,Free,Gold,2,157.86
U000046,Male,44,35-44,Germany,Berlin,Mobile,macOS,Safari,At Risk,Organic Search,Sports,Free,Silver,65,4511.79
U000047,Male,61,55+,Canada,Toronto,Mobile,Android,Edge,At Risk,Instagram,Accessories,Free,Gold,81,2440.61
U000048,Female,36,35-44,United Kingdom,Birmingham,Mobile,Android,Chrome,Returning,Referral,Fashion,Free,Silver,6,443.92
U000049,Female,37,35-44,Australia,Sydney,Mobile,iOS,Edge,New,Facebook,Books,Premium,Bronze,64,1931.28
U000050,Female,22,18-24,United States,Seattle,Desktop,Android,Chrome,At Risk,Referral,Electronics,Premium,Gold,34,2694.09
U000051,Female,43,35-44,Canada,Vancouver,Desktop,Windows,Safari,At Risk,Referral,Sports,Free,Bronze,57,2574.71
U000052,Male,65,55+,Singapore,Singapore,Mobile,Windows,Firefox,VIP,Direct,Toys,Free,Silver,90,6315.11
U000053,Female,42,35-44,Singapore,Singapore,Desktop,macOS,Chrome,New,Direct,Fashion,Premium,Platinum,86,2592.27
U000054,Female,30,25-34,Canada,Montreal,Mobile,macOS,Chrome,Premium,Referral,Electronics,Free,Platinum,9,382.06
U000055,Female,27,25-34,Germany,Munich,Mobile,iOS,Safari,VIP,Email,Electronics,Free,Bronze,41,2306.31
U000056,Male,61,55+,Canada,Montreal,Mobile,Windows,Firefox,VIP,Paid Search,Sports,Premium,Platinum,33,1978.77
U000057,Male,51,45-54,United States,Los Angeles,Desktop,iOS,Firefox,Returning,Email,Books,Premium,Platinum,24,1696.32
U000058,Female,48,45-54,Australia,Melbourne,Mobile,Android,Chrome,At Risk,Direct,Books,Premium,Bronze,90,4412.08
U000059,Male,27,25-34,Canada,Vancouver,Tablet,macOS,Firefox,At Risk,Organic Search,Accessories,Free,Platinum,64,4642.34
U000060,Male,58,55+,Australia,Sydney,Desktop,Android,Safari,Returning,Instagram,Beauty,Free,Bronze,5,185.12
U000061,Female,41,35-44,Singapore,Singapore,Tablet,Windows,Safari,VIP,YouTube,Toys,Premium,Gold,3,124.82
U000062,Female,52,45-54,Canada,Montreal,Desktop,iOS,Edge,At Risk,Direct,Toys,Premium,Gold,15,1139.24
U000063,Male,60,55+,Germany,Frankfurt,Mobile,Windows,Chrome,New,YouTube,Fashion,Premium,Bronze,82,3327.45
U000064,Female,58,55+,Canada,Toronto,Mobile,Android,Safari,At Risk,YouTube,Fashion,Free,Platinum,86,3521.25
U000065,Female,25,25-34,United Kingdom,Birmingham,Mobile,iOS,Edge,At Risk,Facebook,Sports,Premium,Gold,53,3971.8
U000066,Female,44,35-44,Germany,Munich,Mobile,Windows,Chrome,Returning,Instagram,Books,Premium,Silver,1,74.51
U000067,Male,54,45-54,Canada,Vancouver,Tablet,macOS,Chrome,At Risk,YouTube,Home,Premium,Silver,72,5655.02
U000068,Male,43,35-44,United Kingdom,Manchester,Tablet,Windows,Safari,Premium,Direct,Books,Free,Bronze,56,2111.39
U000069,Male,23,18-24,India,Hyderabad,Mobile,Windows,Safari,New,Direct,Accessories,Premium,Silver,2,119.18
U000070,Male,33,25-34,Germany,Munich,Tablet,macOS,Firefox,New,Facebook,Fashion,Free,Bronze,39,1390.76
U000071,Male,58,55+,Australia,Sydney,Mobile,Android,Firefox,Premium,Direct,Fashion,Free,Platinum,15,753.78
U000072,Male,41,35-44,Singapore,Singapore,Desktop,Windows,Safari,New,Email,Toys,Premium,Gold,51,1557.38
U000073,Male,58,55+,Canada,Vancouver,Tablet,Windows,Chrome,Premium,Instagram,Accessories,Free,Silver,24,994.36
U000074,Male,51,45-54,Germany,Hamburg,Tablet,Windows,Edge,Returning,Instagram,Fashion,Free,Bronze,16,569.7
U000075,Male,38,35-44,United States,Chicago,Desktop,iOS,Safari,Returning,Paid Search,Books,Premium,Platinum,11,715.29
U000076,Female,65,55+,Singapore,Singapore,Mobile,iOS,Edge,Returning,Facebook,Toys,Free,Gold,56,2978.98
U000077,Female,28,25-34,Singapore,Singapore,Desktop,iOS,Firefox,At Risk,Paid Search,Toys,Premium,Silver,93,4820.26
U000078,Female,54,45-54,United Kingdom,Liverpool,Mobile,Windows,Firefox,At Risk,YouTube,Sports,Premium,Platinum,81,5675.17
U000079,Male,19,18-24,India,Delhi,Desktop,Android,Chrome,Returning,Instagram,Books,Free,Gold,42,2041.88
U000080,Female,25,25-34,India,Bangalore,Mobile,macOS,Firefox,Returning,Paid Search,Toys,Premium,Silver,89,2278.36
U000081,Male,51,45-54,United States,New York,Tablet,macOS,Safari,Premium,Instagram,Beauty,Free,Bronze,72,2901.07
U000082,Male,49,45-54,Canada,Toronto,Desktop,Android,Firefox,At Risk,YouTube,Beauty,Free,Gold,36,1734.05
U000083,Female,19,18-24,Germany,Berlin,Mobile,Windows,Firefox,New,Paid Search,Accessories,Free,Platinum,60,2438.41
U000084,Female,64,55+,United Kingdom,Liverpool,Mobile,iOS,Safari,At Risk,Organic Search,Toys,Premium,Platinum,41,2724.58
U000085,Male,49,45-54,Singapore,Singapore,Mobile,Android,Chrome,New,Direct,Fashion,Premium,Platinum,48,3675.54
U000086,Female,32,25-34,United States,New York,Tablet,Windows,Chrome,Premium,Organic Search,Fashion,Free,Gold,25,1620.65
U000087,Female,22,18-24,United Kingdom,Liverpool,Desktop,Android,Edge,At Risk,Referral,Fashion,Free,Gold,89,5224.41
U000088,Male,27,25-34,Singapore,Singapore,Tablet,Android,Safari,VIP,Facebook,Books,Premium,Silver,82,4064.98
U000089,Male,23,18-24,United Kingdom,Liverpool,Tablet,Android,Chrome,New,Referral,Electronics,Free,Bronze,92,2718.94
U000090,Male,60,55+,United States,Seattle,Desktop,Android,Firefox,Premium,Referral,Home,Free,Silver,50,1766.77
U000091,Male,32,25-34,United Kingdom,Birmingham,Desktop,Android,Chrome,Premium,YouTube,Home,Premium,Bronze,58,4218.47
U000092,Male,27,25-34,Canada,Toronto,Desktop,Android,Firefox,New,Referral,Accessories,Premium,Gold,96,2981.85
U000093,Male,25,25-34,Australia,Sydney,Desktop,macOS,Firefox,New,Referral,Sports,Premium,Bronze,46,2241.63
U000094,Male,21,18-24,Germany,Frankfurt,Desktop,Android,Safari,Returning,Facebook,Accessories,Premium,Bronze,94,7147.86
U000095,Male,61,55+,India,Kochi,Mobile,Windows,Chrome,At Risk,Facebook,Beauty,Free,Bronze,32,2487.79
U000096,Female,35,35-44,United States,Austin,Desktop,Windows,Edge,Premium,Referral,Beauty,Free,Silver,90,5793.33
U000097,Male,40,35-44,Germany,Hamburg,Mobile,Android,Safari,Premium,Email,Home,Premium,Bronze,91,5259.55
U000098,Male,28,25-34,United States,Los Angeles,Tablet,macOS,Safari,Premium,Organic Search,Home,Premium,Bronze,59,1935.25
U000099,Female,28,25-34,Germany,Berlin,Tablet,Windows,Safari,Returning,Referral,Fashion,Free,Bronze,77,3416.33
U000100,Male,54,45-54,Germany,Hamburg,Mobile,Windows,Chrome,Premium,Instagram,Accessories,Premium,Gold,30,1616.69
U000101,Male,52,45-54,United Kingdom,Birmingham,Desktop,iOS,Firefox,At Risk,Referral,Fashion,Premium,Bronze,33,1486.19
U000102,Female,27,25-34,Canada,Vancouver,Desktop,Windows,Edge,At Risk,YouTube,Books,Free,Bronze,85,6772.36
U000103,Female,30,25-34,Canada,Toronto,Tablet,Android,Firefox,Premium,Instagram,Toys,Premium,Gold,36,2636.75
U000104,Female,37,35-44,United States,New York,Tablet,Windows,Safari,VIP,Instagram,Sports,Free,Bronze,75,4020.32
U000105,Female,49,45-54,Germany,Munich,Tablet,Android,Firefox,VIP,Facebook,Fashion,Premium,Bronze,60,3747.05
U000106,Male,47,45-54,India,Delhi,Mobile,macOS,Firefox,New,YouTube,Books,Free,Bronze,37,2604.83
U000107,Male,34,25-34,United States,Los Angeles,Mobile,iOS,Edge,Returning,YouTube,Fashion,Premium,Silver,37,2523.01
U000108,Female,20,18-24,Canada,Montreal,Desktop,macOS,Chrome,Premium,Facebook,Sports,Free,Platinum,32,2228.61
U000109,Female,61,55+,United Kingdom,Manchester,Mobile,macOS,Edge,Premium,Facebook,Fashion,Premium,Platinum,88,5915.48
U000110,Female,52,45-54,United States,Seattle,Tablet,iOS,Firefox,VIP,Instagram,Toys,Premium,Platinum,56,1695.81
U000111,Female,44,35-44,Canada,Toronto,Mobile,Android,Firefox,Returning,Instagram,Home,Premium,Bronze,72,1904.63
U000112,Female,43,35-44,United States,Seattle,Mobile,Windows,Chrome,Premium,Paid Search,Books,Free,Gold,86,2178.16
U000113,Male,54,45-54,Canada,Montreal,Tablet,Android,Edge,At Risk,Referral,Home,Free,Silver,8,253.43
U000114,Male,37,35-44,Germany,Hamburg,Desktop,Android,Chrome,New,Organic Search,Home,Free,Bronze,93,7384.55
U000115,Female,33,25-34,United States,New York,Desktop,Windows,Chrome,Premium,YouTube,Accessories,Free,Silver,61,1607.72
U000116,Female,52,45-54,United Kingdom,Birmingham,Mobile,Windows,Edge,Returning,Email,Home,Free,Platinum,85,5010.22
U000117,Female,48,45-54,United Kingdom,Liverpool,Desktop,iOS,Safari,VIP,Paid Search,Accessories,Premium,Platinum,86,2623.09
U000118,Female,27,25-34,India,Bangalore,Mobile,iOS,Chrome,At Risk,Referral,Electronics,Premium,Silver,59,1864.81
U000119,Male,47,45-54,Germany,Frankfurt,Desktop,Android,Firefox,At Risk,YouTube,Fashion,Free,Silver,36,918.06
U000120,Male,40,35-44,Germany,Hamburg,Desktop,iOS,Safari,New,Referral,Toys,Premium,Silver,59,3795.77
U000121,Female,54,45-54,Germany,Hamburg,Tablet,macOS,Chrome,New,Organic Search,Home,Free,Bronze,17,1077.41
U000122,Male,60,55+,India,Hyderabad,Tablet,Android,Chrome,Returning,YouTube,Toys,Free,Bronze,87,4454.64
U000123,Male,57,55+,United Kingdom,London,Desktop,iOS,Chrome,Returning,Instagram,Fashion,Premium,Platinum,5,357.87
U000124,Female,26,25-34,Germany,Munich,Tablet,iOS,Edge,Returning,Direct,Toys,Free,Bronze,26,1011.07
U000125,Male,55,55+,India,Kochi,Mobile,Windows,Firefox,VIP,Paid Search,Books,Free,Platinum,86,2605.05
U000126,Female,30,25-34,Singapore,Singapore,Desktop,Android,Chrome,VIP,YouTube,Toys,Free,Bronze,74,5218.23
U000127,Male,26,25-34,Singapore,Singapore,Mobile,iOS,Chrome,Returning,Facebook,Sports,Premium,Gold,13,409.32
U000128,Male,22,18-24,Singapore,Singapore,Tablet,iOS,Safari,At Risk,Organic Search,Fashion,Premium,Gold,37,1077.17
U000129,Male,59,55+,India,Mumbai,Desktop,Windows,Edge,Returning,Instagram,Electronics,Free,Platinum,44,2119.8
U000130,Female,22,18-24,Singapore,Singapore,Tablet,Windows,Safari,Returning,Facebook,Electronics,Free,Bronze,45,3553.11
U000131,Female,49,45-54,Australia,Melbourne,Desktop,Android,Chrome,New,Organic Search,Beauty,Premium,Bronze,84,3718.19
U000132,Male,53,45-54,Canada,Toronto,Desktop,macOS,Edge,New,Referral,Fashion,Premium,Gold,50,3355.62
U000133,Male,30,25-34,United Kingdom,Birmingham,Tablet,Windows,Edge,VIP,Organic Search,Electronics,Free,Bronze,8,304.79
U000134,Male,22,18-24,India,Delhi,Desktop,iOS,Edge,Premium,Direct,Toys,Premium,Bronze,57,1991.16
U000135,Male,60,55+,India,Mumbai,Desktop,iOS,Edge,VIP,Facebook,Books,Premium,Silver,33,2528.14
U000136,Male,51,45-54,United Kingdom,Liverpool,Mobile,iOS,Safari,At Risk,Referral,Sports,Free,Silver,90,4930.02
U000137,Male,26,25-34,Singapore,Singapore,Mobile,iOS,Edge,New,Email,Accessories,Premium,Bronze,40,2632.2
U000138,Female,19,18-24,Canada,Toronto,Desktop,Windows,Chrome,Premium,YouTube,Accessories,Free,Platinum,35,1410.09
U000139,Male,42,35-44,Canada,Toronto,Tablet,macOS,Chrome,Premium,Organic Search,Books,Free,Gold,29,1053.14
U000140,Female,34,25-34,Singapore,Singapore,Desktop,Windows,Chrome,At Risk,YouTube,Sports,Premium,Platinum,97,2570.89
U000141,Female,54,45-54,Germany,Hamburg,Tablet,Android,Edge,New,Facebook,Sports,Free,Silver,21,1634.15
U000142,Female,52,45-54,United Kingdom,Liverpool,Desktop,iOS,Firefox,At Risk,Organic Search,Fashion,Premium,Gold,74,3456.03
U000143,Female,34,25-34,Singapore,Singapore,Mobile,macOS,Chrome,Premium,Referral,Beauty,Premium,Bronze,57,2875.64
U000144,Male,55,55+,India,Bangalore,Desktop,Android,Firefox,Premium,Facebook,Accessories,Free,Silver,79,4371.04
U000145,Male,58,55+,United States,Chicago,Mobile,Windows,Edge,At Risk,Referral,Books,Free,Silver,80,4886.3
U000146,Female,21,18-24,Germany,Hamburg,Tablet,Windows,Edge,Premium,Paid Search,Fashion,Premium,Bronze,33,854.25
U000147,Female,50,45-54,India,Delhi,Tablet,macOS,Chrome,VIP,Facebook,Home,Free,Gold,27,1158.8
U000148,Female,56,55+,Singapore,Singapore,Desktop,iOS,Chrome,Returning,Instagram,Electronics,Premium,Silver,43,3381.11
U000149,Female,55,55+,India,Mumbai,Tablet,iOS,Edge,VIP,Organic Search,Home,Premium,Bronze,78,2857.25
U000150,Female,22,18-24,United States,Austin,Tablet,Windows,Chrome,At Risk,Referral,Accessories,Premium,Gold,65,5192.18
U000151,Female,30,25-34,Singapore,Singapore,Mobile,macOS,Firefox,New,Email,Accessories,Premium,Gold,32,1378.48
U000152,Male,23,18-24,United Kingdom,London,Desktop,macOS,Edge,At Risk,Direct,Beauty,Premium,Silver,47,2863.86
U000153,Male,56,55+,United Kingdom,Liverpool,Desktop,macOS,Edge,At Risk,Referral,Beauty,Free,Platinum,44,1859.5
U000154,Female,18,18-24,United States,New York,Tablet,Windows,Edge,New,YouTube,Electronics,Free,Bronze,54,2132.23
U000155,Female,26,25-34,Australia,Perth,Tablet,Android,Firefox,New,Instagram,Books,Free,Bronze,55,2446.96
U000156,Female,22,18-24,Germany,Hamburg,Tablet,macOS,Firefox,VIP,Direct,Home,Free,Silver,58,4355.05
U000157,Female,18,18-24,Australia,Brisbane,Desktop,macOS,Edge,At Risk,Facebook,Fashion,Free,Gold,87,5282.4
U000158,Female,49,45-54,United Kingdom,London,Desktop,iOS,Safari,Premium,Direct,Home,Free,Silver,73,3903.48
U000159,Female,45,45-54,Australia,Brisbane,Mobile,iOS,Firefox,Returning,Paid Search,Sports,Premium,Platinum,74,5429.91
U000160,Female,46,45-54,United States,Chicago,Tablet,Windows,Edge,Premium,Direct,Fashion,Free,Silver,37,2836.28
U000161,Male,19,18-24,Australia,Sydney,Mobile,macOS,Chrome,Premium,Email,Sports,Premium,Platinum,70,3820.98
U000162,Male,51,45-54,United States,Seattle,Desktop,macOS,Safari,Premium,Paid Search,Home,Premium,Bronze,38,2868.61
U000163,Male,40,35-44,Singapore,Singapore,Desktop,Android,Firefox,Premium,Referral,Fashion,Premium,Bronze,96,6588.73
U000164,Male,45,45-54,India,Kochi,Tablet,Windows,Edge,Returning,YouTube,Beauty,Free,Gold,67,2845.09
U000165,Female,48,45-54,United States,Seattle,Mobile,Android,Chrome,At Risk,Email,Electronics,Premium,Bronze,24,1568.3
U000166,Female,49,45-54,Australia,Melbourne,Tablet,iOS,Safari,At Risk,Email,Books,Premium,Silver,91,3166.47
U000167,Female,37,35-44,Singapore,Singapore,Tablet,macOS,Firefox,At Risk,Referral,Sports,Free,Silver,38,2346.07
U000168,Female,25,25-34,Singapore,Singapore,Mobile,macOS,Chrome,Returning,Referral,Books,Free,Gold,54,4229.01
U000169,Female,62,55+,Canada,Vancouver,Tablet,macOS,Edge,New,Facebook,Sports,Free,Platinum,100,7351.94
U000170,Female,21,18-24,Australia,Brisbane,Desktop,macOS,Safari,VIP,Facebook,Electronics,Premium,Platinum,34,2112.23
U000171,Female,64,55+,United States,Los Angeles,Desktop,macOS,Edge,At Risk,Direct,Beauty,Free,Gold,82,5741.55
U000172,Female,26,25-34,Australia,Sydney,Mobile,iOS,Firefox,At Risk,Paid Search,Electronics,Free,Gold,93,2433.02
U000173,Male,52,45-54,United States,Chicago,Desktop,Android,Firefox,Premium,YouTube,Beauty,Free,Bronze,69,3226.02
U000174,Male,20,18-24,Singapore,Singapore,Tablet,macOS,Safari,New,Direct,Sports,Premium,Bronze,97,7441.79
U000175,Male,32,25-34,Germany,Munich,Desktop,macOS,Edge,Premium,Paid Search,Fashion,Free,Platinum,5,199.93
U000176,Male,19,18-24,India,Kochi,Mobile,macOS,Edge,At Risk,Facebook,Books,Premium,Bronze,70,4078.76
U000177,Female,37,35-44,United Kingdom,Birmingham,Desktop,iOS,Safari,New,Email,Toys,Premium,Platinum,26,792.54
U000178,Female,36,35-44,Germany,Munich,Tablet,macOS,Firefox,At Risk,Paid Search,Accessories,Free,Bronze,49,1271.39
U000179,Male,43,35-44,Singapore,Singapore,Tablet,iOS,Firefox,Returning,Paid Search,Fashion,Free,Silver,58,2629.73
U000180,Female,49,45-54,Australia,Melbourne,Tablet,Android,Chrome,VIP,Facebook,Toys,Premium,Gold,11,360.5
U000181,Female,27,25-34,India,Bangalore,Mobile,iOS,Edge,At Risk,Referral,Accessories,Premium,Silver,89,4992.2
U000182,Male,38,35-44,Canada,Calgary,Mobile,macOS,Chrome,VIP,Direct,Electronics,Free,Bronze,66,3663.95
U000183,Female,28,25-34,United States,Seattle,Desktop,Android,Safari,Returning,YouTube,Toys,Free,Gold,15,407.23
U000184,Female,25,25-34,Canada,Montreal,Tablet,iOS,Firefox,At Risk,Direct,Home,Premium,Silver,93,7040.88
U000185,Female,57,55+,Germany,Hamburg,Desktop,Android,Firefox,Returning,Direct,Accessories,Free,Gold,67,3902.65
U000186,Male,44,35-44,United States,Chicago,Desktop,Android,Edge,New,Referral,Books,Free,Bronze,61,1749.95
U000187,Male,57,55+,Canada,Vancouver,Desktop,Windows,Edge,Premium,Facebook,Toys,Premium,Gold,9,398.47
U000188,Male,57,55+,Singapore,Singapore,Mobile,Android,Chrome,Returning,Facebook,Home,Premium,Bronze,33,1843.42
U000189,Female,26,25-34,Singapore,Singapore,Tablet,macOS,Edge,Returning,Organic Search,Beauty,Free,Bronze,43,2436.43
U000190,Male,57,55+,United States,Chicago,Desktop,Windows,Chrome,Returning,Referral,Toys,Premium,Gold,22,1125.31
U000191,Female,37,35-44,Australia,Sydney,Desktop,macOS,Firefox,Premium,Instagram,Fashion,Free,Silver,31,1730.05
U000192,Female,58,55+,Singapore,Singapore,Tablet,macOS,Safari,Premium,Paid Search,Toys,Premium,Silver,92,3022.99
U000193,Female,19,18-24,Singapore,Singapore,Tablet,macOS,Edge,At Risk,Email,Toys,Premium,Silver,60,4043.46
U000194,Male,65,55+,India,Delhi,Mobile,iOS,Firefox,New,Instagram,Sports,Free,Gold,57,2556.71
U000195,Male,20,18-24,Germany,Hamburg,Tablet,iOS,Firefox,New,Organic Search,Accessories,Premium,Platinum,83,4260.42
U000196,Male,29,25-34,Canada,Toronto,Tablet,Android,Edge,New,YouTube,Fashion,Free,Platinum,5,226.62
U000197,Female,58,55+,Germany,Berlin,Mobile,Windows,Firefox,Premium,Direct,Books,Free,Platinum,41,1244.81
U000198,Male,44,35-44,Singapore,Singapore,Tablet,iOS,Chrome,Returning,Referral,Electronics,Premium,Silver,9,320.51
U000199,Male,62,55+,Australia,Perth,Desktop,iOS,Firefox,New,Instagram,Accessories,Free,Platinum,23,1378.65
U000200,Male,23,18-24,India,Mumbai,Desktop,Windows,Edge,New,Email,Books,Premium,Bronze,24,1563.01
U000201,Male,64,55+,United States,Los Angeles,Tablet,Android,Firefox,New,YouTube,Sports,Free,Gold,88,5308.82
U000202,Male,26,25-34,Australia,Brisbane,Desktop,Android,Edge,Premium,Facebook,Accessories,Premium,Bronze,53,1983.67
U000203,Female,49,45-54,United Kingdom,Liverpool,Tablet,Android,Chrome,At Risk,YouTube,Home,Free,Platinum,45,3036.62
U000204,Female,40,35-44,Germany,Hamburg,Mobile,Android,Firefox,Returning,Referral,Sports,Free,Bronze,27,1183.14
U000205,Female,51,45-54,Germany,Munich,Desktop,macOS,Chrome,Premium,Paid Search,Books,Free,Silver,61,1994.08
U000206,Male,44,35-44,Canada,Montreal,Mobile,iOS,Firefox,Returning,Referral,Home,Free,Platinum,44,2667.87
U000207,Male,57,55+,Canada,Calgary,Desktop,iOS,Firefox,VIP,YouTube,Sports,Free,Silver,94,4414.55
U000208,Female,50,45-54,India,Hyderabad,Tablet,Windows,Edge,At Risk,Direct,Sports,Free,Silver,55,3716.57
U000209,Female,26,25-34,Germany,Hamburg,Mobile,iOS,Safari,VIP,Direct,Accessories,Free,Silver,7,548.58
U000210,Male,30,25-34,United States,Los Angeles,Mobile,macOS,Chrome,Returning,Direct,Books,Free,Platinum,40,1176.83
U000211,Female,28,25-34,United Kingdom,London,Tablet,Android,Safari,VIP,Referral,Beauty,Free,Platinum,61,3369.68
U000212,Female,26,25-34,United Kingdom,Manchester,Tablet,macOS,Safari,At Risk,Paid Search,Books,Premium,Bronze,52,3511.52
U000213,Female,32,25-34,Australia,Melbourne,Desktop,Windows,Safari,New,Email,Home,Premium,Silver,99,3755.43
U000214,Female,20,18-24,United States,Los Angeles,Tablet,Android,Safari,Returning,Facebook,Sports,Premium,Platinum,56,1685.98
U000215,Male,20,18-24,United Kingdom,Birmingham,Desktop,Windows,Firefox,New,YouTube,Electronics,Free,Gold,23,781.88
U000216,Female,26,25-34,Australia,Perth,Tablet,macOS,Safari,New,Facebook,Toys,Premium,Bronze,88,4400.71
U000217,Female,56,55+,Singapore,Singapore,Tablet,iOS,Firefox,New,Direct,Toys,Premium,Bronze,65,2957.85
U000218,Male,27,25-34,India,Bangalore,Tablet,macOS,Safari,New,Referral,Sports,Free,Bronze,91,5228.72
U000219,Female,49,45-54,Canada,Montreal,Desktop,macOS,Firefox,Premium,Organic Search,Sports,Free,Gold,7,517.33
U000220,Male,40,35-44,Canada,Toronto,Tablet,Windows,Firefox,New,YouTube,Beauty,Free,Bronze,58,2485.58
U000221,Female,52,45-54,India,Delhi,Desktop,iOS,Firefox,VIP,Email,Accessories,Free,Bronze,94,3097.81
U000222,Male,38,35-44,United Kingdom,London,Desktop,Windows,Firefox,Premium,YouTube,Toys,Free,Silver,19,1111.77
U000223,Male,65,55+,United Kingdom,London,Tablet,iOS,Firefox,At Risk,Email,Electronics,Premium,Platinum,56,4372.69
U000224,Male,31,25-34,Singapore,Singapore,Desktop,Windows,Safari,Returning,Facebook,Sports,Free,Platinum,36,2378.8
U000225,Female,31,25-34,India,Hyderabad,Desktop,iOS,Chrome,Returning,Email,Electronics,Premium,Silver,85,2731.66
U000226,Female,22,18-24,Australia,Brisbane,Tablet,macOS,Firefox,At Risk,YouTube,Accessories,Free,Gold,94,6031.21
U000227,Female,39,35-44,United Kingdom,Liverpool,Mobile,Android,Safari,Premium,YouTube,Electronics,Free,Platinum,57,1900.83
U000228,Female,53,45-54,United Kingdom,London,Desktop,iOS,Firefox,VIP,Referral,Electronics,Free,Silver,27,1785.8
U000229,Male,57,55+,United Kingdom,Birmingham,Desktop,macOS,Edge,VIP,Direct,Toys,Free,Bronze,54,4307.6
U000230,Male,43,35-44,United States,Chicago,Mobile,macOS,Safari,Premium,Email,Toys,Premium,Gold,15,845.86
U000231,Female,41,35-44,Germany,Berlin,Tablet,macOS,Edge,VIP,Referral,Accessories,Premium,Platinum,86,6334.9
U000232,Female,28,25-34,Singapore,Singapore,Desktop,Android,Chrome,VIP,YouTube,Toys,Premium,Silver,52,2124.85
U000233,Male,58,55+,India,Chennai,Tablet,macOS,Chrome,Premium,Email,Home,Premium,Bronze,29,946.02
U000234,Female,41,35-44,India,Kochi,Tablet,Android,Edge,VIP,Instagram,Beauty,Free,Platinum,77,5666.68
U000235,Male,63,55+,United States,Los Angeles,Mobile,macOS,Safari,Returning,Referral,Beauty,Free,Platinum,17,698.94
U000236,Male,50,45-54,Germany,Berlin,Mobile,macOS,Chrome,New,Organic Search,Toys,Premium,Platinum,78,5544.49
U000237,Male,22,18-24,Singapore,Singapore,Tablet,Windows,Safari,VIP,Organic Search,Sports,Premium,Bronze,34,2501.88
U000238,Male,41,35-44,Canada,Calgary,Mobile,iOS,Chrome,Returning,Instagram,Toys,Premium,Silver,55,3756.96
U000239,Female,33,25-34,Singapore,Singapore,Tablet,Windows,Safari,VIP,Email,Sports,Premium,Gold,27,1067.79
U000240,Female,62,55+,Canada,Montreal,Tablet,Windows,Edge,Returning,Facebook,Electronics,Free,Gold,58,3681.6
U000241,Male,54,45-54,United Kingdom,Liverpool,Tablet,iOS,Safari,VIP,Facebook,Home,Free,Silver,40,3078.54
U000242,Male,56,55+,United Kingdom,Birmingham,Mobile,iOS,Edge,At Risk,Organic Search,Sports,Premium,Platinum,33,1980.72
U000243,Female,48,45-54,Australia,Melbourne,Tablet,iOS,Safari,VIP,Direct,Accessories,Free,Platinum,45,2718.53
U000244,Female,42,35-44,India,Kochi,Mobile,Android,Edge,Premium,Paid Search,Beauty,Premium,Platinum,9,394.47
U000245,Male,47,45-54,Australia,Sydney,Tablet,Android,Firefox,New,YouTube,Fashion,Premium,Bronze,96,6865.54
U000246,Male,35,35-44,Australia,Sydney,Mobile,iOS,Edge,Returning,Email,Accessories,Free,Bronze,8,396.52
U000247,Male,56,55+,United Kingdom,Liverpool,Mobile,iOS,Chrome,Returning,Email,Beauty,Premium,Platinum,12,790.45
U000248,Male,24,18-24,Australia,Sydney,Mobile,macOS,Chrome,VIP,Paid Search,Accessories,Free,Bronze,41,2806.49
U000249,Male,52,45-54,Australia,Melbourne,Tablet,macOS,Chrome,VIP,Email,Accessories,Free,Gold,77,3988.42
U000250,Female,44,35-44,Australia,Brisbane,Tablet,macOS,Firefox,Premium,Facebook,Beauty,Premium,Gold,64,3821.57
U000251,Male,61,55+,Australia,Brisbane,Desktop,Windows,Firefox,At Risk,Referral,Accessories,Free,Silver,81,3985.4
U000252,Female,22,18-24,Singapore,Singapore,Desktop,Android,Edge,New,Email,Beauty,Premium,Gold,87,3632.71
U000253,Male,38,35-44,Singapore,Singapore,Tablet,Android,Firefox,Returning,Email,Toys,Free,Silver,14,877.25
U000254,Female,57,55+,Germany,Munich,Tablet,macOS,Firefox,Returning,Facebook,Accessories,Premium,Gold,42,3259.99
U000255,Female,27,25-34,United Kingdom,Liverpool,Desktop,iOS,Safari,At Risk,YouTube,Toys,Free,Platinum,94,4179.84
U000256,Female,21,18-24,Canada,Montreal,Desktop,Windows,Edge,Returning,Facebook,Sports,Premium,Bronze,83,5751.52
U000257,Male,38,35-44,Canada,Calgary,Mobile,macOS,Firefox,New,Paid Search,Beauty,Free,Gold,42,2339.14
U000258,Female,64,55+,Canada,Calgary,Tablet,macOS,Edge,Premium,YouTube,Electronics,Free,Bronze,6,407.81
U000259,Female,58,55+,United Kingdom,Liverpool,Mobile,macOS,Edge,New,Instagram,Toys,Free,Silver,69,3127.06
U000260,Male,55,55+,United Kingdom,Manchester,Desktop,iOS,Firefox,New,Direct,Fashion,Premium,Gold,72,2148.5
U000261,Male,46,45-54,Germany,Munich,Desktop,iOS,Firefox,Returning,Facebook,Sports,Free,Silver,24,1024.07
U000262,Female,25,25-34,Germany,Frankfurt,Mobile,Windows,Firefox,New,YouTube,Electronics,Premium,Platinum,55,2573.83
U000263,Male,36,35-44,Australia,Brisbane,Tablet,Windows,Chrome,At Risk,Direct,Fashion,Premium,Silver,82,2352.66
U000264,Male,22,18-24,Singapore,Singapore,Tablet,iOS,Chrome,Returning,Instagram,Accessories,Premium,Bronze,36,1822.12
U000265,Female,43,35-44,Australia,Brisbane,Mobile,Windows,Edge,Premium,YouTube,Home,Premium,Silver,1,59.3
U000266,Male,55,55+,Germany,Hamburg,Tablet,iOS,Edge,Returning,Direct,Beauty,Premium,Silver,69,3462.17
U000267,Male,24,18-24,India,Chennai,Mobile,iOS,Chrome,Premium,Instagram,Beauty,Free,Silver,78,6001.88
U000268,Male,37,35-44,United States,Seattle,Desktop,Windows,Edge,VIP,Paid Search,Toys,Free,Platinum,35,1323.48
U000269,Female,65,55+,Singapore,Singapore,Desktop,Android,Edge,VIP,Paid Search,Fashion,Free,Bronze,49,1357.63
U000270,Female,28,25-34,Singapore,Singapore,Tablet,iOS,Safari,Returning,Email,Fashion,Premium,Platinum,16,1227.81
U000271,Female,34,25-34,Australia,Sydney,Desktop,macOS,Chrome,Premium,Instagram,Sports,Free,Platinum,59,1527.39
U000272,Female,59,55+,United Kingdom,Manchester,Desktop,Windows,Firefox,Premium,Organic Search,Home,Free,Silver,90,2668.03
U000273,Female,54,45-54,India,Delhi,Mobile,Windows,Edge,Premium,Instagram,Toys,Free,Platinum,67,2248.97
U000274,Male,29,25-34,United States,Austin,Desktop,Windows,Edge,New,Referral,Beauty,Premium,Platinum,20,1316.16
U000275,Male,58,55+,United Kingdom,Liverpool,Desktop,Windows,Safari,New,Direct,Toys,Free,Platinum,80,3412.72
U000276,Female,56,55+,Germany,Munich,Mobile,Windows,Safari,New,Paid Search,Accessories,Premium,Platinum,21,640.63
U000277,Male,52,45-54,Canada,Vancouver,Desktop,macOS,Safari,Premium,Direct,Books,Premium,Bronze,78,5422.43
U000278,Male,48,45-54,Canada,Vancouver,Mobile,Android,Chrome,New,YouTube,Sports,Free,Silver,17,630.06
U000279,Female,32,25-34,United Kingdom,Manchester,Tablet,macOS,Firefox,Returning,Instagram,Toys,Premium,Silver,94,5758.94
U000280,Female,55,55+,Germany,Berlin,Tablet,Windows,Edge,Returning,Organic Search,Home,Free,Silver,96,7183.76
U000281,Female,28,25-34,Canada,Montreal,Desktop,Android,Safari,VIP,Email,Accessories,Premium,Platinum,2,112.93
U000282,Female,25,25-34,Germany,Hamburg,Desktop,Android,Firefox,Premium,Referral,Accessories,Free,Gold,84,5650.52
U000283,Male,51,45-54,United Kingdom,London,Tablet,Android,Chrome,Returning,Referral,Fashion,Free,Gold,47,2277.54
U000284,Male,26,25-34,Singapore,Singapore,Tablet,Android,Safari,At Risk,Email,Home,Free,Bronze,40,1995.64
U000285,Male,30,25-34,Germany,Hamburg,Tablet,Windows,Firefox,At Risk,Email,Home,Premium,Silver,68,3947.5
U000286,Male,24,18-24,Germany,Munich,Tablet,Android,Safari,Returning,Facebook,Electronics,Premium,Gold,82,4910.75
U000287,Male,42,35-44,Australia,Perth,Tablet,iOS,Chrome,New,Facebook,Sports,Free,Bronze,61,3095.15
U000288,Male,21,18-24,Singapore,Singapore,Mobile,macOS,Edge,VIP,YouTube,Beauty,Free,Gold,18,592.35
U000289,Male,22,18-24,United States,Los Angeles,Tablet,Android,Edge,VIP,Direct,Sports,Premium,Bronze,18,1333.71
U000290,Female,58,55+,India,Chennai,Mobile,macOS,Firefox,New,Referral,Home,Free,Gold,40,2153.33
U000291,Female,35,35-44,India,Hyderabad,Desktop,Android,Safari,Premium,Email,Fashion,Free,Gold,33,1029.8
U000292,Female,33,25-34,Singapore,Singapore,Mobile,Windows,Firefox,Premium,Facebook,Books,Premium,Gold,90,7018.06
U000293,Female,40,35-44,India,Mumbai,Mobile,macOS,Edge,At Risk,YouTube,Sports,Free,Platinum,13,834.86
U000294,Female,53,45-54,Australia,Perth,Mobile,Windows,Chrome,At Risk,Paid Search,Fashion,Free,Gold,78,4176.37
U000295,Male,55,55+,Germany,Frankfurt,Desktop,macOS,Safari,At Risk,Organic Search,Toys,Premium,Bronze,51,3289.8
U000296,Female,31,25-34,Australia,Melbourne,Mobile,iOS,Safari,New,Referral,Sports,Premium,Gold,4,238.71
U000297,Female,40,35-44,United States,Los Angeles,Desktop,iOS,Edge,Returning,Instagram,Toys,Premium,Silver,58,3950.03
U000298,Male,49,45-54,Singapore,Singapore,Desktop,iOS,Chrome,New,YouTube,Books,Premium,Silver,43,1907.02
U000299,Female,42,35-44,United States,Los Angeles,Desktop,iOS,Edge,Returning,Instagram,Electronics,Free,Silver,91,4704.63
U000300,Male,55,55+,United Kingdom,Liverpool,Desktop,Windows,Edge,New,Paid Search,Toys,Premium,Silver,97,5412.18
U000301,Female,63,55+,United Kingdom,Liverpool,Mobile,iOS,Chrome,Premium,Email,Accessories,Free,Silver,51,1648.16
U000302,Male,53,45-54,United States,Los Angeles,Mobile,Android,Safari,Returning,Direct,Electronics,Premium,Silver,4,208.79
U000303,Male,19,18-24,Singapore,Singapore,Desktop,Android,Safari,At Risk,YouTube,Sports,Premium,Gold,57,2724.54
U000304,Female,45,45-54,United Kingdom,Liverpool,Mobile,Android,Firefox,Returning,Direct,Fashion,Premium,Gold,31,1320.86
U000305,Male,24,18-24,Singapore,Singapore,Desktop,iOS,Chrome,VIP,Referral,Accessories,Premium,Bronze,93,4106.77
U000306,Male,28,25-34,India,Chennai,Desktop,macOS,Edge,New,Instagram,Fashion,Premium,Gold,58,3233.2
U000307,Male,64,55+,India,Kochi,Desktop,Android,Safari,Premium,Facebook,Books,Free,Platinum,77,4003.58
U000308,Male,27,25-34,Singapore,Singapore,Tablet,iOS,Chrome,New,Paid Search,Toys,Free,Silver,1,78.4
U000309,Female,33,25-34,Australia,Melbourne,Tablet,Windows,Firefox,New,Paid Search,Toys,Premium,Platinum,24,638.92
U000310,Male,42,35-44,Germany,Frankfurt,Mobile,iOS,Firefox,Returning,YouTube,Sports,Premium,Bronze,18,1288.79
U000311,Male,29,25-34,United Kingdom,Birmingham,Desktop,macOS,Chrome,At Risk,Facebook,Electronics,Free,Bronze,26,974.1
U000312,Male,61,55+,United Kingdom,London,Mobile,iOS,Safari,Premium,Organic Search,Books,Free,Silver,22,552.09
U000313,Female,30,25-34,Germany,Frankfurt,Mobile,Android,Firefox,At Risk,Direct,Accessories,Free,Silver,24,1306.48
U000314,Male,46,45-54,India,Chennai,Desktop,iOS,Chrome,Premium,Direct,Home,Free,Platinum,5,382.21
U000315,Female,30,25-34,Australia,Melbourne,Tablet,macOS,Safari,New,Paid Search,Books,Free,Gold,79,5972.4
U000316,Male,27,25-34,United States,Seattle,Desktop,Windows,Safari,At Risk,Paid Search,Fashion,Premium,Platinum,25,1716.82
U000317,Female,52,45-54,Germany,Munich,Mobile,iOS,Safari,VIP,YouTube,Toys,Free,Platinum,37,1576.84
U000318,Female,19,18-24,Canada,Toronto,Desktop,macOS,Firefox,New,Organic Search,Beauty,Free,Gold,42,2346.49
U000319,Male,55,55+,Germany,Munich,Tablet,Windows,Chrome,Premium,YouTube,Beauty,Premium,Bronze,83,3506.83
U000320,Male,61,55+,Singapore,Singapore,Tablet,iOS,Chrome,Returning,Paid Search,Accessories,Free,Silver,95,5031.26
U000321,Male,63,55+,United Kingdom,London,Tablet,Windows,Chrome,VIP,Email,Fashion,Premium,Bronze,92,3330.26
U000322,Male,33,25-34,Germany,Hamburg,Desktop,macOS,Chrome,Returning,Direct,Beauty,Premium,Platinum,23,1823.66
U000323,Female,61,55+,Australia,Brisbane,Desktop,Windows,Safari,VIP,YouTube,Sports,Free,Platinum,27,2071.31
U000324,Male,34,25-34,Australia,Sydney,Tablet,macOS,Edge,Returning,Paid Search,Fashion,Free,Silver,81,5110.19
U000325,Female,49,45-54,India,Delhi,Tablet,macOS,Firefox,At Risk,Facebook,Sports,Premium,Bronze,69,2967.4
U000326,Female,25,25-34,Canada,Vancouver,Mobile,Android,Chrome,VIP,Referral,Fashion,Free,Silver,12,666.13
U000327,Male,20,18-24,Singapore,Singapore,Mobile,macOS,Firefox,VIP,Direct,Accessories,Free,Silver,24,710.36
U000328,Male,31,25-34,Germany,Hamburg,Desktop,iOS,Edge,Premium,Referral,Beauty,Free,Platinum,6,337.7
U000329,Male,42,35-44,United States,Los Angeles,Tablet,Android,Firefox,VIP,Organic Search,Accessories,Free,Silver,65,1852.55
U000330,Female,56,55+,Australia,Brisbane,Mobile,Windows,Chrome,VIP,Organic Search,Home,Premium,Gold,72,2437.95
U000331,Female,20,18-24,United States,New York,Mobile,Windows,Safari,At Risk,Paid Search,Beauty,Free,Bronze,88,3330.92
U000332,Female,19,18-24,Germany,Frankfurt,Tablet,macOS,Safari,Returning,Referral,Sports,Premium,Platinum,74,4474.3
U000333,Male,48,45-54,United States,Seattle,Mobile,iOS,Edge,VIP,Facebook,Home,Premium,Bronze,69,5062.49
U000334,Female,45,45-54,Singapore,Singapore,Tablet,Android,Safari,Returning,Instagram,Beauty,Premium,Platinum,19,519.47
U000335,Female,44,35-44,Canada,Calgary,Desktop,iOS,Firefox,VIP,Direct,Beauty,Free,Silver,57,4410.69
U000336,Female,63,55+,United States,Austin,Desktop,macOS,Firefox,Premium,Email,Toys,Free,Platinum,25,1928.51
U000337,Female,24,18-24,Australia,Perth,Mobile,Android,Edge,Premium,Direct,Toys,Premium,Silver,39,2915.53
U000338,Male,46,45-54,India,Kochi,Desktop,Android,Safari,At Risk,Email,Home,Premium,Gold,27,1248.17
U000339,Female,47,45-54,United States,Chicago,Tablet,Windows,Chrome,New,Paid Search,Electronics,Free,Bronze,98,7469.45
U000340,Female,39,35-44,Singapore,Singapore,Mobile,Android,Edge,Premium,Paid Search,Books,Premium,Platinum,41,3125.67
U000341,Male,48,45-54,United Kingdom,Manchester,Mobile,Android,Safari,New,YouTube,Home,Premium,Gold,38,1583.77
U000342,Male,62,55+,Singapore,Singapore,Desktop,Windows,Chrome,Returning,YouTube,Accessories,Premium,Platinum,15,922.69
U000343,Female,28,25-34,Singapore,Singapore,Desktop,Android,Safari,New,Referral,Books,Premium,Bronze,76,4776.35
U000344,Female,41,35-44,India,Delhi,Mobile,Windows,Edge,Premium,Facebook,Fashion,Premium,Platinum,18,1067.79
U000345,Female,19,18-24,Australia,Perth,Mobile,iOS,Chrome,VIP,Instagram,Home,Free,Silver,22,991.91
U000346,Female,62,55+,United Kingdom,Liverpool,Mobile,iOS,Safari,New,Instagram,Electronics,Free,Bronze,58,4627.73
U000347,Female,65,55+,Australia,Sydney,Desktop,macOS,Chrome,Premium,YouTube,Books,Premium,Platinum,39,1791.54
U000348,Female,44,35-44,Germany,Hamburg,Tablet,Android,Safari,Premium,Facebook,Fashion,Premium,Bronze,17,1306.62
U000349,Male,60,55+,United Kingdom,London,Mobile,Windows,Edge,Premium,Paid Search,Home,Free,Bronze,3,208.77
U000350,Female,22,18-24,India,Kochi,Tablet,Windows,Edge,At Risk,Referral,Books,Free,Bronze,2,131.02
U000351,Male,21,18-24,Germany,Munich,Mobile,Windows,Chrome,New,YouTube,Beauty,Free,Bronze,26,1962.74
U000352,Male,63,55+,India,Hyderabad,Desktop,Android,Safari,At Risk,Direct,Accessories,Premium,Bronze,42,2494.79
U000353,Male,46,45-54,United States,Austin,Desktop,Android,Edge,New,Paid Search,Beauty,Free,Gold,1,29.38
U000354,Female,32,25-34,United States,Seattle,Tablet,macOS,Firefox,Returning,YouTube,Sports,Premium,Silver,82,5820.54
U000355,Male,51,45-54,India,Kochi,Mobile,Windows,Chrome,VIP,Instagram,Electronics,Premium,Bronze,88,3418.07
U000356,Male,61,55+,Singapore,Singapore,Desktop,iOS,Chrome,At Risk,Facebook,Books,Premium,Gold,2,157.49
U000357,Female,65,55+,Singapore,Singapore,Desktop,Android,Edge,At Risk,Direct,Electronics,Premium,Platinum,48,2519.19
U000358,Female,47,45-54,Canada,Montreal,Desktop,Android,Edge,VIP,YouTube,Electronics,Free,Gold,52,2625.96
U000359,Female,42,35-44,Singapore,Singapore,Tablet,Android,Edge,At Risk,Direct,Beauty,Free,Bronze,52,2345.93
U000360,Male,43,35-44,Canada,Vancouver,Desktop,macOS,Edge,Premium,Facebook,Beauty,Free,Platinum,35,1524.33
U000361,Male,56,55+,Germany,Frankfurt,Desktop,Windows,Firefox,New,Paid Search,Books,Premium,Gold,56,2740.13
U000362,Female,27,25-34,United States,Austin,Desktop,Windows,Firefox,Returning,Instagram,Sports,Premium,Bronze,64,4428.75
U000363,Female,56,55+,United States,Austin,Tablet,Android,Firefox,At Risk,Referral,Fashion,Free,Platinum,37,1619.13
U000364,Male,41,35-44,Canada,Vancouver,Desktop,macOS,Firefox,At Risk,Instagram,Books,Free,Silver,27,2077.7
U000365,Male,38,35-44,Singapore,Singapore,Mobile,macOS,Safari,New,Instagram,Fashion,Premium,Silver,91,5242.14
U000366,Female,57,55+,United Kingdom,London,Mobile,macOS,Safari,Returning,Facebook,Home,Premium,Bronze,68,3536.12
U000367,Female,48,45-54,United States,Chicago,Tablet,macOS,Edge,Premium,Instagram,Accessories,Premium,Silver,82,2063.77
U000368,Male,59,55+,United States,Austin,Tablet,Android,Firefox,Returning,YouTube,Toys,Free,Gold,78,2466.35
U000369,Female,34,25-34,United States,Chicago,Mobile,iOS,Safari,Returning,Referral,Toys,Free,Platinum,38,1002.84
U000370,Female,38,35-44,India,Bangalore,Desktop,Android,Edge,Premium,Organic Search,Fashion,Free,Gold,59,2370.46
U000371,Female,53,45-54,Canada,Montreal,Tablet,Windows,Safari,Premium,YouTube,Home,Premium,Bronze,19,804.46
U000372,Male,59,55+,United Kingdom,Liverpool,Tablet,Windows,Edge,VIP,Paid Search,Fashion,Free,Silver,73,4862.31
U000373,Female,24,18-24,Australia,Melbourne,Desktop,iOS,Chrome,VIP,Instagram,Fashion,Premium,Platinum,92,3489.17
U000374,Female,52,45-54,India,Chennai,Tablet,Android,Chrome,Returning,Referral,Home,Free,Gold,54,3256.2
U000375,Male,32,25-34,United States,New York,Mobile,Android,Safari,New,Organic Search,Beauty,Free,Silver,83,5195.28
U000376,Female,26,25-34,Australia,Brisbane,Mobile,iOS,Safari,New,YouTube,Fashion,Free,Silver,42,1945.18
U000377,Male,55,55+,India,Delhi,Desktop,Windows,Firefox,At Risk,Direct,Toys,Free,Silver,30,1711.52
U000378,Female,52,45-54,India,Kochi,Tablet,iOS,Safari,Returning,Email,Sports,Premium,Silver,96,5688.34
U000379,Female,38,35-44,United Kingdom,Birmingham,Mobile,macOS,Safari,Returning,Direct,Fashion,Free,Platinum,16,972.41
U000380,Female,24,18-24,Germany,Munich,Tablet,Android,Firefox,Premium,Referral,Electronics,Free,Gold,26,1736.46
U000381,Male,31,25-34,Australia,Sydney,Desktop,Android,Safari,VIP,Instagram,Accessories,Premium,Silver,40,1027.19
U000382,Male,49,45-54,Canada,Montreal,Mobile,Windows,Chrome,New,Organic Search,Electronics,Premium,Bronze,86,6205.31
U000383,Male,37,35-44,Canada,Calgary,Mobile,Windows,Firefox,Returning,Email,Toys,Premium,Bronze,94,5287.13
U000384,Male,35,35-44,Canada,Toronto,Desktop,Android,Firefox,VIP,Email,Fashion,Free,Platinum,39,2627.6
U000385,Female,29,25-34,India,Mumbai,Tablet,iOS,Firefox,New,Referral,Fashion,Free,Silver,12,778.37
U000386,Female,22,18-24,Canada,Calgary,Desktop,macOS,Edge,New,Organic Search,Fashion,Premium,Gold,4,108.18
U000387,Female,64,55+,Canada,Vancouver,Mobile,Android,Safari,New,Organic Search,Toys,Premium,Silver,35,921.99
U000388,Female,63,55+,Singapore,Singapore,Desktop,macOS,Edge,Premium,Instagram,Home,Premium,Gold,37,1665.81
U000389,Female,44,35-44,United States,Austin,Desktop,Android,Safari,At Risk,YouTube,Books,Premium,Bronze,52,2364.23
U000390,Female,56,55+,United Kingdom,Manchester,Desktop,Android,Chrome,Premium,Direct,Books,Free,Silver,43,3261.96
U000391,Male,31,25-34,Singapore,Singapore,Tablet,Windows,Chrome,At Risk,Organic Search,Sports,Free,Silver,11,773.18
U000392,Female,61,55+,Germany,Hamburg,Tablet,macOS,Safari,Returning,Instagram,Toys,Free,Silver,63,1980.13
U000393,Male,58,55+,Germany,Frankfurt,Tablet,Windows,Chrome,VIP,Direct,Fashion,Premium,Silver,20,1417.78
U000394,Male,43,35-44,United Kingdom,Manchester,Mobile,Windows,Chrome,Premium,Paid Search,Beauty,Free,Bronze,70,4207.26
U000395,Female,22,18-24,United Kingdom,Birmingham,Tablet,macOS,Chrome,At Risk,Facebook,Books,Premium,Gold,16,771.29
U000396,Female,31,25-34,United Kingdom,Birmingham,Tablet,Windows,Safari,New,Referral,Books,Premium,Bronze,80,4594.64
U000397,Male,34,25-34,Germany,Frankfurt,Desktop,iOS,Safari,New,YouTube,Electronics,Premium,Bronze,50,3320.52
U000398,Male,48,45-54,United Kingdom,London,Desktop,macOS,Firefox,Returning,Referral,Electronics,Premium,Gold,11,423.46
U000399,Male,53,45-54,Singapore,Singapore,Mobile,Android,Chrome,At Risk,Referral,Fashion,Free,Platinum,28,1645.12
U000400,Male,35,35-44,Germany,Frankfurt,Desktop,Windows,Safari,Returning,Referral,Sports,Free,Bronze,69,4205.8
U000401,Male,36,35-44,Australia,Brisbane,Mobile,Android,Safari,VIP,Email,Electronics,Premium,Silver,55,1706.77
U000402,Female,42,35-44,India,Bangalore,Mobile,macOS,Chrome,New,Direct,Home,Free,Bronze,24,894.92
U000403,Female,46,45-54,Canada,Montreal,Tablet,Windows,Safari,VIP,Organic Search,Sports,Premium,Platinum,90,4378.37
U000404,Female,22,18-24,India,Mumbai,Desktop,macOS,Edge,Returning,Paid Search,Electronics,Free,Bronze,34,2491.45
U000405,Female,54,45-54,United States,Chicago,Tablet,iOS,Safari,New,Direct,Toys,Free,Bronze,58,3554.96
U000406,Female,32,25-34,United States,Chicago,Mobile,iOS,Chrome,At Risk,Organic Search,Fashion,Premium,Bronze,39,1260.75
U000407,Female,37,35-44,Singapore,Singapore,Mobile,Android,Safari,VIP,Referral,Beauty,Free,Silver,41,3101.25
U000408,Male,42,35-44,Australia,Sydney,Mobile,macOS,Chrome,At Risk,Direct,Beauty,Premium,Gold,19,1172.1
U000409,Female,32,25-34,Singapore,Singapore,Mobile,iOS,Safari,New,Email,Books,Premium,Platinum,53,1498.95
U000410,Female,56,55+,Singapore,Singapore,Tablet,macOS,Edge,Returning,Facebook,Accessories,Free,Platinum,96,7191.64
U000411,Male,56,55+,India,Hyderabad,Tablet,Windows,Firefox,Premium,YouTube,Sports,Premium,Gold,9,503.03
U000412,Female,37,35-44,Singapore,Singapore,Tablet,macOS,Safari,At Risk,Direct,Accessories,Premium,Bronze,40,2881.83
U000413,Male,62,55+,Canada,Montreal,Desktop,iOS,Firefox,Premium,Email,Books,Premium,Silver,69,3687.01
U000414,Female,54,45-54,United States,Los Angeles,Tablet,macOS,Firefox,Premium,YouTube,Beauty,Free,Gold,40,1422.06
U000415,Female,30,25-34,Germany,Hamburg,Mobile,macOS,Edge,New,Facebook,Beauty,Free,Gold,92,5046.45
U000416,Female,29,25-34,Germany,Frankfurt,Tablet,iOS,Safari,At Risk,Instagram,Home,Premium,Bronze,48,1848.47
U000417,Male,34,25-34,India,Hyderabad,Mobile,Android,Firefox,VIP,Referral,Sports,Premium,Silver,71,5617.0
U000418,Male,35,35-44,India,Hyderabad,Desktop,macOS,Safari,Premium,Paid Search,Home,Free,Bronze,81,6398.46
U000419,Female,41,35-44,Singapore,Singapore,Mobile,iOS,Edge,New,YouTube,Beauty,Free,Bronze,6,429.57
U000420,Female,18,18-24,India,Bangalore,Desktop,Android,Edge,Returning,Facebook,Books,Free,Silver,80,5166.12
U000421,Female,19,18-24,Australia,Brisbane,Mobile,Windows,Edge,New,Facebook,Accessories,Free,Bronze,98,3635.11
U000422,Male,33,25-34,Singapore,Singapore,Mobile,Android,Firefox,New,Organic Search,Beauty,Premium,Platinum,29,1111.03
U000423,Male,55,55+,Singapore,Singapore,Mobile,macOS,Safari,VIP,Direct,Toys,Premium,Bronze,58,2130.71
U000424,Female,52,45-54,Singapore,Singapore,Desktop,iOS,Firefox,New,Referral,Toys,Premium,Silver,27,1984.48
U000425,Female,41,35-44,United States,New York,Mobile,macOS,Edge,Returning,Instagram,Books,Premium,Gold,77,5469.44
U000426,Female,33,25-34,Germany,Hamburg,Mobile,Android,Chrome,VIP,Organic Search,Toys,Premium,Gold,30,1376.08
U000427,Female,42,35-44,India,Hyderabad,Mobile,macOS,Firefox,Premium,Email,Sports,Premium,Gold,56,3630.47
U000428,Male,48,45-54,United States,Chicago,Mobile,macOS,Firefox,New,Email,Fashion,Free,Bronze,29,2086.57
U000429,Female,57,55+,Germany,Berlin,Desktop,Android,Firefox,Returning,YouTube,Sports,Free,Silver,33,968.85
U000430,Male,44,35-44,United Kingdom,Manchester,Tablet,Windows,Edge,Premium,Referral,Toys,Free,Silver,67,1921.08
U000431,Male,19,18-24,Singapore,Singapore,Mobile,iOS,Edge,At Risk,Paid Search,Accessories,Premium,Silver,78,5006.75
U000432,Female,27,25-34,Australia,Melbourne,Mobile,iOS,Chrome,At Risk,Organic Search,Toys,Free,Silver,32,2184.96
U000433,Female,21,18-24,Canada,Vancouver,Tablet,iOS,Safari,Returning,Referral,Home,Free,Silver,17,651.2
U000434,Male,28,25-34,Germany,Berlin,Mobile,iOS,Safari,At Risk,Referral,Toys,Premium,Platinum,9,711.51
U000435,Female,59,55+,Australia,Brisbane,Desktop,macOS,Edge,At Risk,Referral,Home,Free,Silver,78,4427.35
U000436,Female,22,18-24,Australia,Brisbane,Desktop,macOS,Firefox,Premium,Organic Search,Books,Premium,Silver,39,1222.83
U000437,Male,19,18-24,United States,Seattle,Desktop,Android,Firefox,VIP,Email,Home,Free,Silver,100,6011.5
U000438,Female,46,45-54,United Kingdom,Birmingham,Desktop,Android,Safari,Returning,YouTube,Electronics,Free,Silver,52,2633.76
U000439,Female,58,55+,India,Bangalore,Desktop,macOS,Chrome,At Risk,Facebook,Books,Premium,Bronze,48,1340.24
U000440,Male,48,45-54,India,Bangalore,Mobile,Windows,Edge,At Risk,Facebook,Electronics,Free,Silver,43,1532.58
U000441,Female,58,55+,Australia,Brisbane,Tablet,macOS,Firefox,At Risk,Instagram,Sports,Premium,Bronze,4,198.64
U000442,Female,51,45-54,Australia,Sydney,Tablet,Windows,Chrome,Returning,YouTube,Books,Premium,Gold,57,3802.87
U000443,Female,27,25-34,United States,Chicago,Desktop,Android,Chrome,New,Facebook,Electronics,Free,Silver,12,707.14
U000444,Male,44,35-44,Australia,Melbourne,Desktop,iOS,Edge,New,Paid Search,Home,Free,Gold,54,3724.43
U000445,Male,64,55+,Canada,Toronto,Tablet,macOS,Chrome,New,Referral,Books,Premium,Platinum,29,1471.95
U000446,Male,34,25-34,Australia,Brisbane,Tablet,iOS,Edge,Returning,Organic Search,Toys,Premium,Gold,81,4987.31
U000447,Female,39,35-44,Australia,Brisbane,Mobile,iOS,Firefox,New,Direct,Beauty,Free,Silver,64,5024.12
U000448,Female,47,45-54,United States,New York,Desktop,macOS,Safari,At Risk,Instagram,Sports,Free,Silver,90,4933.94
U000449,Female,28,25-34,Australia,Perth,Mobile,macOS,Safari,VIP,Direct,Toys,Premium,Bronze,85,2435.05
U000450,Female,39,35-44,United Kingdom,London,Desktop,Android,Safari,VIP,Email,Sports,Free,Silver,40,1518.5
U000451,Male,39,35-44,United States,Austin,Mobile,Windows,Chrome,New,Direct,Toys,Premium,Bronze,42,2420.86
U000452,Male,62,55+,Germany,Munich,Mobile,Android,Firefox,Premium,Instagram,Fashion,Free,Silver,7,175.8
U000453,Male,37,35-44,United Kingdom,London,Mobile,Windows,Edge,Returning,YouTube,Accessories,Free,Gold,5,398.99
U000454,Male,55,55+,United Kingdom,London,Desktop,iOS,Edge,At Risk,Paid Search,Accessories,Free,Gold,79,3210.91
U000455,Female,20,18-24,Canada,Montreal,Desktop,iOS,Firefox,Premium,YouTube,Toys,Free,Gold,86,2920.07
U000456,Male,60,55+,United Kingdom,Manchester,Mobile,Windows,Chrome,At Risk,Paid Search,Home,Free,Platinum,31,1561.49
U000457,Female,26,25-34,United States,New York,Tablet,Android,Safari,VIP,YouTube,Fashion,Premium,Silver,37,2492.7
U000458,Male,48,45-54,Germany,Berlin,Desktop,Windows,Chrome,New,Facebook,Toys,Free,Platinum,47,1579.63
U000459,Female,47,45-54,Germany,Frankfurt,Mobile,iOS,Safari,Premium,Direct,Electronics,Free,Gold,91,6592.18
U000460,Male,44,35-44,India,Hyderabad,Mobile,macOS,Firefox,Returning,Direct,Toys,Free,Bronze,43,1425.42
U000461,Male,58,55+,United Kingdom,Liverpool,Mobile,macOS,Edge,Returning,Direct,Books,Premium,Platinum,79,3595.79
U000462,Male,51,45-54,Australia,Melbourne,Desktop,iOS,Safari,New,Facebook,Books,Free,Platinum,56,3770.71
U000463,Female,55,55+,Germany,Berlin,Desktop,Android,Firefox,At Risk,Email,Accessories,Premium,Gold,61,4308.15
U000464,Female,59,55+,Singapore,Singapore,Desktop,iOS,Chrome,At Risk,Email,Electronics,Free,Platinum,30,1852.91
U000465,Male,33,25-34,Canada,Toronto,Desktop,macOS,Chrome,At Risk,Facebook,Electronics,Premium,Silver,56,1547.11
U000466,Male,52,45-54,Germany,Hamburg,Desktop,iOS,Edge,At Risk,Email,Electronics,Premium,Bronze,100,3137.29
U000467,Male,39,35-44,Germany,Munich,Tablet,iOS,Edge,Premium,Facebook,Toys,Free,Platinum,62,1620.56
U000468,Female,31,25-34,Germany,Munich,Desktop,Windows,Chrome,Returning,Paid Search,Electronics,Free,Bronze,47,1427.31
U000469,Male,35,35-44,United States,New York,Tablet,macOS,Chrome,VIP,Facebook,Fashion,Premium,Bronze,98,4882.46
U000470,Female,40,35-44,United States,Seattle,Tablet,Windows,Chrome,New,Direct,Home,Premium,Silver,25,1374.79
U000471,Female,51,45-54,Singapore,Singapore,Mobile,iOS,Safari,VIP,Paid Search,Toys,Free,Silver,62,4929.7
U000472,Male,30,25-34,Australia,Perth,Tablet,Android,Safari,At Risk,Referral,Toys,Premium,Gold,100,5724.95
U000473,Female,30,25-34,India,Mumbai,Mobile,iOS,Firefox,VIP,Organic Search,Books,Premium,Bronze,58,2049.98
U000474,Male,26,25-34,Singapore,Singapore,Tablet,Android,Safari,VIP,Instagram,Fashion,Free,Gold,77,4129.38
U000475,Male,33,25-34,United Kingdom,Birmingham,Mobile,iOS,Edge,Premium,YouTube,Home,Premium,Gold,38,1031.38
U000476,Female,44,35-44,India,Chennai,Tablet,iOS,Safari,New,Organic Search,Sports,Premium,Silver,47,1369.16
U000477,Male,63,55+,India,Delhi,Desktop,Windows,Chrome,Premium,Instagram,Books,Free,Silver,68,3954.87
U000478,Female,54,45-54,United States,Austin,Desktop,Windows,Firefox,At Risk,Facebook,Fashion,Premium,Bronze,11,415.07
U000479,Male,37,35-44,Canada,Toronto,Mobile,Windows,Chrome,At Risk,Organic Search,Fashion,Premium,Bronze,85,3683.02
U000480,Female,48,45-54,Singapore,Singapore,Mobile,Android,Chrome,Premium,Direct,Home,Free,Bronze,52,2850.02
U000481,Male,48,45-54,United States,Chicago,Desktop,Windows,Firefox,At Risk,Email,Accessories,Free,Bronze,22,1442.81
U000482,Female,45,45-54,United States,Austin,Desktop,Android,Safari,At Risk,YouTube,Sports,Premium,Silver,86,3987.33
U000483,Female,57,55+,Singapore,Singapore,Mobile,Windows,Safari,At Risk,Email,Sports,Free,Silver,91,4378.22
U000484,Male,59,55+,Australia,Sydney,Mobile,Android,Chrome,New,YouTube,Home,Free,Gold,86,3326.73
U000485,Male,25,25-34,Australia,Sydney,Tablet,Windows,Safari,New,Instagram,Beauty,Premium,Silver,84,3071.15
U000486,Female,27,25-34,Germany,Berlin,Desktop,iOS,Safari,Returning,Direct,Beauty,Premium,Gold,48,2058.29
U000487,Female,30,25-34,Singapore,Singapore,Desktop,Windows,Firefox,New,YouTube,Accessories,Free,Bronze,63,3269.09
U000488,Female,21,18-24,Germany,Frankfurt,Mobile,iOS,Edge,Premium,Facebook,Home,Premium,Bronze,68,2781.13
U000489,Female,48,45-54,Singapore,Singapore,Tablet,Android,Safari,Returning,Facebook,Accessories,Premium,Gold,76,3799.51
U000490,Male,28,25-34,Canada,Vancouver,Mobile,macOS,Safari,Returning,Direct,Fashion,Premium,Gold,57,4261.57
U000491,Female,51,45-54,United Kingdom,London,Tablet,macOS,Chrome,New,Paid Search,Beauty,Premium,Gold,35,2534.35
U000492,Male,33,25-34,Singapore,Singapore,Mobile,Windows,Firefox,At Risk,YouTube,Books,Free,Platinum,81,4239.3
U000493,Female,30,25-34,United States,New York,Desktop,iOS,Edge,VIP,Instagram,Fashion,Premium,Platinum,94,3933.77
U000494,Female,57,55+,United States,Chicago,Desktop,macOS,Edge,At Risk,Instagram,Accessories,Free,Platinum,42,1155.81
U000495,Male,53,45-54,India,Kochi,Mobile,macOS,Chrome,Returning,Referral,Toys,Free,Bronze,10,306.76
U000496,Male,61,55+,Australia,Perth,Mobile,iOS,Chrome,New,Facebook,Electronics,Premium,Bronze,92,2986.75
U000497,Male,35,35-44,Germany,Frankfurt,Tablet,Windows,Chrome,Premium,Email,Electronics,Premium,Gold,27,813.82
U000498,Male,52,45-54,United States,New York,Desktop,iOS,Chrome,New,Email,Sports,Free,Platinum,63,4406.13
U000499,Male,62,55+,United Kingdom,Liverpool,Mobile,Windows,Chrome,Premium,Email,Home,Free,Silver,97,4838.32
U000500,Male,65,55+,India,Kochi,Mobile,Android,Firefox,VIP,Organic Search,Accessories,Free,Silver,23,822.76
U000501,Female,20,18-24,India,Kochi,Tablet,macOS,Edge,New,Direct,Accessories,Premium,Bronze,93,3369.3
U000502,Female,28,25-34,United Kingdom,London,Mobile,Windows,Edge,Returning,Paid Search,Home,Premium,Bronze,69,2389.49
U000503,Female,45,45-54,United States,Chicago,Desktop,Android,Edge,VIP,YouTube,Home,Premium,Gold,35,2248.87
U000504,Male,38,35-44,United Kingdom,Manchester,Mobile,macOS,Firefox,VIP,Referral,Fashion,Free,Silver,94,6477.22
U000505,Female,21,18-24,United States,Austin,Tablet,Android,Chrome,At Risk,Direct,Beauty,Free,Silver,15,837.05
U000506,Male,21,18-24,Australia,Sydney,Desktop,Windows,Firefox,Premium,Instagram,Home,Free,Bronze,31,1694.0
U000507,Male,45,45-54,Canada,Vancouver,Tablet,Windows,Edge,At Risk,Referral,Fashion,Premium,Bronze,18,1244.84
U000508,Female,65,55+,Singapore,Singapore,Desktop,Windows,Chrome,New,Organic Search,Electronics,Free,Bronze,59,2009.24
U000509,Male,38,35-44,United States,Austin,Desktop,Windows,Safari,At Risk,Instagram,Electronics,Free,Silver,11,324.99
U000510,Female,40,35-44,United Kingdom,Birmingham,Desktop,iOS,Edge,New,Direct,Accessories,Premium,Platinum,87,2726.03
U000511,Female,51,45-54,Singapore,Singapore,Tablet,Windows,Firefox,VIP,Referral,Electronics,Premium,Platinum,20,693.3
U000512,Female,19,18-24,India,Chennai,Mobile,macOS,Firefox,Premium,Paid Search,Books,Premium,Silver,7,176.08
U000513,Female,43,35-44,Canada,Toronto,Tablet,Android,Firefox,Premium,Organic Search,Books,Premium,Silver,31,1479.12
U000514,Female,54,45-54,Canada,Toronto,Mobile,macOS,Edge,Returning,YouTube,Accessories,Premium,Bronze,71,4564.3
U000515,Female,57,55+,Singapore,Singapore,Mobile,Windows,Safari,Premium,Paid Search,Electronics,Premium,Gold,17,485.32
U000516,Male,59,55+,United States,Austin,Tablet,Android,Safari,Returning,Paid Search,Toys,Premium,Silver,61,3197.29
U000517,Female,27,25-34,Germany,Berlin,Tablet,Android,Firefox,VIP,Facebook,Home,Free,Silver,19,1202.99
U000518,Female,44,35-44,Singapore,Singapore,Mobile,Windows,Firefox,Premium,Paid Search,Accessories,Free,Platinum,48,3106.74
U000519,Female,36,35-44,Germany,Frankfurt,Desktop,Windows,Edge,VIP,Email,Books,Premium,Silver,21,934.65
U000520,Female,36,35-44,United States,New York,Desktop,macOS,Firefox,Premium,Organic Search,Beauty,Free,Gold,86,2550.19
U000521,Male,33,25-34,Australia,Melbourne,Desktop,Windows,Firefox,New,Facebook,Electronics,Premium,Silver,36,1556.47
U000522,Male,31,25-34,United States,Chicago,Tablet,iOS,Firefox,New,YouTube,Beauty,Free,Bronze,98,6891.02
U000523,Female,23,18-24,India,Kochi,Tablet,Windows,Chrome,At Risk,Email,Beauty,Free,Silver,77,3850.84
U000524,Male,49,45-54,United States,Chicago,Mobile,macOS,Chrome,New,Paid Search,Accessories,Premium,Platinum,52,3141.92
U000525,Male,24,18-24,Canada,Calgary,Mobile,Android,Edge,New,Organic Search,Fashion,Premium,Platinum,100,5539.02
U000526,Male,25,25-34,Australia,Melbourne,Mobile,macOS,Firefox,VIP,Referral,Sports,Premium,Bronze,77,4143.59
U000527,Female,64,55+,Canada,Toronto,Desktop,iOS,Edge,New,Paid Search,Sports,Free,Bronze,80,4992.53
U000528,Male,51,45-54,Germany,Hamburg,Mobile,macOS,Safari,Premium,Organic Search,Home,Premium,Silver,14,765.21
U000529,Male,28,25-34,Singapore,Singapore,Mobile,Android,Safari,Premium,Instagram,Books,Premium,Bronze,28,1634.12
U000530,Female,23,18-24,United Kingdom,London,Mobile,macOS,Chrome,Premium,Organic Search,Books,Free,Platinum,90,5942.78
U000531,Male,43,35-44,Canada,Calgary,Mobile,Android,Safari,New,Organic Search,Beauty,Free,Silver,96,2644.77
U000532,Male,41,35-44,Canada,Calgary,Desktop,Android,Safari,New,Instagram,Beauty,Free,Silver,78,2329.15
U000533,Female,31,25-34,United Kingdom,Liverpool,Tablet,Android,Safari,At Risk,Paid Search,Accessories,Premium,Platinum,46,1281.69
U000534,Female,53,45-54,Germany,Munich,Desktop,Windows,Chrome,Returning,Facebook,Electronics,Premium,Silver,80,2927.78
U000535,Male,39,35-44,United Kingdom,Manchester,Desktop,Windows,Edge,Returning,Instagram,Fashion,Free,Bronze,62,4492.26
U000536,Male,60,55+,United Kingdom,Birmingham,Tablet,iOS,Chrome,Premium,Facebook,Home,Free,Platinum,89,5621.97
U000537,Female,34,25-34,Australia,Melbourne,Tablet,macOS,Firefox,At Risk,Referral,Fashion,Premium,Silver,52,3462.79
U000538,Male,52,45-54,Singapore,Singapore,Mobile,iOS,Chrome,Premium,Organic Search,Sports,Free,Silver,75,3459.41
U000539,Male,30,25-34,India,Delhi,Desktop,Android,Safari,VIP,Organic Search,Toys,Free,Platinum,100,6938.93
U000540,Male,27,25-34,Canada,Toronto,Tablet,macOS,Edge,Returning,Facebook,Beauty,Free,Gold,59,3953.5
U000541,Male,60,55+,Germany,Hamburg,Tablet,Windows,Firefox,New,Instagram,Toys,Free,Silver,84,3227.1
U000542,Male,62,55+,Australia,Perth,Desktop,iOS,Edge,VIP,Facebook,Fashion,Premium,Platinum,44,1172.45
U000543,Female,40,35-44,Canada,Toronto,Desktop,Windows,Edge,Returning,Instagram,Books,Free,Gold,28,723.0
U000544,Male,30,25-34,Singapore,Singapore,Tablet,iOS,Firefox,New,Organic Search,Home,Premium,Silver,52,2848.6
U000545,Female,18,18-24,India,Kochi,Desktop,Windows,Chrome,New,YouTube,Beauty,Free,Bronze,66,3226.32
U000546,Male,60,55+,United States,Austin,Mobile,Windows,Safari,At Risk,Organic Search,Sports,Free,Gold,43,3022.72
U000547,Female,58,55+,Australia,Sydney,Desktop,Android,Edge,At Risk,Referral,Toys,Free,Bronze,95,4054.28
U000548,Male,64,55+,United Kingdom,Manchester,Desktop,macOS,Safari,At Risk,Facebook,Toys,Free,Bronze,82,3311.9
U000549,Female,63,55+,Canada,Vancouver,Tablet,Android,Edge,Premium,Organic Search,Fashion,Premium,Platinum,93,4387.47
U000550,Male,42,35-44,India,Delhi,Desktop,Windows,Safari,At Risk,Facebook,Fashion,Free,Silver,73,4632.61
U000551,Female,30,25-34,Canada,Vancouver,Desktop,Android,Edge,Premium,YouTube,Fashion,Premium,Bronze,12,918.58
U000552,Male,47,45-54,India,Delhi,Tablet,Android,Chrome,VIP,Paid Search,Beauty,Premium,Silver,22,1370.42
U000553,Female,50,45-54,Germany,Hamburg,Desktop,Windows,Edge,Returning,Referral,Fashion,Premium,Gold,17,862.33
U000554,Female,34,25-34,Australia,Sydney,Mobile,Android,Safari,Premium,Organic Search,Fashion,Premium,Gold,93,7241.73
U000555,Female,36,35-44,India,Delhi,Mobile,macOS,Safari,At Risk,Paid Search,Home,Premium,Platinum,58,2103.6
U000556,Male,60,55+,Australia,Melbourne,Tablet,Windows,Safari,At Risk,Direct,Fashion,Free,Gold,24,699.24
U000557,Female,51,45-54,Canada,Vancouver,Tablet,macOS,Edge,VIP,Email,Beauty,Free,Silver,74,4072.73
U000558,Male,52,45-54,Germany,Hamburg,Tablet,macOS,Chrome,VIP,YouTube,Toys,Free,Platinum,53,1409.99
U000559,Female,48,45-54,Germany,Berlin,Mobile,macOS,Edge,New,Instagram,Electronics,Premium,Silver,52,3762.19
U000560,Female,23,18-24,Germany,Munich,Desktop,Android,Chrome,VIP,Instagram,Electronics,Premium,Platinum,24,895.56
U000561,Male,24,18-24,Germany,Hamburg,Tablet,Android,Chrome,At Risk,Direct,Books,Premium,Platinum,52,2928.57
U000562,Female,56,55+,India,Chennai,Mobile,macOS,Firefox,At Risk,Organic Search,Home,Free,Bronze,76,4133.2
U000563,Male,39,35-44,Singapore,Singapore,Tablet,macOS,Firefox,At Risk,Facebook,Home,Premium,Gold,78,4917.79
U000564,Female,65,55+,Australia,Sydney,Desktop,macOS,Chrome,VIP,Paid Search,Books,Free,Silver,83,2458.52
U000565,Male,52,45-54,Canada,Calgary,Mobile,macOS,Firefox,VIP,Paid Search,Fashion,Premium,Platinum,50,2563.4
U000566,Female,57,55+,Australia,Perth,Tablet,macOS,Edge,Returning,Instagram,Beauty,Premium,Bronze,50,2740.44
U000567,Female,59,55+,Australia,Brisbane,Tablet,Android,Edge,Premium,Organic Search,Sports,Free,Gold,88,4738.03
U000568,Male,42,35-44,Canada,Montreal,Mobile,Windows,Edge,Premium,Direct,Books,Premium,Gold,88,4410.12
U000569,Female,34,25-34,United States,Austin,Mobile,Android,Firefox,At Risk,Facebook,Home,Free,Silver,51,2567.22
U000570,Male,61,55+,Australia,Brisbane,Mobile,Windows,Firefox,VIP,Direct,Sports,Free,Gold,51,3604.01
U000571,Female,29,25-34,Australia,Brisbane,Mobile,iOS,Safari,Returning,Direct,Toys,Free,Silver,93,7385.68
U000572,Male,39,35-44,Australia,Brisbane,Tablet,macOS,Firefox,Premium,Organic Search,Accessories,Premium,Platinum,14,522.14
U000573,Female,53,45-54,United Kingdom,London,Tablet,iOS,Firefox,Returning,Organic Search,Beauty,Premium,Bronze,79,3367.32
U000574,Female,61,55+,Australia,Sydney,Mobile,Windows,Edge,At Risk,Instagram,Beauty,Premium,Bronze,15,1128.95
U000575,Male,23,18-24,Singapore,Singapore,Desktop,iOS,Safari,New,Instagram,Books,Free,Bronze,27,1260.88
U000576,Male,31,25-34,Germany,Munich,Desktop,macOS,Chrome,Returning,YouTube,Accessories,Premium,Bronze,47,2776.1
U000577,Male,19,18-24,Australia,Brisbane,Desktop,Windows,Chrome,Premium,Direct,Accessories,Premium,Bronze,20,1266.84
U000578,Male,62,55+,Australia,Perth,Desktop,Windows,Firefox,Premium,Direct,Beauty,Premium,Platinum,72,2038.16
U000579,Female,28,25-34,United States,Los Angeles,Desktop,Windows,Firefox,At Risk,YouTube,Accessories,Premium,Gold,72,5004.03
U000580,Female,37,35-44,Singapore,Singapore,Tablet,iOS,Firefox,At Risk,Instagram,Toys,Premium,Gold,18,937.78
U000581,Female,63,55+,Singapore,Singapore,Tablet,Windows,Chrome,VIP,Instagram,Electronics,Free,Bronze,23,1210.07
U000582,Male,20,18-24,India,Delhi,Tablet,Android,Chrome,Returning,Direct,Fashion,Premium,Gold,40,1819.51
U000583,Male,22,18-24,United States,New York,Tablet,Android,Safari,At Risk,Direct,Fashion,Premium,Gold,42,1835.24
U000584,Female,36,35-44,Singapore,Singapore,Mobile,macOS,Edge,VIP,Referral,Accessories,Premium,Platinum,50,2862.69
U000585,Male,27,25-34,Germany,Berlin,Desktop,iOS,Edge,New,Email,Home,Free,Silver,17,767.48
U000586,Male,30,25-34,Singapore,Singapore,Tablet,Windows,Firefox,At Risk,Paid Search,Electronics,Premium,Bronze,17,612.17
U000587,Male,23,18-24,Australia,Melbourne,Mobile,macOS,Firefox,New,Direct,Accessories,Premium,Bronze,54,2129.3
U000588,Female,60,55+,Canada,Vancouver,Desktop,iOS,Firefox,Premium,Facebook,Accessories,Free,Platinum,24,1787.8
U000589,Male,27,25-34,Singapore,Singapore,Tablet,macOS,Safari,At Risk,Email,Fashion,Premium,Bronze,42,1379.05
U000590,Male,53,45-54,Singapore,Singapore,Tablet,macOS,Edge,New,Referral,Beauty,Free,Platinum,92,4524.05
U000591,Male,63,55+,Germany,Munich,Mobile,iOS,Edge,Returning,Direct,Beauty,Premium,Silver,73,4456.42
U000592,Male,24,18-24,Germany,Frankfurt,Tablet,iOS,Edge,At Risk,Direct,Beauty,Free,Gold,42,2568.24
U000593,Male,59,55+,United Kingdom,Manchester,Desktop,iOS,Firefox,VIP,Paid Search,Accessories,Premium,Platinum,74,5332.69
U000594,Male,32,25-34,United States,Seattle,Tablet,iOS,Firefox,Premium,Referral,Fashion,Free,Platinum,38,1466.51
U000595,Male,56,55+,Singapore,Singapore,Desktop,Windows,Edge,New,Instagram,Beauty,Premium,Platinum,1,35.27
U000596,Female,64,55+,India,Delhi,Mobile,Android,Edge,Returning,Organic Search,Fashion,Free,Gold,63,4027.94
U000597,Male,43,35-44,Germany,Berlin,Mobile,iOS,Safari,At Risk,Referral,Accessories,Premium,Silver,71,2510.86
U000598,Male,62,55+,Germany,Hamburg,Mobile,macOS,Chrome,New,Email,Electronics,Premium,Gold,86,4582.8
U000599,Female,33,25-34,Canada,Toronto,Mobile,macOS,Chrome,Premium,Direct,Beauty,Free,Bronze,74,5330.61
U000600,Female,27,25-34,Germany,Munich,Tablet,Windows,Chrome,Premium,Email,Accessories,Premium,Silver,100,7597.74
U000601,Female,21,18-24,Australia,Melbourne,Mobile,Android,Safari,New,Paid Search,Home,Premium,Bronze,1,56.71
U000602,Male,58,55+,United States,Chicago,Tablet,macOS,Safari,VIP,Direct,Electronics,Free,Bronze,15,545.98
U000603,Male,25,25-34,India,Hyderabad,Mobile,Windows,Chrome,VIP,Direct,Books,Premium,Silver,52,1598.89
U000604,Male,30,25-34,Australia,Melbourne,Desktop,macOS,Firefox,Returning,Organic Search,Home,Premium,Gold,5,205.74
U000605,Male,51,45-54,India,Delhi,Mobile,Windows,Firefox,New,YouTube,Home,Premium,Bronze,98,6681.16
U000606,Female,54,45-54,Germany,Hamburg,Desktop,Android,Chrome,At Risk,Email,Books,Premium,Platinum,18,598.63
U000607,Female,22,18-24,Singapore,Singapore,Mobile,macOS,Chrome,New,Email,Accessories,Free,Silver,28,1802.14
U000608,Female,35,35-44,United States,Seattle,Desktop,iOS,Edge,Returning,Organic Search,Sports,Free,Silver,46,2540.73
U000609,Female,19,18-24,United States,Seattle,Tablet,Android,Safari,Returning,Referral,Sports,Free,Silver,7,337.65
U000610,Male,56,55+,Australia,Sydney,Desktop,macOS,Chrome,VIP,Email,Home,Free,Gold,57,3678.57
U000611,Male,51,45-54,Germany,Berlin,Tablet,Windows,Edge,Premium,Organic Search,Beauty,Free,Bronze,44,1873.03
U000612,Female,19,18-24,Australia,Brisbane,Desktop,macOS,Firefox,At Risk,Paid Search,Books,Premium,Gold,52,4035.84
U000613,Female,41,35-44,United Kingdom,Birmingham,Desktop,Windows,Edge,Premium,Referral,Toys,Free,Bronze,23,1771.4
U000614,Male,20,18-24,Australia,Sydney,Mobile,Android,Chrome,VIP,Email,Fashion,Premium,Platinum,99,3120.28
U000615,Male,35,35-44,Singapore,Singapore,Tablet,Windows,Chrome,Premium,Referral,Fashion,Free,Bronze,63,2135.89
U000616,Male,64,55+,India,Bangalore,Mobile,Windows,Safari,VIP,Paid Search,Beauty,Free,Platinum,91,2579.32
U000617,Female,63,55+,United States,Los Angeles,Desktop,iOS,Safari,Premium,Email,Toys,Free,Bronze,11,861.11
U000618,Male,63,55+,United States,New York,Desktop,iOS,Safari,VIP,YouTube,Sports,Premium,Bronze,3,168.25
U000619,Male,31,25-34,India,Chennai,Tablet,macOS,Edge,VIP,Facebook,Toys,Premium,Platinum,1,43.36
U000620,Male,27,25-34,India,Bangalore,Mobile,macOS,Chrome,New,Organic Search,Sports,Premium,Platinum,75,2139.31
U000621,Male,45,45-54,India,Bangalore,Mobile,Windows,Chrome,VIP,Referral,Accessories,Free,Gold,43,2557.47
U000622,Male,20,18-24,India,Kochi,Tablet,Windows,Firefox,At Risk,Organic Search,Books,Free,Bronze,84,3313.65
U000623,Male,38,35-44,Singapore,Singapore,Tablet,iOS,Safari,VIP,Referral,Beauty,Free,Silver,6,234.32
U000624,Female,47,45-54,Australia,Perth,Desktop,iOS,Chrome,VIP,YouTube,Fashion,Free,Silver,88,2782.15
U000625,Female,49,45-54,United Kingdom,London,Mobile,Android,Edge,Premium,YouTube,Home,Free,Gold,63,3237.83
U000626,Male,55,55+,Australia,Sydney,Mobile,iOS,Edge,VIP,Direct,Electronics,Free,Platinum,79,3913.17
U000627,Male,21,18-24,Australia,Perth,Mobile,macOS,Chrome,Returning,Organic Search,Sports,Free,Bronze,70,5000.37
U000628,Male,33,25-34,United Kingdom,Birmingham,Desktop,Windows,Firefox,At Risk,Organic Search,Fashion,Premium,Gold,19,1412.83
U000629,Female,37,35-44,Australia,Melbourne,Desktop,Android,Safari,At Risk,Instagram,Accessories,Free,Silver,21,1400.3
U000630,Female,21,18-24,Singapore,Singapore,Desktop,iOS,Safari,New,Direct,Beauty,Premium,Bronze,34,1859.98
U000631,Male,37,35-44,Australia,Perth,Mobile,macOS,Firefox,Returning,YouTube,Home,Premium,Platinum,12,804.64
U000632,Female,55,55+,Germany,Frankfurt,Mobile,iOS,Edge,New,Facebook,Fashion,Premium,Bronze,86,5155.39
U000633,Male,40,35-44,Canada,Toronto,Mobile,macOS,Firefox,At Risk,Email,Books,Premium,Gold,64,4766.55
U000634,Female,24,18-24,Singapore,Singapore,Mobile,iOS,Chrome,At Risk,YouTube,Sports,Premium,Platinum,75,5166.19
U000635,Female,52,45-54,United States,Los Angeles,Desktop,iOS,Edge,New,Referral,Electronics,Free,Gold,79,3840.34
U000636,Female,24,18-24,Canada,Vancouver,Tablet,Android,Safari,Premium,Direct,Electronics,Free,Gold,21,1658.32
U000637,Female,52,45-54,Canada,Vancouver,Mobile,iOS,Safari,VIP,Direct,Accessories,Free,Platinum,79,2153.53
U000638,Male,19,18-24,Australia,Sydney,Mobile,Android,Firefox,At Risk,Direct,Beauty,Premium,Bronze,12,497.93
U000639,Male,32,25-34,United States,Seattle,Desktop,Android,Edge,New,Facebook,Books,Free,Platinum,93,4410.04
U000640,Female,39,35-44,Singapore,Singapore,Desktop,macOS,Edge,Premium,Paid Search,Fashion,Premium,Gold,22,985.98
U000641,Male,59,55+,India,Delhi,Tablet,macOS,Safari,New,Referral,Accessories,Free,Silver,90,3681.3
U000642,Male,62,55+,United Kingdom,London,Desktop,macOS,Edge,New,Facebook,Fashion,Premium,Gold,70,3833.01
U000643,Male,44,35-44,Australia,Sydney,Desktop,macOS,Firefox,At Risk,YouTube,Beauty,Premium,Platinum,29,2064.38
U000644,Male,37,35-44,Australia,Perth,Desktop,iOS,Firefox,Premium,Organic Search,Fashion,Free,Silver,73,3079.09
U000645,Female,64,55+,Australia,Melbourne,Desktop,Android,Safari,New,Instagram,Fashion,Free,Platinum,8,571.72
U000646,Female,23,18-24,Canada,Toronto,Mobile,macOS,Firefox,Returning,YouTube,Home,Free,Gold,30,2123.66
U000647,Male,38,35-44,United Kingdom,London,Mobile,iOS,Edge,Premium,Facebook,Home,Free,Gold,49,2533.44
U000648,Female,42,35-44,Canada,Montreal,Desktop,macOS,Safari,New,Instagram,Toys,Premium,Silver,95,6876.67
U000649,Female,18,18-24,Singapore,Singapore,Desktop,macOS,Firefox,At Risk,Organic Search,Accessories,Premium,Gold,41,1980.2
U000650,Male,32,25-34,United States,Austin,Mobile,iOS,Firefox,VIP,YouTube,Home,Free,Platinum,78,2073.94
U000651,Female,39,35-44,Germany,Hamburg,Tablet,iOS,Edge,New,Organic Search,Toys,Free,Silver,7,216.73
U000652,Female,25,25-34,United States,Chicago,Desktop,macOS,Safari,Premium,YouTube,Home,Premium,Bronze,38,1328.38
U000653,Male,42,35-44,India,Mumbai,Mobile,iOS,Firefox,At Risk,YouTube,Electronics,Free,Bronze,11,382.01
U000654,Male,24,18-24,Canada,Calgary,Mobile,Windows,Edge,At Risk,Instagram,Accessories,Free,Gold,62,3974.4
U000655,Female,46,45-54,United States,Seattle,Mobile,Android,Chrome,Returning,Organic Search,Beauty,Premium,Silver,34,2444.63
U000656,Female,65,55+,Singapore,Singapore,Tablet,macOS,Chrome,VIP,Instagram,Home,Premium,Gold,44,1651.7
U000657,Male,50,45-54,United States,Los Angeles,Tablet,iOS,Firefox,Premium,Facebook,Electronics,Free,Platinum,17,540.38
U000658,Female,34,25-34,United Kingdom,Liverpool,Tablet,Android,Edge,New,Paid Search,Home,Free,Silver,37,2252.24
U000659,Female,63,55+,Canada,Montreal,Tablet,Windows,Safari,VIP,YouTube,Beauty,Free,Gold,99,5400.42
U000660,Male,59,55+,Germany,Munich,Tablet,macOS,Edge,New,Referral,Books,Free,Bronze,63,2163.08
U000661,Female,22,18-24,Australia,Perth,Desktop,Android,Chrome,VIP,Email,Books,Free,Gold,32,2254.99
U000662,Male,57,55+,United States,Los Angeles,Mobile,Windows,Chrome,VIP,Referral,Accessories,Premium,Bronze,30,2203.81
U000663,Female,45,45-54,United Kingdom,Manchester,Desktop,iOS,Safari,New,Email,Books,Free,Platinum,36,1403.12
U000664,Male,56,55+,Australia,Melbourne,Mobile,iOS,Edge,At Risk,Paid Search,Home,Premium,Gold,58,3697.6
U000665,Female,52,45-54,Germany,Frankfurt,Tablet,Android,Chrome,Premium,Instagram,Accessories,Free,Platinum,80,4498.75
U000666,Female,24,18-24,United Kingdom,Birmingham,Mobile,Windows,Chrome,At Risk,YouTube,Sports,Free,Gold,88,2865.65
U000667,Female,26,25-34,United States,Austin,Mobile,Android,Edge,At Risk,Paid Search,Home,Free,Platinum,84,3145.89
U000668,Male,19,18-24,Canada,Vancouver,Tablet,Windows,Edge,Returning,Direct,Fashion,Free,Bronze,73,2668.51
U000669,Male,18,18-24,United States,Chicago,Mobile,macOS,Safari,VIP,YouTube,Fashion,Free,Bronze,23,1699.54
U000670,Male,50,45-54,Singapore,Singapore,Tablet,Windows,Firefox,Returning,Instagram,Toys,Free,Gold,92,4254.34
U000671,Female,21,18-24,Germany,Munich,Tablet,Android,Chrome,At Risk,Organic Search,Accessories,Premium,Platinum,71,2904.96
U000672,Female,53,45-54,Germany,Munich,Tablet,iOS,Chrome,New,Organic Search,Beauty,Free,Platinum,25,1057.94
U000673,Female,43,35-44,United States,New York,Desktop,macOS,Safari,New,Instagram,Electronics,Free,Platinum,48,3357.86
U000674,Male,45,45-54,Germany,Frankfurt,Mobile,macOS,Firefox,Premium,Paid Search,Fashion,Free,Gold,55,2187.73
U000675,Female,18,18-24,Singapore,Singapore,Tablet,iOS,Safari,New,Organic Search,Books,Free,Platinum,70,2997.13
U000676,Female,44,35-44,Australia,Melbourne,Tablet,macOS,Edge,VIP,Referral,Electronics,Free,Platinum,38,2107.78
U000677,Female,53,45-54,Australia,Sydney,Tablet,Windows,Firefox,New,Instagram,Toys,Free,Gold,61,3300.26
U000678,Female,47,45-54,Singapore,Singapore,Mobile,Android,Edge,New,Paid Search,Home,Premium,Gold,73,3649.7
U000679,Male,47,45-54,Singapore,Singapore,Tablet,Windows,Firefox,Returning,Paid Search,Accessories,Premium,Gold,49,1264.6
U000680,Female,50,45-54,United Kingdom,London,Tablet,Windows,Edge,VIP,Facebook,Toys,Free,Bronze,59,3054.2
U000681,Female,24,18-24,Australia,Melbourne,Mobile,macOS,Firefox,Returning,Direct,Home,Premium,Gold,36,1081.97
U000682,Female,50,45-54,Australia,Sydney,Tablet,iOS,Firefox,Returning,Paid Search,Books,Premium,Gold,58,1620.33
U000683,Male,49,45-54,Singapore,Singapore,Mobile,Android,Edge,Premium,Referral,Electronics,Free,Bronze,41,2006.19
U000684,Female,22,18-24,Germany,Frankfurt,Desktop,iOS,Chrome,VIP,Direct,Beauty,Free,Gold,29,2200.92
U000685,Female,48,45-54,United States,Austin,Tablet,iOS,Chrome,New,Paid Search,Accessories,Free,Silver,21,1587.07
U000686,Female,62,55+,United Kingdom,Birmingham,Mobile,macOS,Firefox,New,Referral,Fashion,Free,Gold,31,928.6
U000687,Female,53,45-54,Germany,Berlin,Mobile,Android,Safari,New,Paid Search,Books,Free,Platinum,12,376.67
U000688,Female,23,18-24,Germany,Berlin,Mobile,Android,Edge,New,Organic Search,Accessories,Free,Platinum,96,4315.2
U000689,Female,55,55+,United Kingdom,London,Tablet,Windows,Firefox,At Risk,Instagram,Sports,Free,Silver,1,77.63
U000690,Male,54,45-54,Australia,Perth,Desktop,iOS,Edge,At Risk,Facebook,Sports,Premium,Bronze,53,3053.88
U000691,Male,44,35-44,Singapore,Singapore,Desktop,Android,Firefox,At Risk,Paid Search,Beauty,Free,Bronze,80,5489.34
U000692,Female,34,25-34,United Kingdom,London,Mobile,Android,Chrome,VIP,Facebook,Beauty,Premium,Platinum,20,886.97
U000693,Male,34,25-34,Australia,Melbourne,Desktop,Windows,Safari,Premium,YouTube,Electronics,Premium,Platinum,44,3208.68
U000694,Female,30,25-34,Australia,Melbourne,Tablet,Android,Firefox,Returning,Instagram,Beauty,Premium,Gold,92,7342.07
U000695,Male,43,35-44,United States,Austin,Desktop,macOS,Firefox,New,YouTube,Books,Premium,Gold,7,302.38
U000696,Male,40,35-44,India,Bangalore,Tablet,Windows,Chrome,At Risk,Instagram,Books,Free,Bronze,51,1722.27
U000697,Male,49,45-54,Germany,Hamburg,Mobile,Windows,Chrome,New,Referral,Toys,Free,Bronze,94,2492.47
U000698,Female,27,25-34,United Kingdom,Liverpool,Mobile,Android,Edge,New,YouTube,Books,Free,Gold,91,6991.86
U000699,Male,35,35-44,Germany,Berlin,Mobile,Android,Edge,VIP,Instagram,Books,Free,Bronze,88,3057.29
U000700,Male,28,25-34,Singapore,Singapore,Mobile,iOS,Chrome,Premium,Email,Home,Premium,Gold,98,6829.14
U000701,Male,46,45-54,Germany,Hamburg,Desktop,Windows,Safari,Returning,Direct,Accessories,Free,Gold,5,245.47
U000702,Male,63,55+,Germany,Hamburg,Tablet,Windows,Chrome,New,YouTube,Sports,Free,Gold,83,2203.05
U000703,Male,64,55+,India,Delhi,Mobile,iOS,Firefox,Returning,Organic Search,Beauty,Premium,Bronze,89,6617.1
U000704,Female,50,45-54,Australia,Brisbane,Tablet,Windows,Edge,Premium,Direct,Books,Premium,Silver,9,260.64
U000705,Female,41,35-44,Germany,Hamburg,Mobile,Windows,Chrome,VIP,Referral,Electronics,Free,Platinum,19,522.76
U000706,Female,54,45-54,Canada,Toronto,Desktop,iOS,Chrome,Returning,Referral,Sports,Free,Silver,10,550.7
U000707,Female,60,55+,United States,Austin,Mobile,Windows,Chrome,VIP,Referral,Accessories,Premium,Silver,37,1549.25
U000708,Female,39,35-44,United Kingdom,London,Mobile,Windows,Safari,Returning,YouTube,Books,Premium,Silver,28,947.45
U000709,Female,43,35-44,United States,Los Angeles,Mobile,Windows,Edge,At Risk,Direct,Beauty,Free,Gold,14,703.72
U000710,Male,39,35-44,Singapore,Singapore,Tablet,Windows,Safari,New,Instagram,Beauty,Free,Platinum,9,232.54
U000711,Male,50,45-54,United Kingdom,Manchester,Mobile,macOS,Safari,VIP,Email,Home,Free,Gold,2,66.66
U000712,Female,61,55+,United Kingdom,Birmingham,Desktop,Android,Chrome,Returning,YouTube,Sports,Free,Platinum,43,2858.77
U000713,Male,20,18-24,United States,Chicago,Mobile,Android,Safari,Premium,Instagram,Home,Free,Gold,54,3342.98
U000714,Male,47,45-54,Canada,Toronto,Desktop,Windows,Chrome,Premium,Direct,Beauty,Free,Silver,89,5141.63
U000715,Male,30,25-34,Canada,Vancouver,Mobile,iOS,Chrome,At Risk,Referral,Electronics,Premium,Bronze,13,787.63
U000716,Female,45,45-54,India,Mumbai,Desktop,Windows,Firefox,At Risk,Referral,Accessories,Free,Bronze,65,3185.6
U000717,Female,42,35-44,Australia,Sydney,Mobile,macOS,Edge,New,YouTube,Home,Premium,Silver,91,2526.97
U000718,Male,50,45-54,United Kingdom,Liverpool,Tablet,Android,Edge,VIP,Direct,Electronics,Free,Silver,40,2905.71
U000719,Male,53,45-54,United States,Austin,Mobile,Android,Chrome,Premium,Paid Search,Sports,Premium,Platinum,38,2071.61
U000720,Male,35,35-44,Germany,Munich,Mobile,macOS,Firefox,At Risk,Email,Electronics,Free,Bronze,94,3030.78
U000721,Female,26,25-34,India,Kochi,Tablet,Android,Edge,Returning,Direct,Accessories,Premium,Gold,27,2128.33
U000722,Male,26,25-34,Germany,Berlin,Mobile,Android,Chrome,VIP,Instagram,Electronics,Premium,Gold,32,1456.36
U000723,Male,43,35-44,United States,New York,Desktop,Android,Safari,VIP,Referral,Books,Premium,Bronze,88,6964.31
U000724,Male,57,55+,Australia,Melbourne,Tablet,Android,Chrome,VIP,Paid Search,Accessories,Premium,Platinum,17,1142.99
U000725,Male,56,55+,India,Delhi,Mobile,Windows,Firefox,Returning,Facebook,Fashion,Premium,Platinum,75,4964.93
U000726,Male,28,25-34,United States,Austin,Mobile,macOS,Safari,New,Organic Search,Books,Premium,Gold,11,759.88
U000727,Male,44,35-44,Singapore,Singapore,Desktop,Android,Safari,Returning,Paid Search,Toys,Premium,Gold,59,4570.88
U000728,Female,21,18-24,United Kingdom,Liverpool,Desktop,Windows,Safari,VIP,YouTube,Beauty,Premium,Silver,100,6696.87
U000729,Female,63,55+,United States,Austin,Tablet,macOS,Edge,VIP,Email,Home,Free,Platinum,54,2371.06
U000730,Male,26,25-34,Canada,Toronto,Desktop,Android,Safari,Returning,Instagram,Books,Premium,Silver,12,495.04
U000731,Male,24,18-24,Germany,Berlin,Tablet,macOS,Edge,Returning,Facebook,Fashion,Premium,Gold,69,4514.14
U000732,Male,32,25-34,United States,Austin,Tablet,iOS,Safari,Returning,Instagram,Electronics,Premium,Silver,44,3048.1
U000733,Male,32,25-34,United States,Los Angeles,Tablet,Android,Chrome,New,Instagram,Accessories,Premium,Bronze,26,2007.59
U000734,Female,41,35-44,Germany,Hamburg,Tablet,iOS,Safari,Premium,Referral,Toys,Premium,Gold,48,3479.82
U000735,Female,30,25-34,United Kingdom,Manchester,Desktop,macOS,Safari,At Risk,YouTube,Fashion,Premium,Silver,56,2541.81
U000736,Female,35,35-44,United States,New York,Mobile,Windows,Firefox,At Risk,Facebook,Fashion,Premium,Silver,23,1009.22
U000737,Female,43,35-44,Australia,Melbourne,Tablet,macOS,Safari,Premium,Referral,Home,Free,Silver,42,2866.88
U000738,Male,18,18-24,Canada,Montreal,Desktop,Android,Safari,New,Facebook,Electronics,Premium,Silver,18,687.2
U000739,Female,33,25-34,Singapore,Singapore,Desktop,iOS,Edge,New,Referral,Toys,Free,Platinum,54,3775.24
U000740,Male,32,25-34,India,Kochi,Desktop,iOS,Edge,Returning,Paid Search,Fashion,Premium,Platinum,3,79.95
U000741,Female,23,18-24,Australia,Brisbane,Tablet,iOS,Edge,VIP,Referral,Sports,Premium,Platinum,41,1377.72
U000742,Male,21,18-24,India,Hyderabad,Tablet,Windows,Safari,Premium,Direct,Beauty,Premium,Platinum,25,1508.87
U000743,Female,46,45-54,United States,Austin,Desktop,Android,Edge,VIP,Organic Search,Fashion,Premium,Bronze,56,2632.94
U000744,Female,59,55+,Singapore,Singapore,Mobile,macOS,Chrome,New,Instagram,Books,Free,Bronze,98,5841.93
U000745,Male,19,18-24,United States,Seattle,Mobile,iOS,Edge,Premium,Referral,Beauty,Free,Platinum,88,3062.4
U000746,Male,19,18-24,Australia,Brisbane,Mobile,macOS,Chrome,VIP,Direct,Electronics,Free,Bronze,30,2346.64
U000747,Female,30,25-34,Canada,Montreal,Mobile,Windows,Edge,At Risk,Referral,Beauty,Premium,Silver,45,2880.24
U000748,Male,64,55+,United Kingdom,Liverpool,Mobile,Android,Edge,VIP,Email,Beauty,Free,Bronze,85,5317.49
U000749,Male,36,35-44,United Kingdom,Birmingham,Desktop,Android,Edge,Returning,YouTube,Toys,Free,Gold,89,5619.65
U000750,Female,20,18-24,Canada,Calgary,Mobile,Android,Safari,At Risk,Referral,Fashion,Free,Silver,12,898.88
U000751,Male,42,35-44,India,Mumbai,Desktop,Windows,Firefox,At Risk,Email,Home,Free,Platinum,2,104.05
U000752,Female,60,55+,Singapore,Singapore,Desktop,macOS,Edge,Premium,Referral,Sports,Free,Silver,91,6089.03
U000753,Male,31,25-34,United States,Chicago,Tablet,Windows,Firefox,Premium,Direct,Books,Free,Silver,19,1470.14
U000754,Male,29,25-34,Germany,Hamburg,Tablet,iOS,Edge,Premium,Organic Search,Toys,Free,Platinum,52,1463.48
U000755,Female,33,25-34,India,Kochi,Desktop,macOS,Firefox,New,Email,Electronics,Premium,Gold,15,813.55
U000756,Female,32,25-34,Singapore,Singapore,Mobile,Windows,Chrome,Returning,YouTube,Home,Premium,Bronze,99,3139.42
U000757,Female,50,45-54,Singapore,Singapore,Tablet,iOS,Safari,New,Instagram,Sports,Premium,Bronze,85,3991.71
U000758,Male,41,35-44,United Kingdom,Liverpool,Tablet,Windows,Firefox,New,YouTube,Sports,Free,Bronze,73,2116.98
U000759,Male,54,45-54,Singapore,Singapore,Tablet,Windows,Safari,At Risk,Email,Books,Premium,Platinum,43,2087.85
U000760,Male,40,35-44,Singapore,Singapore,Mobile,Windows,Firefox,Returning,YouTube,Home,Free,Bronze,8,409.95
U000761,Male,57,55+,Singapore,Singapore,Mobile,iOS,Chrome,Returning,Email,Toys,Premium,Platinum,13,422.21
U000762,Female,52,45-54,Australia,Perth,Mobile,Windows,Edge,VIP,Referral,Accessories,Free,Bronze,52,1403.92
U000763,Female,56,55+,Singapore,Singapore,Tablet,Windows,Safari,Premium,Referral,Toys,Premium,Silver,17,834.39
U000764,Male,58,55+,United States,Austin,Mobile,Windows,Safari,Premium,Facebook,Beauty,Free,Gold,90,5680.2
U000765,Male,29,25-34,United States,New York,Tablet,Windows,Firefox,New,Instagram,Accessories,Premium,Gold,19,522.74
U000766,Male,36,35-44,Australia,Perth,Mobile,Android,Safari,At Risk,Referral,Toys,Premium,Gold,37,1901.67
U000767,Female,52,45-54,Germany,Frankfurt,Tablet,macOS,Firefox,New,YouTube,Beauty,Premium,Gold,64,3011.22
U000768,Male,45,45-54,Germany,Berlin,Mobile,macOS,Edge,Premium,Instagram,Beauty,Premium,Silver,33,2382.09
U000769,Male,20,18-24,Australia,Perth,Desktop,macOS,Chrome,New,Instagram,Home,Premium,Silver,35,1962.71
U000770,Female,38,35-44,United States,New York,Tablet,Windows,Edge,Premium,Instagram,Fashion,Free,Silver,89,4040.86
U000771,Male,47,45-54,Canada,Vancouver,Desktop,iOS,Firefox,At Risk,YouTube,Books,Premium,Platinum,55,2281.62
U000772,Female,60,55+,Canada,Vancouver,Desktop,Android,Firefox,Premium,Paid Search,Sports,Free,Platinum,39,3060.74
U000773,Female,54,45-54,Australia,Melbourne,Desktop,macOS,Firefox,Returning,Facebook,Toys,Premium,Bronze,97,5665.8
U000774,Female,51,45-54,Singapore,Singapore,Tablet,macOS,Edge,At Risk,Referral,Beauty,Premium,Bronze,19,709.63
U000775,Female,33,25-34,United States,New York,Mobile,Windows,Edge,New,Referral,Electronics,Premium,Gold,2,159.75
U000776,Female,37,35-44,Singapore,Singapore,Desktop,iOS,Safari,At Risk,Direct,Home,Free,Silver,25,1019.71
U000777,Female,18,18-24,India,Bangalore,Desktop,Windows,Edge,At Risk,Email,Electronics,Free,Silver,36,2022.04
U000778,Male,65,55+,Singapore,Singapore,Mobile,macOS,Firefox,VIP,Instagram,Toys,Free,Gold,14,455.0
U000779,Female,55,55+,United Kingdom,Birmingham,Mobile,Android,Chrome,Premium,Instagram,Sports,Free,Gold,1,55.55
U000780,Male,62,55+,United Kingdom,Birmingham,Mobile,iOS,Chrome,Returning,Facebook,Home,Free,Platinum,50,1858.54
U000781,Male,28,25-34,Germany,Munich,Desktop,macOS,Firefox,Returning,Facebook,Toys,Free,Bronze,5,360.94
U000782,Female,19,18-24,United Kingdom,Manchester,Tablet,macOS,Chrome,New,Instagram,Home,Premium,Platinum,85,4232.31
U000783,Female,55,55+,India,Delhi,Desktop,iOS,Chrome,VIP,Facebook,Beauty,Free,Gold,84,2514.28
U000784,Female,31,25-34,Singapore,Singapore,Mobile,Android,Edge,At Risk,Facebook,Toys,Premium,Gold,8,268.27
U000785,Male,29,25-34,Canada,Montreal,Mobile,Android,Edge,At Risk,Direct,Beauty,Free,Silver,94,6858.97
U000786,Male,19,18-24,United States,Los Angeles,Mobile,Android,Chrome,Returning,Organic Search,Beauty,Free,Gold,52,2940.54
U000787,Male,44,35-44,Canada,Calgary,Tablet,macOS,Safari,Premium,Organic Search,Accessories,Premium,Silver,9,588.36
U000788,Male,48,45-54,Australia,Brisbane,Tablet,Windows,Edge,Premium,Instagram,Beauty,Free,Bronze,97,6766.79
U000789,Female,29,25-34,United States,Austin,Mobile,Android,Chrome,Returning,Facebook,Home,Free,Silver,72,4847.55
U000790,Male,52,45-54,United Kingdom,Birmingham,Mobile,macOS,Edge,Returning,Direct,Sports,Free,Gold,9,693.54
U000791,Female,21,18-24,Canada,Calgary,Tablet,Windows,Safari,VIP,Instagram,Sports,Premium,Bronze,34,2085.24
U000792,Female,57,55+,Singapore,Singapore,Tablet,Android,Safari,Returning,Referral,Home,Premium,Bronze,34,943.59
U000793,Female,29,25-34,United States,Los Angeles,Desktop,macOS,Firefox,Premium,Direct,Beauty,Premium,Silver,77,2094.84
U000794,Male,58,55+,United States,Seattle,Mobile,Windows,Edge,New,Paid Search,Electronics,Free,Platinum,74,4981.54
U000795,Female,50,45-54,India,Delhi,Tablet,Windows,Chrome,VIP,Organic Search,Accessories,Premium,Bronze,90,3965.95
U000796,Female,58,55+,United States,Austin,Tablet,iOS,Edge,At Risk,Instagram,Fashion,Premium,Bronze,20,887.77
U000797,Female,29,25-34,United States,Chicago,Mobile,Android,Safari,Returning,Direct,Electronics,Premium,Gold,64,4927.62
U000798,Female,27,25-34,United States,New York,Tablet,iOS,Safari,Returning,Email,Electronics,Free,Silver,49,1699.72
U000799,Male,36,35-44,United Kingdom,Liverpool,Desktop,macOS,Firefox,New,Facebook,Accessories,Free,Silver,57,4175.05
U000800,Female,18,18-24,Singapore,Singapore,Mobile,iOS,Edge,VIP,Referral,Sports,Free,Platinum,79,4943.14
U000801,Female,45,45-54,Germany,Munich,Desktop,Android,Firefox,Returning,Referral,Accessories,Premium,Gold,21,1619.51
U000802,Female,28,25-34,United States,Los Angeles,Mobile,macOS,Firefox,At Risk,Paid Search,Home,Free,Bronze,73,2441.75
U000803,Male,59,55+,United Kingdom,Manchester,Mobile,iOS,Safari,Returning,Organic Search,Home,Premium,Gold,20,1151.78
U000804,Female,60,55+,Germany,Frankfurt,Tablet,Android,Safari,Returning,Facebook,Home,Free,Platinum,30,1469.22
U000805,Male,42,35-44,India,Bangalore,Tablet,iOS,Chrome,Returning,Email,Fashion,Free,Bronze,85,3336.8
U000806,Male,20,18-24,United Kingdom,Manchester,Tablet,Windows,Edge,Returning,Paid Search,Home,Free,Gold,91,6556.97
U000807,Male,65,55+,United Kingdom,London,Desktop,macOS,Safari,VIP,Facebook,Electronics,Free,Bronze,92,4184.8
U000808,Female,51,45-54,United Kingdom,Liverpool,Desktop,iOS,Edge,New,Organic Search,Toys,Free,Platinum,72,3927.45
U000809,Female,46,45-54,Germany,Frankfurt,Tablet,macOS,Safari,Premium,YouTube,Sports,Free,Platinum,32,2264.16
U000810,Male,64,55+,United States,Chicago,Tablet,Android,Safari,Returning,Direct,Fashion,Free,Silver,38,2326.27
U000811,Female,19,18-24,United Kingdom,London,Tablet,Android,Chrome,Premium,Referral,Fashion,Free,Platinum,6,243.83
U000812,Female,57,55+,Canada,Vancouver,Tablet,Windows,Edge,At Risk,Email,Fashion,Free,Bronze,98,4639.69
U000813,Male,32,25-34,Canada,Calgary,Tablet,Windows,Chrome,New,Instagram,Beauty,Free,Gold,53,1386.03
U000814,Male,30,25-34,Australia,Perth,Desktop,Windows,Firefox,Returning,Facebook,Beauty,Free,Bronze,25,1825.33
U000815,Male,40,35-44,Australia,Melbourne,Tablet,Windows,Chrome,VIP,YouTube,Toys,Free,Platinum,54,3852.08
U000816,Male,45,45-54,United States,Chicago,Tablet,macOS,Edge,Returning,Referral,Toys,Free,Gold,23,1642.45
U000817,Female,58,55+,India,Kochi,Mobile,macOS,Safari,New,Email,Toys,Premium,Bronze,70,5265.25
U000818,Male,18,18-24,India,Delhi,Mobile,Android,Edge,New,Email,Books,Free,Platinum,20,1230.21
U000819,Male,65,55+,Australia,Sydney,Desktop,macOS,Safari,VIP,Paid Search,Electronics,Premium,Gold,68,3483.5
U000820,Male,55,55+,United States,New York,Tablet,iOS,Edge,New,Direct,Accessories,Premium,Platinum,82,6103.83
U000821,Female,25,25-34,Canada,Toronto,Tablet,Android,Firefox,Premium,Referral,Home,Free,Silver,46,3603.94
U000822,Female,62,55+,Canada,Calgary,Tablet,macOS,Edge,At Risk,Instagram,Fashion,Free,Gold,48,3037.26
U000823,Male,46,45-54,United States,Los Angeles,Desktop,iOS,Edge,At Risk,Facebook,Toys,Free,Platinum,79,4178.91
U000824,Male,65,55+,United Kingdom,Manchester,Desktop,iOS,Safari,Returning,YouTube,Toys,Premium,Bronze,75,5429.32
U000825,Male,46,45-54,Australia,Perth,Tablet,macOS,Firefox,VIP,Facebook,Books,Premium,Platinum,63,1649.82
U000826,Female,35,35-44,India,Chennai,Mobile,macOS,Safari,Returning,Facebook,Accessories,Premium,Silver,25,1728.75
U000827,Male,43,35-44,Germany,Berlin,Desktop,iOS,Firefox,New,Direct,Toys,Free,Gold,49,2014.55
U000828,Female,28,25-34,India,Mumbai,Mobile,macOS,Safari,Premium,Organic Search,Electronics,Free,Gold,21,985.23
U000829,Male,52,45-54,Singapore,Singapore,Mobile,Android,Chrome,Premium,Referral,Sports,Free,Platinum,46,2465.81
U000830,Male,34,25-34,Singapore,Singapore,Mobile,Android,Safari,Premium,Organic Search,Electronics,Free,Silver,71,3132.51
U000831,Female,20,18-24,Germany,Hamburg,Mobile,iOS,Edge,New,Instagram,Toys,Premium,Bronze,93,4321.78
U000832,Female,53,45-54,United Kingdom,Manchester,Desktop,macOS,Chrome,At Risk,Referral,Electronics,Free,Platinum,57,4493.37
U000833,Male,28,25-34,Canada,Toronto,Desktop,iOS,Chrome,New,Email,Sports,Premium,Gold,4,124.86
U000834,Female,34,25-34,United States,Austin,Desktop,iOS,Firefox,VIP,YouTube,Books,Free,Gold,77,5898.03
U000835,Female,20,18-24,Canada,Vancouver,Desktop,macOS,Safari,Returning,Instagram,Toys,Free,Silver,100,3193.25
U000836,Male,29,25-34,India,Chennai,Tablet,iOS,Safari,New,Facebook,Accessories,Premium,Platinum,2,86.5
U000837,Female,42,35-44,United Kingdom,Liverpool,Tablet,Android,Safari,Premium,Direct,Fashion,Free,Silver,88,6001.66
U000838,Female,38,35-44,India,Hyderabad,Desktop,iOS,Edge,New,Direct,Electronics,Free,Silver,11,861.52
U000839,Male,43,35-44,United States,Chicago,Tablet,macOS,Edge,Returning,Referral,Accessories,Free,Platinum,12,914.14
U000840,Female,35,35-44,Australia,Melbourne,Tablet,iOS,Firefox,Returning,Direct,Sports,Free,Gold,80,3524.62
U000841,Female,26,25-34,Germany,Hamburg,Desktop,iOS,Chrome,VIP,Paid Search,Electronics,Premium,Bronze,13,615.35
U000842,Male,51,45-54,Singapore,Singapore,Desktop,macOS,Safari,Premium,Facebook,Accessories,Free,Gold,47,1972.51
U000843,Female,58,55+,United States,Los Angeles,Tablet,iOS,Chrome,VIP,Paid Search,Books,Premium,Platinum,99,3243.54
U000844,Female,30,25-34,United Kingdom,Liverpool,Mobile,macOS,Chrome,Returning,Email,Fashion,Free,Platinum,78,2821.62
U000845,Male,23,18-24,Singapore,Singapore,Desktop,Windows,Safari,At Risk,Direct,Fashion,Premium,Silver,89,3209.09
U000846,Female,48,45-54,Australia,Perth,Mobile,iOS,Chrome,Premium,Direct,Fashion,Premium,Gold,26,663.79
U000847,Female,44,35-44,United Kingdom,Manchester,Tablet,Windows,Chrome,At Risk,Paid Search,Books,Premium,Platinum,42,2733.85
U000848,Female,30,25-34,United Kingdom,Liverpool,Desktop,macOS,Edge,At Risk,YouTube,Fashion,Premium,Silver,49,2563.24
U000849,Female,31,25-34,Singapore,Singapore,Desktop,macOS,Firefox,Premium,Organic Search,Electronics,Free,Bronze,18,1031.78
U000850,Male,21,18-24,Australia,Brisbane,Tablet,Android,Firefox,Returning,Paid Search,Fashion,Premium,Gold,62,2327.05
U000851,Female,36,35-44,United States,Los Angeles,Tablet,macOS,Firefox,VIP,Direct,Books,Premium,Gold,50,2011.57
U000852,Male,58,55+,Germany,Hamburg,Tablet,Windows,Edge,Returning,Paid Search,Accessories,Premium,Bronze,97,5198.66
U000853,Female,26,25-34,United Kingdom,Manchester,Mobile,macOS,Chrome,Premium,Facebook,Sports,Premium,Bronze,82,4794.05
U000854,Male,35,35-44,Singapore,Singapore,Tablet,macOS,Chrome,New,Direct,Beauty,Free,Silver,55,2876.43
U000855,Male,51,45-54,Australia,Brisbane,Mobile,Android,Safari,At Risk,Paid Search,Sports,Premium,Bronze,97,4742.62
U000856,Male,19,18-24,Germany,Munich,Desktop,iOS,Edge,At Risk,YouTube,Toys,Free,Silver,14,692.88
U000857,Male,41,35-44,India,Kochi,Tablet,macOS,Chrome,Premium,Email,Home,Premium,Bronze,85,3588.65
U000858,Male,65,55+,Germany,Berlin,Mobile,Android,Edge,At Risk,Referral,Sports,Free,Gold,16,906.59
U000859,Male,40,35-44,India,Delhi,Tablet,iOS,Chrome,At Risk,Paid Search,Electronics,Premium,Gold,93,4507.02
U000860,Male,21,18-24,United States,Los Angeles,Desktop,Windows,Firefox,At Risk,Referral,Beauty,Premium,Platinum,28,1800.54
U000861,Female,26,25-34,Canada,Toronto,Tablet,Android,Edge,Premium,Email,Electronics,Free,Gold,28,1762.92
U000862,Female,52,45-54,United Kingdom,Birmingham,Desktop,Android,Chrome,Premium,YouTube,Toys,Free,Platinum,12,542.03
U000863,Male,54,45-54,United States,Los Angeles,Mobile,macOS,Firefox,Returning,YouTube,Electronics,Free,Silver,45,3079.89
U000864,Male,48,45-54,Canada,Vancouver,Tablet,macOS,Safari,VIP,Organic Search,Books,Free,Gold,59,1566.42
U000865,Female,29,25-34,Australia,Sydney,Mobile,macOS,Chrome,New,Paid Search,Accessories,Premium,Silver,49,3400.51
U000866,Male,39,35-44,Australia,Brisbane,Desktop,Windows,Chrome,Returning,Organic Search,Home,Premium,Silver,53,3739.31
U000867,Female,18,18-24,United Kingdom,Manchester,Mobile,Windows,Firefox,Premium,Facebook,Accessories,Free,Silver,63,3029.26
U000868,Male,55,55+,United Kingdom,Manchester,Desktop,macOS,Safari,Premium,Organic Search,Home,Free,Gold,3,169.93
U000869,Female,57,55+,Australia,Perth,Desktop,Windows,Edge,Premium,Referral,Home,Premium,Bronze,98,3903.26
U000870,Female,47,45-54,United Kingdom,Manchester,Tablet,Windows,Chrome,VIP,Facebook,Electronics,Free,Gold,3,180.9
U000871,Female,31,25-34,Australia,Sydney,Desktop,iOS,Edge,Returning,Email,Toys,Premium,Platinum,65,3388.97
U000872,Male,46,45-54,India,Bangalore,Tablet,Windows,Chrome,Premium,Email,Toys,Free,Silver,13,491.27
U000873,Male,52,45-54,United States,Seattle,Mobile,iOS,Chrome,Returning,Email,Fashion,Free,Gold,18,795.19
U000874,Female,46,45-54,Canada,Vancouver,Mobile,Windows,Chrome,VIP,Facebook,Fashion,Free,Silver,1,39.77
U000875,Male,35,35-44,United Kingdom,Manchester,Tablet,macOS,Firefox,New,Direct,Home,Premium,Platinum,71,4286.88
U000876,Female,19,18-24,Australia,Perth,Tablet,macOS,Edge,Returning,Direct,Books,Free,Platinum,20,1318.85
U000877,Female,37,35-44,Singapore,Singapore,Tablet,Android,Edge,VIP,Paid Search,Fashion,Free,Bronze,24,982.29
U000878,Female,30,25-34,United Kingdom,Birmingham,Mobile,Windows,Safari,New,Direct,Toys,Premium,Silver,68,3314.26
U000879,Male,21,18-24,United States,New York,Desktop,macOS,Edge,New,Instagram,Beauty,Premium,Bronze,5,288.5
U000880,Male,18,18-24,United Kingdom,Birmingham,Mobile,Windows,Safari,Returning,Direct,Books,Free,Bronze,61,3554.49
U000881,Male,47,45-54,United States,Austin,Tablet,macOS,Edge,Returning,Paid Search,Fashion,Free,Platinum,60,1795.27
U000882,Male,54,45-54,India,Kochi,Tablet,macOS,Safari,Returning,Direct,Fashion,Free,Gold,66,3365.59
U000883,Male,38,35-44,Singapore,Singapore,Desktop,Windows,Edge,At Risk,Paid Search,Accessories,Free,Platinum,96,4551.67
U000884,Male,34,25-34,United Kingdom,Manchester,Mobile,iOS,Firefox,Returning,Direct,Books,Free,Bronze,53,1481.81
U000885,Male,59,55+,Canada,Toronto,Tablet,iOS,Chrome,Returning,Organic Search,Sports,Premium,Platinum,19,832.73
U000886,Male,48,45-54,United States,Seattle,Desktop,iOS,Firefox,New,Email,Home,Premium,Platinum,79,2073.21
U000887,Male,23,18-24,Germany,Frankfurt,Tablet,Android,Firefox,Premium,Instagram,Books,Free,Platinum,78,5460.68
U000888,Male,20,18-24,United States,New York,Desktop,Windows,Edge,VIP,YouTube,Sports,Premium,Gold,14,792.73
U000889,Male,48,45-54,Australia,Perth,Mobile,macOS,Safari,New,Organic Search,Sports,Premium,Platinum,66,4098.31
U000890,Male,34,25-34,India,Chennai,Tablet,Windows,Chrome,VIP,Facebook,Home,Free,Platinum,96,3618.21
U000891,Male,37,35-44,India,Mumbai,Desktop,Android,Edge,Premium,Email,Sports,Premium,Platinum,52,2933.86
U000892,Male,35,35-44,Canada,Toronto,Tablet,macOS,Firefox,Premium,YouTube,Home,Free,Bronze,65,2188.85
U000893,Female,28,25-34,India,Delhi,Tablet,Android,Chrome,Premium,Instagram,Electronics,Free,Silver,26,1713.18
U000894,Female,18,18-24,India,Mumbai,Mobile,iOS,Safari,VIP,Email,Fashion,Free,Bronze,3,165.51
U000895,Female,51,45-54,Australia,Sydney,Mobile,Windows,Chrome,VIP,Direct,Beauty,Free,Platinum,16,621.87
U000896,Male,30,25-34,Canada,Calgary,Desktop,Windows,Firefox,Premium,Paid Search,Toys,Premium,Gold,95,6117.99
U000897,Female,42,35-44,United States,New York,Tablet,Android,Edge,VIP,Paid Search,Fashion,Free,Platinum,7,183.88
U000898,Female,23,18-24,India,Chennai,Tablet,iOS,Firefox,At Risk,Direct,Sports,Free,Bronze,11,467.6
U000899,Female,30,25-34,Germany,Hamburg,Mobile,iOS,Edge,Premium,YouTube,Toys,Free,Platinum,86,2206.94
U000900,Female,38,35-44,Canada,Montreal,Desktop,macOS,Safari,Returning,Organic Search,Fashion,Free,Silver,37,2109.38
U000901,Male,35,35-44,Germany,Berlin,Tablet,Android,Edge,Returning,Referral,Sports,Free,Silver,18,1149.28
U000902,Male,43,35-44,United States,New York,Desktop,iOS,Firefox,Returning,Referral,Beauty,Premium,Silver,68,2996.47
U000903,Female,44,35-44,United Kingdom,Manchester,Mobile,Windows,Firefox,New,Direct,Fashion,Free,Gold,29,1274.38
U000904,Male,24,18-24,Australia,Sydney,Tablet,Android,Firefox,Premium,Organic Search,Sports,Premium,Bronze,88,4226.38
U000905,Male,20,18-24,India,Hyderabad,Desktop,macOS,Safari,New,Organic Search,Fashion,Free,Silver,78,2691.71
U000906,Male,51,45-54,United States,Seattle,Mobile,Android,Safari,New,Instagram,Fashion,Free,Bronze,12,319.55
U000907,Female,59,55+,United Kingdom,Liverpool,Desktop,iOS,Edge,Premium,Facebook,Toys,Free,Gold,2,104.75
U000908,Male,59,55+,United States,Chicago,Tablet,iOS,Safari,New,Paid Search,Fashion,Premium,Silver,57,2738.45
U000909,Male,18,18-24,United Kingdom,Birmingham,Tablet,iOS,Safari,Returning,Facebook,Beauty,Premium,Platinum,93,6128.11
U000910,Female,23,18-24,Canada,Calgary,Mobile,Android,Safari,Returning,YouTube,Accessories,Free,Platinum,69,2366.65
U000911,Female,44,35-44,Germany,Frankfurt,Mobile,Android,Firefox,New,Referral,Toys,Premium,Gold,45,3431.41
U000912,Male,57,55+,United Kingdom,Birmingham,Tablet,Windows,Edge,Premium,Organic Search,Electronics,Premium,Bronze,60,4238.57
U000913,Male,50,45-54,United Kingdom,Birmingham,Mobile,iOS,Firefox,Returning,Facebook,Electronics,Premium,Platinum,39,3063.27
U000914,Male,65,55+,Singapore,Singapore,Mobile,Windows,Firefox,VIP,Facebook,Books,Free,Gold,71,2369.97
U000915,Female,34,25-34,Australia,Melbourne,Desktop,Windows,Chrome,New,Referral,Beauty,Free,Silver,3,235.03
U000916,Female,47,45-54,United States,New York,Mobile,iOS,Firefox,At Risk,Direct,Fashion,Premium,Platinum,86,4179.33
U000917,Male,52,45-54,India,Hyderabad,Desktop,Windows,Chrome,New,Direct,Fashion,Free,Gold,52,2042.66
U000918,Male,37,35-44,United States,Los Angeles,Mobile,Windows,Chrome,VIP,Organic Search,Sports,Premium,Bronze,11,760.3
U000919,Female,33,25-34,Canada,Vancouver,Mobile,Windows,Edge,Returning,Organic Search,Beauty,Free,Platinum,13,835.17
U000920,Female,53,45-54,Singapore,Singapore,Mobile,Windows,Edge,Premium,Referral,Fashion,Free,Bronze,11,329.13
U000921,Female,62,55+,Canada,Toronto,Mobile,Windows,Safari,Returning,Instagram,Electronics,Premium,Bronze,76,5338.62
U000922,Female,55,55+,Germany,Hamburg,Desktop,Windows,Chrome,New,Email,Accessories,Premium,Silver,82,4154.63
U000923,Female,39,35-44,Australia,Melbourne,Mobile,macOS,Chrome,VIP,Direct,Accessories,Free,Silver,91,2872.5
U000924,Male,47,45-54,India,Hyderabad,Tablet,macOS,Edge,Returning,Email,Toys,Premium,Platinum,14,678.6
U000925,Female,49,45-54,Singapore,Singapore,Mobile,Windows,Safari,VIP,Paid Search,Electronics,Free,Gold,69,2476.28
U000926,Female,53,45-54,India,Kochi,Desktop,macOS,Chrome,New,Direct,Sports,Premium,Silver,93,5988.97
U000927,Male,26,25-34,United States,Seattle,Desktop,Windows,Safari,At Risk,YouTube,Books,Premium,Gold,24,814.2
U000928,Female,43,35-44,Germany,Frankfurt,Tablet,iOS,Chrome,VIP,Paid Search,Beauty,Premium,Silver,3,139.17
U000929,Female,23,18-24,United Kingdom,London,Desktop,Android,Safari,New,Organic Search,Accessories,Free,Silver,95,2978.17
U000930,Female,30,25-34,United Kingdom,London,Mobile,iOS,Edge,New,Email,Home,Premium,Gold,84,4514.79
U000931,Male,50,45-54,India,Delhi,Tablet,macOS,Chrome,New,Instagram,Beauty,Free,Silver,4,102.25
U000932,Female,24,18-24,United Kingdom,London,Tablet,macOS,Firefox,VIP,Email,Beauty,Premium,Silver,49,2508.55
U000933,Male,37,35-44,Australia,Sydney,Mobile,iOS,Safari,VIP,Facebook,Home,Premium,Platinum,12,302.07
U000934,Female,25,25-34,United Kingdom,Birmingham,Tablet,Windows,Edge,At Risk,Paid Search,Accessories,Premium,Gold,32,1771.18
U000935,Female,24,18-24,United States,Chicago,Tablet,Windows,Firefox,Premium,Facebook,Home,Premium,Bronze,76,3455.44
U000936,Female,60,55+,Singapore,Singapore,Mobile,Android,Firefox,Premium,YouTube,Books,Premium,Platinum,21,787.28
U000937,Female,47,45-54,Canada,Vancouver,Mobile,Windows,Safari,Returning,Organic Search,Accessories,Free,Gold,5,223.48
U000938,Male,42,35-44,Singapore,Singapore,Desktop,Windows,Edge,New,Referral,Books,Premium,Silver,97,5905.23
U000939,Male,51,45-54,India,Delhi,Desktop,iOS,Safari,Returning,YouTube,Electronics,Free,Silver,57,2354.55
U000940,Male,39,35-44,United Kingdom,Birmingham,Desktop,Android,Firefox,New,Referral,Toys,Premium,Gold,88,4755.89
U000941,Male,26,25-34,India,Hyderabad,Mobile,macOS,Chrome,Returning,Instagram,Beauty,Premium,Platinum,84,6222.74
U000942,Male,44,35-44,Germany,Munich,Tablet,macOS,Safari,At Risk,Organic Search,Toys,Free,Gold,46,2677.47
U000943,Male,51,45-54,Australia,Perth,Mobile,iOS,Firefox,Returning,Facebook,Electronics,Premium,Bronze,76,4739.99
U000944,Female,61,55+,Australia,Melbourne,Tablet,Windows,Firefox,At Risk,Referral,Toys,Premium,Bronze,61,2196.05
U000945,Female,38,35-44,United States,Los Angeles,Tablet,macOS,Safari,Premium,Instagram,Sports,Free,Platinum,53,2637.43
U000946,Female,22,18-24,Australia,Sydney,Mobile,Android,Safari,Returning,YouTube,Home,Premium,Silver,31,2192.15
U000947,Male,29,25-34,India,Kochi,Desktop,Windows,Chrome,New,Referral,Books,Premium,Platinum,23,796.93
U000948,Male,56,55+,India,Hyderabad,Desktop,Android,Firefox,New,Facebook,Sports,Premium,Silver,14,675.66
U000949,Male,20,18-24,United Kingdom,Manchester,Mobile,Android,Edge,New,Direct,Toys,Free,Bronze,14,993.37
U000950,Male,35,35-44,United States,Seattle,Mobile,macOS,Chrome,New,Referral,Accessories,Free,Silver,35,1828.75
U000951,Male,23,18-24,Canada,Vancouver,Desktop,Windows,Chrome,Premium,Email,Beauty,Free,Platinum,58,4279.83
U000952,Male,47,45-54,United States,Los Angeles,Mobile,macOS,Edge,At Risk,Facebook,Accessories,Premium,Silver,36,1645.94
U000953,Male,53,45-54,India,Chennai,Tablet,macOS,Firefox,Premium,Organic Search,Home,Premium,Gold,29,2252.85
U000954,Male,24,18-24,Germany,Munich,Desktop,Android,Safari,Returning,Paid Search,Home,Free,Platinum,95,5534.62
U000955,Female,32,25-34,United Kingdom,London,Mobile,Android,Safari,VIP,Referral,Toys,Premium,Silver,39,3066.25
U000956,Female,47,45-54,Singapore,Singapore,Mobile,macOS,Firefox,At Risk,Instagram,Electronics,Premium,Bronze,71,4291.86
U000957,Female,50,45-54,Singapore,Singapore,Tablet,macOS,Firefox,VIP,Organic Search,Home,Free,Bronze,39,2725.46
U000958,Male,60,55+,Germany,Berlin,Tablet,Windows,Edge,Returning,Paid Search,Books,Premium,Silver,73,5678.72
U000959,Male,57,55+,India,Bangalore,Tablet,Android,Edge,Returning,Instagram,Beauty,Free,Silver,34,1863.94
U000960,Male,29,25-34,India,Delhi,Mobile,iOS,Firefox,Premium,Organic Search,Fashion,Free,Gold,32,1429.24
U000961,Female,36,35-44,United Kingdom,London,Tablet,Android,Edge,Returning,Email,Home,Premium,Silver,29,2089.23
U000962,Male,43,35-44,United States,Austin,Desktop,Android,Chrome,Returning,Facebook,Sports,Free,Silver,55,1775.09
U000963,Female,55,55+,India,Hyderabad,Desktop,Android,Chrome,New,Direct,Beauty,Premium,Platinum,100,4333.37
U000964,Female,30,25-34,India,Hyderabad,Desktop,Android,Chrome,New,YouTube,Home,Premium,Bronze,59,2477.67
U000965,Male,54,45-54,United States,Seattle,Tablet,Android,Edge,VIP,Referral,Fashion,Free,Bronze,44,2605.56
U000966,Female,48,45-54,United Kingdom,Manchester,Desktop,macOS,Firefox,Returning,YouTube,Sports,Premium,Bronze,93,4375.0
U000967,Female,27,25-34,Germany,Berlin,Mobile,Windows,Chrome,At Risk,Direct,Sports,Premium,Silver,80,3873.18
U000968,Male,35,35-44,India,Delhi,Desktop,Android,Firefox,Premium,Organic Search,Books,Free,Gold,22,1403.23
U000969,Male,31,25-34,Germany,Munich,Desktop,Android,Chrome,At Risk,Referral,Accessories,Premium,Silver,13,741.05
U000970,Female,34,25-34,Canada,Vancouver,Mobile,Android,Chrome,At Risk,Email,Sports,Premium,Bronze,48,3028.0
U000971,Female,55,55+,United States,New York,Desktop,Windows,Safari,VIP,YouTube,Beauty,Free,Silver,39,2630.21
U000972,Male,28,25-34,Australia,Perth,Mobile,iOS,Safari,At Risk,Facebook,Toys,Premium,Bronze,46,1391.05
U000973,Male,51,45-54,United Kingdom,Liverpool,Tablet,Android,Firefox,VIP,Referral,Home,Premium,Silver,95,5130.1
U000974,Male,19,18-24,Germany,Hamburg,Desktop,iOS,Edge,Premium,Instagram,Fashion,Premium,Silver,51,2627.73
U000975,Male,53,45-54,United States,Chicago,Mobile,Android,Firefox,VIP,Direct,Sports,Premium,Silver,24,1747.84
U000976,Male,53,45-54,Canada,Vancouver,Tablet,Windows,Chrome,Returning,Direct,Beauty,Premium,Bronze,76,5078.8
U000977,Male,36,35-44,Australia,Melbourne,Tablet,macOS,Safari,Returning,Referral,Electronics,Free,Platinum,77,1973.47
U000978,Male,43,35-44,India,Bangalore,Tablet,iOS,Safari,Returning,Direct,Fashion,Premium,Gold,44,3103.84
U000979,Male,59,55+,India,Mumbai,Mobile,Windows,Edge,Returning,Instagram,Beauty,Free,Silver,92,3471.89
U000980,Male,28,25-34,United Kingdom,Birmingham,Desktop,Windows,Chrome,VIP,Organic Search,Home,Premium,Platinum,12,357.32
U000981,Male,60,55+,India,Bangalore,Tablet,macOS,Chrome,VIP,YouTube,Home,Premium,Gold,52,2103.62
U000982,Female,31,25-34,Germany,Hamburg,Mobile,macOS,Edge,Returning,Facebook,Toys,Free,Platinum,2,51.62
U000983,Male,45,45-54,Germany,Munich,Mobile,macOS,Chrome,New,Facebook,Sports,Free,Platinum,29,1798.91
U000984,Female,37,35-44,United States,Chicago,Desktop,iOS,Chrome,Returning,Referral,Home,Premium,Platinum,92,2801.66
U000985,Male,60,55+,Canada,Montreal,Desktop,Android,Firefox,At Risk,Facebook,Home,Free,Gold,62,4792.98
U000986,Female,45,45-54,Singapore,Singapore,Mobile,macOS,Chrome,New,Referral,Beauty,Free,Gold,61,2624.75
U000987,Male,62,55+,United States,New York,Desktop,iOS,Firefox,Premium,Paid Search,Accessories,Free,Silver,22,897.31
U000988,Male,35,35-44,United Kingdom,Birmingham,Tablet,macOS,Firefox,VIP,Organic Search,Home,Premium,Gold,100,4343.83
U000989,Male,52,45-54,United Kingdom,Manchester,Desktop,Windows,Firefox,VIP,Direct,Beauty,Premium,Gold,49,3494.37
U000990,Male,22,18-24,Germany,Berlin,Tablet,iOS,Firefox,VIP,Facebook,Home,Free,Platinum,1,57.76
U000991,Male,64,55+,United Kingdom,Manchester,Mobile,Android,Safari,At Risk,Paid Search,Sports,Premium,Bronze,42,2852.33
U000992,Male,37,35-44,Canada,Calgary,Desktop,iOS,Firefox,Returning,Referral,Electronics,Premium,Platinum,95,2865.44
U000993,Female,23,18-24,Australia,Perth,Desktop,iOS,Safari,VIP,Direct,Toys,Free,Platinum,84,6549.15
U000994,Male,53,45-54,Singapore,Singapore,Tablet,iOS,Chrome,New,Direct,Accessories,Premium,Silver,48,2940.08
U000995,Female,54,45-54,Singapore,Singapore,Desktop,Windows,Safari,At Risk,YouTube,Electronics,Premium,Silver,2,135.48
U000996,Male,41,35-44,Canada,Calgary,Mobile,Android,Safari,Premium,YouTube,Beauty,Free,Bronze,5,217.8
U000997,Female,43,35-44,Canada,Calgary,Desktop,Windows,Edge,Returning,Direct,Toys,Premium,Platinum,86,3147.98
U000998,Male,54,45-54,Germany,Hamburg,Tablet,macOS,Safari,Premium,Email,Books,Free,Platinum,100,2947.05
U000999,Female,48,45-54,Singapore,Singapore,Tablet,Android,Safari,VIP,Organic Search,Books,Premium,Bronze,74,3537.87
U001000,Male,60,55+,Germany,Hamburg,Tablet,macOS,Chrome,Premium,YouTube,Fashion,Premium,Platinum,74,2411.86
U001001,Male,19,18-24,Canada,Calgary,Mobile,macOS,Edge,At Risk,Organic Search,Accessories,Free,Silver,27,952.43
U001002,Male,50,45-54,Singapore,Singapore,Desktop,Windows,Edge,VIP,Instagram,Beauty,Free,Platinum,87,6937.01
U001003,Female,23,18-24,Canada,Toronto,Tablet,iOS,Edge,VIP,Facebook,Home,Free,Silver,69,3329.86
U001004,Male,63,55+,Germany,Munich,Desktop,iOS,Chrome,New,Facebook,Books,Premium,Platinum,12,745.22
U001005,Female,19,18-24,Canada,Vancouver,Mobile,Windows,Firefox,Premium,Direct,Sports,Free,Gold,9,530.38
U001006,Male,60,55+,Singapore,Singapore,Desktop,Windows,Safari,VIP,Organic Search,Toys,Premium,Gold,7,443.49
U001007,Male,60,55+,United States,New York,Mobile,macOS,Firefox,At Risk,Direct,Fashion,Premium,Bronze,44,3236.93
U001008,Male,30,25-34,Canada,Toronto,Desktop,iOS,Chrome,VIP,Organic Search,Beauty,Free,Bronze,15,767.66
U001009,Male,51,45-54,Germany,Berlin,Tablet,Android,Safari,At Risk,Direct,Sports,Premium,Gold,59,1992.04
U001010,Female,19,18-24,Germany,Berlin,Tablet,Android,Safari,Premium,Paid Search,Fashion,Premium,Bronze,59,1953.01
U001011,Female,45,45-54,Australia,Sydney,Mobile,Android,Safari,VIP,YouTube,Home,Free,Bronze,93,5393.19
U001012,Female,51,45-54,United States,New York,Mobile,Android,Safari,Returning,Facebook,Sports,Premium,Silver,31,1840.46
U001013,Female,38,35-44,Singapore,Singapore,Desktop,macOS,Chrome,New,Direct,Electronics,Premium,Silver,81,4925.03
U001014,Male,37,35-44,United States,Los Angeles,Tablet,Windows,Edge,Returning,Referral,Books,Free,Bronze,28,1328.05
U001015,Male,29,25-34,Australia,Brisbane,Mobile,macOS,Safari,New,Direct,Sports,Free,Platinum,73,3637.17
U001016,Male,38,35-44,United States,Los Angeles,Tablet,macOS,Firefox,At Risk,Paid Search,Accessories,Premium,Gold,6,266.14
U001017,Female,61,55+,India,Delhi,Tablet,Android,Chrome,Premium,Referral,Accessories,Free,Gold,52,3665.42
U001018,Male,35,35-44,Germany,Frankfurt,Mobile,Android,Safari,New,YouTube,Toys,Premium,Platinum,53,1768.87
U001019,Female,36,35-44,Australia,Sydney,Tablet,macOS,Edge,Returning,Organic Search,Sports,Free,Platinum,17,773.6
U001020,Male,29,25-34,United States,Seattle,Desktop,macOS,Safari,New,Referral,Toys,Free,Silver,73,4313.83
U001021,Male,40,35-44,Canada,Vancouver,Mobile,iOS,Safari,VIP,Referral,Accessories,Premium,Silver,76,5723.92
U001022,Male,41,35-44,Singapore,Singapore,Desktop,Android,Chrome,At Risk,Facebook,Beauty,Free,Gold,2,83.12
U001023,Male,30,25-34,Australia,Melbourne,Mobile,macOS,Chrome,New,Organic Search,Fashion,Premium,Gold,98,5681.25
U001024,Male,21,18-24,Germany,Frankfurt,Desktop,Android,Chrome,Premium,Paid Search,Beauty,Premium,Bronze,52,1719.83
U001025,Male,19,18-24,United States,Austin,Tablet,macOS,Edge,New,YouTube,Books,Premium,Gold,74,3867.52
U001026,Female,28,25-34,Germany,Munich,Tablet,Android,Chrome,At Risk,Direct,Beauty,Premium,Silver,38,2848.95
U001027,Male,19,18-24,Australia,Perth,Tablet,iOS,Safari,Returning,Organic Search,Books,Premium,Silver,55,2670.02
U001028,Male,18,18-24,India,Hyderabad,Desktop,macOS,Safari,New,YouTube,Books,Premium,Silver,85,3829.02
U001029,Female,59,55+,Germany,Hamburg,Desktop,iOS,Chrome,Returning,Instagram,Beauty,Free,Silver,1,42.03
U001030,Male,48,45-54,Germany,Hamburg,Desktop,macOS,Safari,Returning,Direct,Fashion,Premium,Gold,52,1577.23
U001031,Male,21,18-24,United States,Seattle,Mobile,Android,Firefox,At Risk,Paid Search,Beauty,Premium,Silver,12,800.0
U001032,Male,31,25-34,Canada,Toronto,Desktop,iOS,Firefox,VIP,Facebook,Electronics,Premium,Platinum,25,1035.12
U001033,Female,45,45-54,India,Hyderabad,Mobile,Android,Firefox,New,Organic Search,Accessories,Premium,Gold,96,7462.3
U001034,Female,22,18-24,Singapore,Singapore,Mobile,macOS,Edge,Returning,Instagram,Fashion,Premium,Gold,61,3638.23
U001035,Male,42,35-44,United States,Los Angeles,Tablet,iOS,Chrome,Premium,Instagram,Fashion,Free,Gold,5,291.38
U001036,Female,46,45-54,United Kingdom,Liverpool,Tablet,iOS,Edge,At Risk,Paid Search,Toys,Free,Platinum,92,6351.88
U001037,Male,48,45-54,India,Mumbai,Mobile,iOS,Firefox,Premium,Paid Search,Sports,Free,Silver,37,948.01
U001038,Male,56,55+,Singapore,Singapore,Tablet,Android,Safari,VIP,Direct,Electronics,Free,Gold,23,678.02
U001039,Male,52,45-54,Australia,Perth,Tablet,macOS,Chrome,Returning,YouTube,Books,Free,Gold,88,6790.84
U001040,Male,23,18-24,Canada,Montreal,Mobile,Android,Firefox,VIP,Direct,Beauty,Free,Silver,89,4365.73
U001041,Male,56,55+,Canada,Montreal,Desktop,macOS,Chrome,At Risk,Referral,Electronics,Free,Bronze,34,2439.51
U001042,Male,61,55+,Germany,Berlin,Tablet,iOS,Edge,New,Paid Search,Beauty,Free,Platinum,77,4886.5
U001043,Female,42,35-44,India,Mumbai,Tablet,Windows,Firefox,Returning,YouTube,Beauty,Free,Bronze,43,2345.27
U001044,Female,25,25-34,Australia,Perth,Tablet,Android,Edge,New,Instagram,Beauty,Premium,Bronze,5,206.2
U001045,Female,48,45-54,Canada,Montreal,Desktop,Windows,Edge,Returning,Paid Search,Accessories,Free,Gold,47,3013.37
U001046,Male,42,35-44,Germany,Berlin,Tablet,iOS,Safari,VIP,YouTube,Toys,Free,Platinum,80,4518.1
U001047,Female,29,25-34,United States,Los Angeles,Mobile,iOS,Edge,New,Direct,Toys,Free,Gold,90,6006.77
U001048,Female,19,18-24,United States,Los Angeles,Mobile,Android,Safari,At Risk,YouTube,Electronics,Premium,Bronze,63,4391.89
U001049,Female,43,35-44,United States,New York,Mobile,iOS,Chrome,Returning,Paid Search,Toys,Premium,Bronze,51,2385.25
U001050,Male,57,55+,Australia,Sydney,Tablet,Windows,Edge,New,Email,Electronics,Free,Gold,2,144.55
U001051,Male,26,25-34,India,Chennai,Desktop,iOS,Safari,At Risk,Instagram,Beauty,Free,Silver,34,1483.87
U001052,Female,43,35-44,India,Mumbai,Mobile,Android,Safari,Premium,Referral,Sports,Premium,Gold,80,5153.07
U001053,Female,35,35-44,Germany,Munich,Tablet,iOS,Firefox,Returning,Paid Search,Fashion,Free,Bronze,6,255.28
U001054,Male,63,55+,Australia,Perth,Desktop,iOS,Firefox,VIP,YouTube,Home,Free,Gold,45,2682.39
U001055,Female,27,25-34,India,Hyderabad,Tablet,macOS,Safari,New,Email,Toys,Free,Platinum,79,4125.96
U001056,Female,26,25-34,United Kingdom,Birmingham,Desktop,Android,Safari,VIP,Organic Search,Home,Free,Gold,4,198.48
U001057,Male,22,18-24,United Kingdom,Liverpool,Tablet,Windows,Chrome,VIP,Email,Fashion,Premium,Platinum,4,115.62
U001058,Female,24,18-24,United Kingdom,Birmingham,Tablet,Windows,Firefox,Returning,Direct,Sports,Premium,Bronze,7,308.54
U001059,Female,31,25-34,United States,Austin,Mobile,macOS,Firefox,Premium,Email,Fashion,Premium,Platinum,42,1760.53
U001060,Male,55,55+,India,Bangalore,Tablet,macOS,Safari,Premium,YouTube,Beauty,Premium,Gold,93,4679.1
U001061,Female,42,35-44,India,Chennai,Tablet,macOS,Firefox,At Risk,Referral,Toys,Free,Gold,31,1107.15
U001062,Male,61,55+,Canada,Toronto,Tablet,macOS,Safari,New,Facebook,Beauty,Free,Bronze,99,3486.33
U001063,Female,54,45-54,United States,Chicago,Desktop,Android,Edge,Returning,Direct,Accessories,Free,Silver,4,232.76
U001064,Male,31,25-34,Australia,Perth,Tablet,Android,Firefox,Returning,Direct,Toys,Premium,Platinum,38,1491.47
U001065,Female,57,55+,Singapore,Singapore,Mobile,Android,Edge,At Risk,Instagram,Home,Free,Silver,34,1159.18
U001066,Female,33,25-34,Germany,Munich,Tablet,Windows,Chrome,VIP,Email,Beauty,Free,Gold,3,169.91
U001067,Male,36,35-44,United States,Chicago,Tablet,Android,Chrome,VIP,Instagram,Books,Free,Gold,39,2036.01
U001068,Male,35,35-44,Germany,Hamburg,Desktop,iOS,Safari,At Risk,Paid Search,Beauty,Free,Bronze,17,1263.41
U001069,Male,19,18-24,India,Kochi,Mobile,Android,Edge,VIP,Direct,Home,Premium,Platinum,51,3487.03
U001070,Female,47,45-54,Canada,Vancouver,Tablet,Windows,Safari,VIP,Facebook,Accessories,Free,Platinum,27,2069.76
U001071,Female,18,18-24,United States,Austin,Mobile,iOS,Firefox,Returning,Facebook,Home,Premium,Bronze,47,1310.35
U001072,Female,64,55+,Singapore,Singapore,Tablet,Windows,Edge,VIP,Facebook,Electronics,Premium,Platinum,82,4182.85
U001073,Male,41,35-44,Australia,Melbourne,Desktop,Windows,Safari,Returning,Organic Search,Electronics,Free,Platinum,55,2746.67
U001074,Female,30,25-34,Singapore,Singapore,Desktop,macOS,Chrome,Premium,Referral,Sports,Premium,Platinum,82,5869.74
U001075,Male,59,55+,Australia,Melbourne,Tablet,macOS,Firefox,At Risk,Paid Search,Sports,Premium,Bronze,14,752.49
U001076,Female,55,55+,Germany,Hamburg,Tablet,Android,Edge,VIP,YouTube,Sports,Free,Silver,41,1057.03
U001077,Female,26,25-34,Germany,Munich,Mobile,Android,Chrome,Returning,Paid Search,Fashion,Premium,Gold,76,2975.35
U001078,Male,53,45-54,United Kingdom,Manchester,Mobile,macOS,Safari,Returning,Direct,Beauty,Premium,Platinum,33,854.55
U001079,Female,37,35-44,United States,Chicago,Tablet,macOS,Chrome,At Risk,Direct,Home,Free,Platinum,44,2062.41
U001080,Female,51,45-54,Germany,Frankfurt,Mobile,macOS,Chrome,VIP,Paid Search,Beauty,Premium,Gold,8,345.12
U001081,Female,43,35-44,United Kingdom,Birmingham,Desktop,Windows,Firefox,At Risk,YouTube,Accessories,Premium,Platinum,96,7571.98
U001082,Female,30,25-34,Germany,Munich,Mobile,Android,Safari,New,Organic Search,Electronics,Free,Platinum,1,72.1
U001083,Female,23,18-24,Canada,Calgary,Desktop,iOS,Firefox,VIP,YouTube,Sports,Premium,Platinum,17,431.93
U001084,Female,60,55+,Australia,Perth,Desktop,iOS,Chrome,Returning,Facebook,Accessories,Premium,Gold,42,1807.17
U001085,Female,18,18-24,India,Mumbai,Tablet,macOS,Edge,Premium,Organic Search,Books,Free,Platinum,50,2690.38
U001086,Male,42,35-44,United Kingdom,Liverpool,Desktop,iOS,Firefox,New,Referral,Sports,Free,Silver,42,1296.04
U001087,Female,30,25-34,United States,Austin,Mobile,Android,Firefox,VIP,Organic Search,Fashion,Premium,Bronze,53,3983.92
U001088,Female,33,25-34,Canada,Vancouver,Desktop,Android,Edge,At Risk,YouTube,Electronics,Free,Bronze,6,441.03
U001089,Male,62,55+,United Kingdom,London,Mobile,iOS,Chrome,Returning,Facebook,Electronics,Premium,Bronze,70,4104.13
U001090,Male,56,55+,Canada,Calgary,Desktop,iOS,Edge,At Risk,Facebook,Fashion,Free,Gold,74,5421.99
U001091,Female,42,35-44,Australia,Brisbane,Mobile,macOS,Edge,Premium,YouTube,Accessories,Premium,Bronze,68,1749.3
U001092,Male,54,45-54,United Kingdom,Birmingham,Tablet,iOS,Chrome,Premium,Organic Search,Home,Premium,Bronze,82,4932.6
U001093,Male,28,25-34,Germany,Hamburg,Mobile,Windows,Firefox,At Risk,Direct,Books,Premium,Bronze,35,1158.24
U001094,Male,47,45-54,United States,Los Angeles,Tablet,macOS,Safari,VIP,Facebook,Toys,Premium,Gold,20,544.96
U001095,Female,57,55+,United Kingdom,London,Tablet,iOS,Edge,Returning,Organic Search,Home,Premium,Platinum,85,3568.46
U001096,Male,62,55+,Australia,Brisbane,Mobile,Android,Edge,VIP,Organic Search,Books,Premium,Gold,14,789.32
U001097,Male,28,25-34,Canada,Calgary,Mobile,macOS,Edge,New,YouTube,Toys,Free,Silver,62,2547.55
U001098,Male,60,55+,Germany,Berlin,Desktop,Android,Firefox,Returning,YouTube,Books,Premium,Gold,48,1443.6
U001099,Male,44,35-44,Australia,Sydney,Mobile,macOS,Edge,Returning,Referral,Fashion,Premium,Bronze,54,4105.72
U001100,Male,27,25-34,United States,Chicago,Mobile,macOS,Firefox,Premium,Referral,Electronics,Premium,Platinum,61,3804.08
U001101,Female,46,45-54,Australia,Brisbane,Desktop,macOS,Firefox,Premium,Email,Fashion,Free,Platinum,91,3573.75
U001102,Male,65,55+,United States,Seattle,Desktop,macOS,Chrome,At Risk,Facebook,Books,Premium,Silver,66,1890.7
U001103,Female,43,35-44,Singapore,Singapore,Desktop,Android,Chrome,Returning,Organic Search,Accessories,Premium,Bronze,65,2567.28
U001104,Male,27,25-34,United States,Austin,Mobile,Windows,Firefox,New,Paid Search,Home,Premium,Bronze,52,3248.4
U001105,Female,50,45-54,Singapore,Singapore,Mobile,macOS,Safari,At Risk,Organic Search,Fashion,Free,Platinum,4,242.75
U001106,Male,55,55+,United States,Chicago,Desktop,Android,Edge,Premium,YouTube,Sports,Premium,Bronze,62,4207.53
U001107,Female,33,25-34,Germany,Hamburg,Desktop,macOS,Edge,Returning,Instagram,Books,Premium,Bronze,6,288.84
U001108,Male,49,45-54,Canada,Vancouver,Tablet,Android,Chrome,Premium,Instagram,Books,Free,Gold,95,2905.66
U001109,Male,46,45-54,Germany,Berlin,Tablet,macOS,Edge,At Risk,Facebook,Sports,Premium,Bronze,46,1471.26
U001110,Female,37,35-44,United Kingdom,Manchester,Mobile,iOS,Safari,New,Paid Search,Home,Free,Gold,14,1098.33
U001111,Male,21,18-24,United States,Seattle,Desktop,macOS,Chrome,New,Referral,Accessories,Premium,Bronze,69,5483.87
U001112,Female,27,25-34,United States,Los Angeles,Desktop,iOS,Firefox,VIP,Referral,Sports,Free,Silver,100,5951.6
U001113,Male,45,45-54,Germany,Frankfurt,Desktop,Android,Edge,At Risk,Instagram,Accessories,Free,Platinum,39,2721.9
U001114,Female,50,45-54,Germany,Munich,Desktop,macOS,Edge,At Risk,Direct,Accessories,Free,Bronze,16,712.46
U001115,Male,50,45-54,Canada,Vancouver,Desktop,iOS,Firefox,Returning,Email,Beauty,Free,Gold,91,2463.92
U001116,Female,23,18-24,Canada,Montreal,Tablet,Android,Safari,VIP,Organic Search,Accessories,Free,Gold,9,497.25
U001117,Female,36,35-44,Singapore,Singapore,Mobile,Windows,Firefox,At Risk,Instagram,Sports,Free,Platinum,61,3903.76
U001118,Male,35,35-44,Germany,Berlin,Desktop,Windows,Edge,Returning,Paid Search,Fashion,Premium,Bronze,55,1567.52
U001119,Female,59,55+,Singapore,Singapore,Desktop,macOS,Safari,New,Facebook,Beauty,Premium,Platinum,13,487.97
U001120,Male,36,35-44,India,Kochi,Tablet,macOS,Firefox,Returning,Email,Electronics,Free,Platinum,17,978.04
U001121,Female,58,55+,United Kingdom,London,Tablet,Android,Chrome,At Risk,Email,Toys,Premium,Platinum,74,4804.86
U001122,Female,47,45-54,India,Chennai,Desktop,macOS,Chrome,New,Direct,Books,Premium,Silver,96,4393.48
U001123,Male,35,35-44,United States,New York,Mobile,Android,Firefox,At Risk,Organic Search,Fashion,Free,Platinum,18,1235.5
U001124,Male,45,45-54,Australia,Melbourne,Mobile,macOS,Safari,At Risk,Paid Search,Books,Free,Gold,54,2800.02
U001125,Male,35,35-44,Singapore,Singapore,Tablet,Android,Edge,Returning,Instagram,Fashion,Premium,Gold,16,641.43
U001126,Female,43,35-44,United Kingdom,Birmingham,Mobile,Windows,Safari,Returning,Referral,Home,Premium,Silver,40,1308.25
U001127,Female,22,18-24,Australia,Brisbane,Tablet,iOS,Firefox,At Risk,Direct,Home,Premium,Platinum,95,7101.51
U001128,Male,42,35-44,Singapore,Singapore,Mobile,Android,Firefox,New,Direct,Books,Premium,Bronze,12,497.1
U001129,Female,64,55+,Germany,Munich,Tablet,macOS,Safari,Returning,Direct,Beauty,Free,Gold,35,2375.51
U001130,Female,48,45-54,Singapore,Singapore,Desktop,macOS,Chrome,Premium,Referral,Sports,Free,Silver,30,859.07
U001131,Female,40,35-44,India,Mumbai,Tablet,macOS,Firefox,Returning,Paid Search,Home,Free,Gold,34,2152.8
U001132,Female,18,18-24,Australia,Brisbane,Tablet,macOS,Safari,New,Email,Electronics,Premium,Bronze,37,1421.26
U001133,Male,21,18-24,India,Kochi,Mobile,iOS,Edge,At Risk,Paid Search,Books,Free,Bronze,90,4902.77
U001134,Male,34,25-34,United States,Seattle,Tablet,Windows,Chrome,VIP,Paid Search,Accessories,Free,Bronze,62,3373.87
U001135,Female,57,55+,Germany,Frankfurt,Desktop,Android,Firefox,VIP,Organic Search,Toys,Free,Silver,81,4361.67
U001136,Male,45,45-54,Singapore,Singapore,Desktop,iOS,Edge,Returning,Organic Search,Toys,Free,Bronze,32,2427.12
U001137,Female,29,25-34,United States,New York,Desktop,iOS,Chrome,Premium,Direct,Home,Premium,Bronze,24,1865.8
U001138,Female,24,18-24,United Kingdom,Manchester,Mobile,Windows,Firefox,New,Facebook,Books,Free,Bronze,4,188.82
U001139,Male,24,18-24,Singapore,Singapore,Tablet,Android,Edge,Returning,Direct,Sports,Free,Bronze,55,4075.83
U001140,Male,38,35-44,United States,Austin,Mobile,iOS,Safari,Returning,Organic Search,Fashion,Free,Bronze,17,597.22
U001141,Male,25,25-34,Singapore,Singapore,Mobile,Windows,Edge,Returning,Direct,Books,Free,Platinum,33,1794.55
U001142,Female,25,25-34,Singapore,Singapore,Desktop,macOS,Firefox,Premium,Direct,Beauty,Premium,Silver,21,805.96
U001143,Female,50,45-54,Canada,Montreal,Desktop,Windows,Edge,Premium,YouTube,Toys,Free,Gold,99,6853.64
U001144,Female,29,25-34,Germany,Berlin,Mobile,macOS,Safari,VIP,Email,Sports,Premium,Silver,94,6538.94
U001145,Male,57,55+,Canada,Vancouver,Desktop,Android,Safari,VIP,Instagram,Books,Free,Gold,46,2174.06
U001146,Male,49,45-54,Singapore,Singapore,Tablet,Windows,Safari,VIP,Facebook,Fashion,Premium,Platinum,21,952.04
U001147,Female,41,35-44,United States,Chicago,Mobile,iOS,Safari,Premium,YouTube,Toys,Premium,Silver,52,3728.13
U001148,Female,39,35-44,United States,Austin,Mobile,iOS,Edge,Returning,Facebook,Beauty,Premium,Platinum,75,4757.31
U001149,Male,55,55+,United States,Los Angeles,Mobile,macOS,Safari,Returning,Email,Books,Premium,Silver,14,610.84
U001150,Female,60,55+,United Kingdom,Birmingham,Mobile,Windows,Safari,New,YouTube,Home,Premium,Platinum,71,3057.88
U001151,Male,55,55+,Germany,Munich,Desktop,Windows,Firefox,Returning,Paid Search,Fashion,Premium,Silver,79,4618.58
U001152,Female,62,55+,Canada,Toronto,Mobile,macOS,Edge,VIP,Organic Search,Accessories,Free,Bronze,4,153.87
U001153,Male,24,18-24,United Kingdom,Birmingham,Tablet,Android,Safari,Premium,Email,Fashion,Free,Bronze,62,4819.94
U001154,Female,36,35-44,Canada,Vancouver,Desktop,Android,Firefox,Premium,Direct,Home,Premium,Gold,76,5111.13
U001155,Male,40,35-44,Singapore,Singapore,Tablet,Windows,Safari,Returning,Facebook,Electronics,Free,Platinum,27,2036.98
U001156,Female,54,45-54,United Kingdom,London,Tablet,macOS,Firefox,At Risk,Referral,Fashion,Premium,Platinum,86,2669.53
U001157,Male,61,55+,India,Hyderabad,Mobile,iOS,Edge,At Risk,Paid Search,Electronics,Free,Platinum,88,6502.79
U001158,Male,24,18-24,United States,Los Angeles,Desktop,Android,Firefox,At Risk,Organic Search,Fashion,Free,Silver,99,5585.29
U001159,Female,32,25-34,United Kingdom,Liverpool,Desktop,Android,Firefox,At Risk,Paid Search,Sports,Free,Gold,28,1433.41
U001160,Female,23,18-24,Germany,Berlin,Tablet,Android,Chrome,New,Facebook,Fashion,Free,Platinum,10,725.74
U001161,Female,18,18-24,United Kingdom,London,Tablet,Android,Chrome,Returning,YouTube,Toys,Free,Platinum,99,2610.66
U001162,Male,52,45-54,India,Kochi,Mobile,iOS,Edge,New,Email,Sports,Premium,Gold,10,731.89
U001163,Male,53,45-54,United Kingdom,Manchester,Mobile,macOS,Chrome,VIP,Paid Search,Accessories,Free,Silver,8,292.19
U001164,Female,52,45-54,Canada,Toronto,Mobile,Windows,Safari,New,Email,Home,Free,Gold,11,470.97
U001165,Male,19,18-24,United States,Los Angeles,Mobile,Windows,Firefox,New,Paid Search,Home,Premium,Gold,60,3707.72
U001166,Male,38,35-44,United States,Seattle,Desktop,macOS,Firefox,VIP,YouTube,Sports,Premium,Silver,90,2621.66
U001167,Male,56,55+,India,Delhi,Mobile,macOS,Firefox,At Risk,Paid Search,Toys,Free,Gold,71,4854.55
U001168,Male,28,25-34,United States,Chicago,Mobile,Android,Chrome,Premium,Email,Books,Free,Platinum,16,706.55
U001169,Male,56,55+,Germany,Frankfurt,Desktop,iOS,Firefox,Premium,Direct,Books,Free,Platinum,85,2992.43
U001170,Female,65,55+,United Kingdom,London,Desktop,macOS,Chrome,VIP,Facebook,Books,Premium,Platinum,1,32.64
U001171,Male,56,55+,United Kingdom,Manchester,Tablet,iOS,Safari,VIP,Instagram,Toys,Free,Gold,8,213.48
U001172,Male,41,35-44,Singapore,Singapore,Desktop,Windows,Safari,Returning,YouTube,Toys,Free,Gold,19,1365.07
U001173,Male,43,35-44,United Kingdom,London,Desktop,Windows,Chrome,New,Facebook,Sports,Free,Silver,34,1565.8
U001174,Female,18,18-24,Singapore,Singapore,Mobile,iOS,Chrome,At Risk,Referral,Fashion,Free,Bronze,66,4003.26
U001175,Male,58,55+,Singapore,Singapore,Tablet,iOS,Chrome,VIP,Direct,Home,Free,Platinum,53,2903.46
U001176,Male,44,35-44,United States,Chicago,Desktop,Android,Edge,Returning,Direct,Home,Free,Silver,65,4199.41
U001177,Female,53,45-54,United States,Los Angeles,Desktop,Android,Edge,Premium,Facebook,Electronics,Free,Gold,2,108.97
U001178,Female,23,18-24,India,Kochi,Tablet,Windows,Edge,Premium,Paid Search,Fashion,Free,Gold,97,5381.9
U001179,Female,60,55+,India,Bangalore,Mobile,Android,Edge,New,YouTube,Sports,Free,Gold,25,1063.19
U001180,Male,49,45-54,Australia,Sydney,Mobile,Android,Chrome,New,Organic Search,Sports,Free,Gold,77,5140.09
U001181,Female,63,55+,United Kingdom,Manchester,Mobile,Windows,Firefox,Premium,Referral,Toys,Premium,Gold,39,1140.6
U001182,Male,64,55+,Germany,Munich,Tablet,Android,Chrome,VIP,Email,Books,Premium,Bronze,71,1917.19
U001183,Male,61,55+,United States,Seattle,Tablet,Android,Chrome,Returning,Referral,Sports,Free,Platinum,72,4117.32
U001184,Female,56,55+,Australia,Sydney,Desktop,macOS,Firefox,At Risk,Facebook,Electronics,Premium,Silver,41,2861.29
U001185,Female,54,45-54,Germany,Berlin,Tablet,Windows,Firefox,Premium,Direct,Toys,Free,Platinum,54,3140.15
U001186,Female,22,18-24,Germany,Berlin,Mobile,Android,Safari,Premium,Instagram,Accessories,Free,Bronze,50,2161.79
U001187,Male,43,35-44,United Kingdom,Manchester,Desktop,Windows,Firefox,At Risk,Organic Search,Home,Premium,Silver,57,2724.06
U001188,Female,58,55+,India,Chennai,Tablet,Android,Safari,Premium,Facebook,Sports,Premium,Platinum,36,1285.01
U001189,Male,29,25-34,United Kingdom,London,Mobile,Android,Firefox,Returning,Email,Sports,Free,Bronze,69,2795.13
U001190,Male,35,35-44,India,Hyderabad,Tablet,iOS,Firefox,Returning,YouTube,Fashion,Premium,Gold,91,2905.73
U001191,Female,38,35-44,Canada,Montreal,Mobile,macOS,Safari,New,Direct,Sports,Free,Gold,75,5703.69
U001192,Male,46,45-54,India,Delhi,Tablet,iOS,Firefox,Premium,Direct,Beauty,Free,Gold,98,3597.5
U001193,Male,58,55+,Australia,Melbourne,Desktop,Windows,Edge,At Risk,YouTube,Toys,Free,Bronze,68,3146.91
U001194,Male,46,45-54,United States,New York,Tablet,Android,Edge,New,Facebook,Fashion,Premium,Platinum,63,2598.88
U001195,Male,52,45-54,Singapore,Singapore,Tablet,Android,Safari,VIP,Email,Accessories,Free,Platinum,16,716.08
U001196,Male,32,25-34,United States,Los Angeles,Mobile,Android,Edge,At Risk,Organic Search,Sports,Premium,Bronze,97,2601.15
U001197,Male,29,25-34,United States,New York,Mobile,Android,Edge,Returning,Instagram,Beauty,Premium,Platinum,54,1632.8
U001198,Male,23,18-24,Australia,Sydney,Mobile,iOS,Safari,New,YouTube,Home,Free,Gold,1,28.2
U001199,Female,42,35-44,Germany,Hamburg,Desktop,iOS,Chrome,VIP,Direct,Beauty,Free,Gold,90,4686.54
U001200,Male,40,35-44,Germany,Munich,Desktop,macOS,Safari,At Risk,Paid Search,Sports,Premium,Platinum,18,1185.47
U001201,Male,36,35-44,Canada,Montreal,Tablet,iOS,Firefox,Returning,Paid Search,Fashion,Premium,Platinum,32,1581.33
U001202,Male,45,45-54,Canada,Calgary,Tablet,macOS,Safari,New,Direct,Electronics,Free,Bronze,44,1241.36
U001203,Female,62,55+,Germany,Hamburg,Tablet,Windows,Chrome,Returning,Direct,Beauty,Free,Bronze,62,3416.77
U001204,Female,43,35-44,Canada,Calgary,Tablet,macOS,Edge,Premium,Email,Home,Free,Silver,4,185.0
U001205,Male,61,55+,Canada,Toronto,Mobile,Android,Safari,At Risk,Facebook,Books,Premium,Silver,70,3119.58
U001206,Female,49,45-54,India,Mumbai,Mobile,Windows,Chrome,New,Email,Accessories,Premium,Silver,37,2646.21
U001207,Male,54,45-54,Singapore,Singapore,Mobile,Android,Firefox,VIP,Instagram,Toys,Premium,Silver,32,2037.35
U001208,Male,26,25-34,Canada,Montreal,Tablet,macOS,Safari,Premium,Paid Search,Books,Free,Silver,14,727.98
U001209,Male,20,18-24,India,Mumbai,Desktop,iOS,Edge,VIP,YouTube,Sports,Free,Platinum,100,4011.35
U001210,Male,46,45-54,Singapore,Singapore,Desktop,Android,Firefox,Premium,Instagram,Beauty,Free,Platinum,48,1367.94
U001211,Female,41,35-44,Germany,Frankfurt,Tablet,macOS,Safari,Premium,Referral,Sports,Premium,Silver,41,3122.94
U001212,Male,28,25-34,United Kingdom,Liverpool,Mobile,iOS,Safari,Returning,Instagram,Electronics,Premium,Silver,91,4114.88
U001213,Female,54,45-54,Canada,Montreal,Mobile,Android,Chrome,VIP,Direct,Accessories,Premium,Platinum,50,2718.04
U001214,Male,29,25-34,Australia,Melbourne,Tablet,macOS,Edge,Premium,Facebook,Home,Free,Silver,95,4044.79
U001215,Female,54,45-54,India,Bangalore,Mobile,Android,Edge,Returning,Facebook,Accessories,Premium,Bronze,56,4075.52
U001216,Male,36,35-44,United Kingdom,Birmingham,Desktop,Windows,Firefox,New,Referral,Electronics,Free,Silver,93,5226.42
U001217,Male,59,55+,Australia,Melbourne,Mobile,Android,Safari,Returning,Organic Search,Sports,Premium,Bronze,12,493.12
U001218,Female,63,55+,Canada,Calgary,Mobile,macOS,Edge,VIP,Email,Home,Premium,Silver,52,3490.58
U001219,Male,18,18-24,India,Mumbai,Mobile,Windows,Firefox,At Risk,Facebook,Home,Premium,Gold,18,1324.45
U001220,Female,52,45-54,United States,Chicago,Tablet,macOS,Chrome,At Risk,Direct,Toys,Premium,Bronze,97,3558.77
U001221,Female,62,55+,United States,Seattle,Tablet,iOS,Safari,At Risk,Direct,Electronics,Premium,Platinum,2,143.7
U001222,Male,35,35-44,Australia,Sydney,Desktop,iOS,Chrome,At Risk,Email,Books,Free,Bronze,15,1090.35
U001223,Female,22,18-24,India,Bangalore,Desktop,Windows,Chrome,Returning,Organic Search,Sports,Premium,Bronze,38,1768.24
U001224,Female,21,18-24,United Kingdom,London,Desktop,macOS,Firefox,New,Email,Books,Free,Bronze,35,1340.83
U001225,Female,35,35-44,Australia,Melbourne,Desktop,Windows,Edge,New,Organic Search,Fashion,Premium,Gold,62,2608.1
U001226,Female,42,35-44,United Kingdom,Birmingham,Tablet,iOS,Chrome,New,Organic Search,Home,Premium,Bronze,15,776.82
U001227,Female,43,35-44,Australia,Melbourne,Mobile,Windows,Firefox,At Risk,YouTube,Toys,Premium,Bronze,62,3942.89
U001228,Male,23,18-24,Australia,Perth,Tablet,Android,Edge,VIP,Paid Search,Accessories,Free,Gold,50,2455.99
U001229,Female,19,18-24,United Kingdom,Manchester,Tablet,Windows,Firefox,VIP,Instagram,Accessories,Free,Gold,48,1700.52
U001230,Male,33,25-34,United Kingdom,Manchester,Desktop,Android,Safari,VIP,Direct,Fashion,Premium,Platinum,32,1818.16
U001231,Female,39,35-44,Australia,Sydney,Desktop,macOS,Safari,At Risk,Email,Electronics,Free,Bronze,9,562.25
U001232,Female,27,25-34,Singapore,Singapore,Mobile,macOS,Safari,VIP,Email,Sports,Premium,Bronze,27,909.02
U001233,Female,58,55+,United Kingdom,London,Desktop,macOS,Chrome,Returning,Organic Search,Accessories,Free,Bronze,22,937.12
U001234,Male,52,45-54,Australia,Perth,Tablet,macOS,Edge,At Risk,Direct,Accessories,Premium,Platinum,17,1253.41
U001235,Female,47,45-54,Germany,Berlin,Mobile,iOS,Edge,VIP,YouTube,Beauty,Free,Bronze,16,1173.36
U001236,Male,18,18-24,Canada,Toronto,Tablet,iOS,Edge,Returning,Facebook,Sports,Premium,Silver,19,551.48
U001237,Female,61,55+,India,Bangalore,Desktop,Windows,Safari,New,Referral,Fashion,Premium,Gold,95,5816.43
U001238,Female,63,55+,Australia,Perth,Desktop,macOS,Firefox,New,YouTube,Beauty,Free,Gold,45,3035.4
U001239,Male,35,35-44,India,Mumbai,Mobile,iOS,Edge,VIP,Instagram,Beauty,Premium,Silver,79,5074.72
U001240,Female,62,55+,United States,Chicago,Mobile,Windows,Safari,New,Instagram,Sports,Premium,Silver,12,682.44
U001241,Male,44,35-44,India,Mumbai,Mobile,iOS,Chrome,New,Organic Search,Fashion,Premium,Silver,43,2240.57
U001242,Female,44,35-44,India,Mumbai,Desktop,Android,Firefox,VIP,Instagram,Accessories,Free,Silver,65,1741.89
U001243,Male,38,35-44,United Kingdom,Manchester,Tablet,Android,Chrome,Premium,YouTube,Accessories,Free,Gold,46,2394.75
U001244,Female,42,35-44,United States,Austin,Desktop,Android,Edge,New,Email,Fashion,Premium,Silver,53,4196.13
U001245,Male,60,55+,Canada,Calgary,Desktop,macOS,Firefox,Premium,Direct,Accessories,Free,Gold,47,1553.06
U001246,Male,18,18-24,India,Mumbai,Mobile,macOS,Chrome,New,Facebook,Toys,Free,Gold,89,6535.44
U001247,Female,23,18-24,Australia,Sydney,Mobile,Android,Safari,New,YouTube,Beauty,Free,Silver,72,4832.13
U001248,Female,33,25-34,United Kingdom,Birmingham,Tablet,Android,Chrome,New,Organic Search,Electronics,Free,Bronze,84,6302.24
U001249,Male,51,45-54,Singapore,Singapore,Tablet,Windows,Firefox,At Risk,Organic Search,Home,Free,Gold,9,498.76
U001250,Male,62,55+,United Kingdom,London,Tablet,Windows,Edge,New,Facebook,Beauty,Premium,Platinum,43,2360.98
U001251,Male,45,45-54,India,Delhi,Tablet,Windows,Chrome,Returning,Direct,Toys,Free,Gold,99,4748.2
U001252,Female,54,45-54,United Kingdom,Birmingham,Mobile,iOS,Edge,New,Paid Search,Electronics,Premium,Silver,90,7107.89
U001253,Female,61,55+,Singapore,Singapore,Desktop,Android,Safari,At Risk,Facebook,Home,Free,Bronze,2,144.82
U001254,Male,65,55+,United Kingdom,Manchester,Desktop,macOS,Firefox,New,Paid Search,Toys,Premium,Platinum,86,4146.96
U001255,Female,48,45-54,Germany,Berlin,Mobile,Android,Safari,Returning,YouTube,Books,Free,Bronze,66,3447.72
U001256,Male,64,55+,Germany,Frankfurt,Desktop,macOS,Edge,At Risk,Direct,Home,Premium,Platinum,100,6802.74
U001257,Male,45,45-54,Canada,Toronto,Desktop,macOS,Chrome,VIP,Instagram,Home,Free,Bronze,73,4632.44
U001258,Male,47,45-54,United Kingdom,Manchester,Mobile,iOS,Firefox,At Risk,Referral,Accessories,Premium,Silver,41,2300.43
U001259,Male,45,45-54,United Kingdom,Birmingham,Tablet,iOS,Chrome,Premium,Organic Search,Fashion,Premium,Bronze,49,2023.76
U001260,Male,46,45-54,India,Hyderabad,Tablet,Windows,Edge,At Risk,Instagram,Toys,Premium,Bronze,43,2216.93
U001261,Female,52,45-54,Australia,Perth,Tablet,macOS,Chrome,New,Instagram,Electronics,Free,Silver,11,667.21
U001262,Female,34,25-34,United Kingdom,Manchester,Desktop,macOS,Chrome,Returning,Organic Search,Home,Free,Bronze,67,5167.99
U001263,Male,25,25-34,India,Kochi,Mobile,macOS,Chrome,VIP,Facebook,Home,Free,Platinum,20,873.88
U001264,Male,60,55+,Germany,Hamburg,Mobile,Android,Safari,At Risk,Email,Fashion,Free,Platinum,20,1595.01
U001265,Male,28,25-34,India,Mumbai,Mobile,iOS,Edge,VIP,YouTube,Home,Premium,Platinum,64,3849.06
U001266,Male,41,35-44,United States,Seattle,Tablet,iOS,Safari,New,Facebook,Sports,Premium,Gold,95,5693.17
U001267,Female,44,35-44,Germany,Frankfurt,Tablet,macOS,Edge,Premium,Facebook,Sports,Premium,Silver,33,915.2
U001268,Female,34,25-34,United Kingdom,London,Tablet,macOS,Firefox,At Risk,Email,Sports,Free,Gold,36,1654.02
U001269,Female,53,45-54,Germany,Munich,Tablet,macOS,Edge,VIP,Referral,Beauty,Premium,Platinum,85,6518.47
U001270,Female,37,35-44,Australia,Brisbane,Desktop,iOS,Safari,New,Facebook,Beauty,Free,Platinum,31,1038.01
U001271,Female,57,55+,Australia,Melbourne,Desktop,Android,Safari,At Risk,Instagram,Electronics,Premium,Bronze,85,6001.14
U001272,Female,64,55+,Singapore,Singapore,Tablet,Windows,Edge,At Risk,Facebook,Toys,Premium,Silver,41,2828.35
U001273,Female,64,55+,Singapore,Singapore,Mobile,Android,Chrome,VIP,Referral,Beauty,Premium,Silver,7,351.29
U001274,Female,55,55+,United Kingdom,Liverpool,Tablet,Windows,Edge,At Risk,Organic Search,Fashion,Premium,Silver,82,5606.0
U001275,Male,39,35-44,Australia,Brisbane,Tablet,Windows,Firefox,Premium,Organic Search,Home,Free,Gold,15,667.34
U001276,Female,31,25-34,United Kingdom,Manchester,Tablet,iOS,Edge,Returning,Referral,Books,Free,Bronze,9,293.94
U001277,Female,64,55+,Germany,Berlin,Tablet,Windows,Firefox,Returning,YouTube,Books,Free,Platinum,15,492.34
U001278,Female,34,25-34,United States,Austin,Mobile,iOS,Chrome,New,Instagram,Accessories,Free,Silver,56,3988.72
U001279,Male,53,45-54,Germany,Hamburg,Desktop,macOS,Chrome,At Risk,Paid Search,Beauty,Premium,Bronze,45,1849.08
U001280,Female,23,18-24,Canada,Montreal,Tablet,Android,Safari,New,YouTube,Home,Premium,Silver,45,3176.27
U001281,Male,52,45-54,Singapore,Singapore,Desktop,iOS,Safari,New,Direct,Fashion,Premium,Platinum,54,2703.21
U001282,Male,41,35-44,Canada,Vancouver,Mobile,macOS,Chrome,At Risk,Facebook,Fashion,Premium,Platinum,98,4742.92
U001283,Female,28,25-34,India,Chennai,Tablet,Android,Chrome,At Risk,YouTube,Beauty,Free,Silver,80,6104.8
U001284,Female,57,55+,Australia,Brisbane,Mobile,iOS,Firefox,New,Instagram,Home,Free,Platinum,10,489.7
U001285,Male,46,45-54,United States,New York,Desktop,Android,Chrome,Premium,Instagram,Fashion,Premium,Silver,23,1779.62
U001286,Female,21,18-24,United States,Los Angeles,Desktop,iOS,Chrome,Returning,Direct,Beauty,Free,Silver,78,5450.25
U001287,Female,34,25-34,United States,Seattle,Desktop,macOS,Edge,At Risk,Paid Search,Fashion,Premium,Gold,47,3157.98
U001288,Male,55,55+,India,Kochi,Mobile,Android,Firefox,Returning,YouTube,Books,Free,Bronze,37,2204.43
U001289,Female,20,18-24,Germany,Munich,Desktop,Windows,Chrome,Premium,Organic Search,Toys,Free,Bronze,86,6791.65
U001290,Female,61,55+,Canada,Vancouver,Mobile,macOS,Edge,Returning,Paid Search,Toys,Free,Bronze,50,3733.94
U001291,Male,65,55+,India,Kochi,Mobile,Windows,Edge,VIP,Paid Search,Books,Premium,Silver,65,3373.79
U001292,Male,61,55+,Canada,Calgary,Desktop,Android,Safari,VIP,Organic Search,Accessories,Premium,Gold,100,5162.26
U001293,Male,56,55+,Germany,Berlin,Desktop,iOS,Firefox,New,Organic Search,Home,Free,Silver,48,3479.35
U001294,Male,59,55+,Canada,Vancouver,Mobile,iOS,Firefox,New,Direct,Books,Premium,Platinum,72,3757.69
U001295,Female,43,35-44,India,Delhi,Mobile,Android,Firefox,VIP,Referral,Books,Premium,Bronze,84,5699.49
U001296,Male,52,45-54,Germany,Munich,Mobile,Windows,Edge,At Risk,Direct,Accessories,Free,Bronze,31,2119.92
U001297,Female,21,18-24,Singapore,Singapore,Desktop,Windows,Chrome,At Risk,Facebook,Home,Free,Bronze,13,499.23
U001298,Female,24,18-24,United States,Austin,Mobile,Android,Chrome,At Risk,Email,Fashion,Premium,Bronze,85,4681.78
U001299,Male,64,55+,Singapore,Singapore,Mobile,Windows,Safari,Returning,YouTube,Electronics,Premium,Gold,29,1387.46
U001300,Male,59,55+,Canada,Calgary,Mobile,iOS,Edge,New,Facebook,Fashion,Free,Platinum,62,2178.08
U001301,Female,18,18-24,Canada,Toronto,Mobile,iOS,Chrome,Returning,Email,Accessories,Free,Gold,56,2143.65
U001302,Male,23,18-24,Singapore,Singapore,Tablet,iOS,Firefox,Premium,Facebook,Books,Premium,Platinum,100,5712.77
U001303,Male,27,25-34,Australia,Perth,Tablet,Android,Safari,VIP,Referral,Fashion,Free,Platinum,45,1962.62
U001304,Female,46,45-54,Germany,Berlin,Mobile,macOS,Edge,At Risk,Instagram,Toys,Free,Silver,89,5921.94
U001305,Male,65,55+,Canada,Calgary,Mobile,iOS,Firefox,VIP,Email,Accessories,Free,Silver,100,4923.41
U001306,Male,52,45-54,Singapore,Singapore,Mobile,Android,Edge,Premium,YouTube,Fashion,Premium,Gold,96,3912.7
U001307,Male,43,35-44,Canada,Vancouver,Mobile,iOS,Chrome,New,Referral,Toys,Free,Gold,64,3093.41
U001308,Male,29,25-34,Germany,Berlin,Mobile,macOS,Safari,Returning,YouTube,Sports,Premium,Bronze,48,1689.9
U001309,Female,34,25-34,Canada,Montreal,Tablet,macOS,Chrome,Returning,YouTube,Beauty,Free,Bronze,49,2676.66
U001310,Male,35,35-44,Australia,Melbourne,Desktop,Android,Chrome,Premium,Direct,Home,Free,Silver,63,3941.29
U001311,Female,48,45-54,India,Hyderabad,Mobile,Windows,Firefox,New,YouTube,Home,Free,Bronze,43,2490.0
U001312,Female,52,45-54,Canada,Vancouver,Desktop,Windows,Edge,New,Paid Search,Fashion,Premium,Platinum,17,905.18
U001313,Female,59,55+,India,Hyderabad,Tablet,macOS,Firefox,At Risk,Referral,Electronics,Premium,Silver,43,2676.45
U001314,Female,26,25-34,India,Hyderabad,Desktop,macOS,Firefox,At Risk,Paid Search,Fashion,Free,Platinum,16,497.13
U001315,Female,22,18-24,Canada,Vancouver,Desktop,Android,Chrome,VIP,Email,Fashion,Free,Platinum,81,5592.51
U001316,Female,41,35-44,Singapore,Singapore,Mobile,macOS,Firefox,At Risk,YouTube,Beauty,Premium,Bronze,58,4059.34
U001317,Male,23,18-24,Australia,Melbourne,Desktop,Android,Chrome,New,Email,Electronics,Premium,Bronze,68,4890.02
U001318,Male,45,45-54,Canada,Montreal,Mobile,macOS,Edge,Returning,YouTube,Fashion,Free,Bronze,25,1718.6
U001319,Male,48,45-54,Australia,Brisbane,Desktop,Windows,Edge,VIP,Direct,Books,Premium,Gold,35,1988.41
U001320,Female,51,45-54,Singapore,Singapore,Mobile,Windows,Edge,VIP,Facebook,Beauty,Free,Silver,65,2429.04
U001321,Female,38,35-44,Singapore,Singapore,Mobile,Android,Firefox,At Risk,Paid Search,Sports,Premium,Platinum,14,687.22
U001322,Female,29,25-34,India,Kochi,Mobile,Windows,Safari,Returning,Facebook,Books,Premium,Bronze,24,1532.8
U001323,Female,31,25-34,Germany,Hamburg,Desktop,Android,Chrome,At Risk,Email,Electronics,Premium,Platinum,41,1552.12
U001324,Male,51,45-54,Germany,Hamburg,Tablet,macOS,Firefox,Premium,Referral,Home,Premium,Bronze,100,7768.63
U001325,Female,53,45-54,Germany,Munich,Tablet,Android,Firefox,New,YouTube,Toys,Free,Bronze,90,2782.68
U001326,Female,31,25-34,United States,Austin,Desktop,Windows,Safari,Returning,Paid Search,Accessories,Free,Gold,61,2169.53
U001327,Male,18,18-24,Germany,Munich,Tablet,Android,Firefox,New,Email,Electronics,Premium,Silver,40,1291.73
U001328,Male,29,25-34,Germany,Munich,Mobile,Windows,Firefox,Premium,Facebook,Home,Premium,Gold,56,2363.03
U001329,Male,27,25-34,Germany,Berlin,Desktop,Windows,Firefox,VIP,YouTube,Books,Free,Bronze,21,1325.56
U001330,Female,60,55+,Germany,Frankfurt,Desktop,iOS,Chrome,At Risk,Facebook,Fashion,Premium,Platinum,85,2429.46
U001331,Male,40,35-44,United States,Austin,Mobile,macOS,Chrome,Premium,Facebook,Home,Premium,Gold,70,4137.16
U001332,Male,23,18-24,Germany,Berlin,Desktop,Windows,Chrome,New,Email,Books,Premium,Gold,66,4950.75
U001333,Male,57,55+,United Kingdom,Manchester,Mobile,Android,Edge,VIP,YouTube,Toys,Premium,Platinum,96,5451.35
U001334,Male,56,55+,United States,Chicago,Tablet,macOS,Chrome,At Risk,Facebook,Fashion,Free,Silver,73,3218.1
U001335,Female,56,55+,Germany,Berlin,Mobile,iOS,Edge,Premium,Organic Search,Toys,Premium,Silver,80,5489.42
U001336,Male,50,45-54,Germany,Munich,Desktop,Android,Edge,Premium,Email,Accessories,Premium,Bronze,35,1664.46
U001337,Female,65,55+,Australia,Perth,Tablet,Windows,Safari,Premium,Facebook,Home,Premium,Silver,56,4179.79
U001338,Male,64,55+,Australia,Melbourne,Tablet,iOS,Firefox,New,Referral,Sports,Free,Gold,50,3845.39
U001339,Female,19,18-24,Australia,Brisbane,Tablet,iOS,Safari,New,Email,Toys,Premium,Gold,21,1650.06
U001340,Female,38,35-44,United States,Los Angeles,Desktop,iOS,Chrome,Premium,Referral,Fashion,Free,Bronze,77,2332.09
U001341,Female,20,18-24,Singapore,Singapore,Mobile,iOS,Firefox,At Risk,YouTube,Toys,Premium,Platinum,36,1170.02
U001342,Male,46,45-54,Australia,Brisbane,Desktop,Windows,Safari,At Risk,Organic Search,Fashion,Premium,Platinum,59,1528.22
U001343,Female,23,18-24,India,Mumbai,Tablet,macOS,Chrome,Premium,YouTube,Accessories,Premium,Platinum,98,3608.27
U001344,Male,45,45-54,Germany,Hamburg,Tablet,macOS,Chrome,New,YouTube,Accessories,Premium,Gold,1,60.89
U001345,Male,54,45-54,Germany,Munich,Desktop,macOS,Firefox,New,Facebook,Books,Free,Gold,27,1096.87
U001346,Male,44,35-44,Canada,Vancouver,Mobile,iOS,Edge,At Risk,YouTube,Fashion,Premium,Silver,63,2764.03
U001347,Male,39,35-44,Singapore,Singapore,Mobile,iOS,Chrome,Returning,Instagram,Accessories,Premium,Silver,16,664.58
U001348,Male,42,35-44,Singapore,Singapore,Tablet,macOS,Edge,At Risk,Facebook,Beauty,Premium,Bronze,66,5253.56
U001349,Male,60,55+,Canada,Vancouver,Mobile,Windows,Chrome,New,Direct,Accessories,Premium,Gold,42,2233.06
U001350,Female,23,18-24,Singapore,Singapore,Mobile,macOS,Safari,Premium,YouTube,Accessories,Free,Silver,1,66.75
U001351,Male,42,35-44,United Kingdom,Birmingham,Tablet,macOS,Edge,Premium,Facebook,Sports,Free,Gold,19,528.93
U001352,Male,43,35-44,Australia,Perth,Mobile,Windows,Chrome,Returning,Email,Beauty,Premium,Platinum,96,6300.6
U001353,Male,61,55+,Canada,Toronto,Desktop,Android,Chrome,VIP,Facebook,Sports,Premium,Platinum,62,3984.96
U001354,Male,47,45-54,Canada,Vancouver,Desktop,Android,Safari,VIP,Instagram,Electronics,Premium,Platinum,87,4153.48
U001355,Female,34,25-34,Singapore,Singapore,Tablet,iOS,Edge,Premium,Instagram,Home,Premium,Silver,99,7150.57
U001356,Male,46,45-54,Germany,Frankfurt,Mobile,macOS,Safari,VIP,YouTube,Accessories,Premium,Bronze,33,2418.89
U001357,Female,34,25-34,Singapore,Singapore,Desktop,macOS,Firefox,New,Facebook,Accessories,Premium,Silver,3,233.12
U001358,Male,37,35-44,India,Mumbai,Tablet,Android,Chrome,At Risk,Organic Search,Electronics,Free,Gold,41,2726.13
U001359,Male,65,55+,India,Hyderabad,Mobile,iOS,Firefox,Premium,Email,Books,Premium,Gold,48,2251.85
U001360,Male,33,25-34,United Kingdom,Manchester,Desktop,macOS,Chrome,New,Organic Search,Sports,Premium,Bronze,26,1886.83
U001361,Male,54,45-54,Germany,Berlin,Desktop,iOS,Safari,New,Paid Search,Toys,Premium,Bronze,9,254.67
U001362,Male,23,18-24,Australia,Sydney,Tablet,macOS,Firefox,VIP,YouTube,Fashion,Premium,Gold,88,6491.78
U001363,Female,48,45-54,Canada,Calgary,Tablet,macOS,Chrome,Premium,Referral,Toys,Premium,Platinum,12,637.08
U001364,Male,53,45-54,United States,Austin,Desktop,macOS,Firefox,At Risk,Instagram,Electronics,Free,Gold,3,197.16
U001365,Male,63,55+,United States,Chicago,Tablet,Android,Safari,VIP,Facebook,Electronics,Premium,Gold,89,3358.47
U001366,Male,48,45-54,Germany,Munich,Mobile,Windows,Firefox,New,Instagram,Fashion,Free,Bronze,80,4354.13
U001367,Female,52,45-54,Canada,Calgary,Desktop,Android,Edge,At Risk,Paid Search,Sports,Premium,Gold,5,209.79
U001368,Male,28,25-34,United Kingdom,Birmingham,Mobile,Android,Firefox,At Risk,Facebook,Sports,Free,Bronze,39,2829.88
U001369,Female,65,55+,Singapore,Singapore,Tablet,Android,Firefox,New,YouTube,Toys,Premium,Platinum,93,3480.63
U001370,Male,48,45-54,United Kingdom,London,Desktop,Windows,Edge,New,Direct,Books,Premium,Silver,27,808.91
U001371,Female,35,35-44,Canada,Montreal,Mobile,iOS,Edge,New,Referral,Books,Premium,Bronze,69,4816.84
U001372,Male,54,45-54,Australia,Brisbane,Mobile,macOS,Firefox,Premium,Paid Search,Toys,Premium,Gold,91,6710.39
U001373,Male,57,55+,United States,Chicago,Tablet,Android,Firefox,At Risk,Paid Search,Electronics,Free,Silver,69,2505.0
U001374,Male,52,45-54,India,Bangalore,Tablet,Android,Firefox,Returning,Paid Search,Books,Premium,Silver,50,1769.97
U001375,Female,21,18-24,Singapore,Singapore,Mobile,macOS,Edge,Premium,Paid Search,Fashion,Premium,Platinum,23,655.09
U001376,Female,23,18-24,United States,Chicago,Desktop,Android,Chrome,New,Instagram,Beauty,Free,Silver,11,476.07
U001377,Female,21,18-24,Singapore,Singapore,Tablet,Windows,Chrome,New,YouTube,Books,Premium,Gold,38,971.45
U001378,Female,38,35-44,Canada,Calgary,Mobile,iOS,Firefox,Premium,Paid Search,Home,Free,Silver,95,6760.92
U001379,Female,44,35-44,Australia,Brisbane,Desktop,Windows,Chrome,New,YouTube,Fashion,Premium,Platinum,44,1469.54
U001380,Male,62,55+,Australia,Sydney,Mobile,iOS,Edge,New,YouTube,Home,Premium,Silver,3,84.71
U001381,Female,27,25-34,Germany,Berlin,Tablet,macOS,Edge,VIP,YouTube,Home,Free,Silver,82,5705.59
U001382,Male,58,55+,United Kingdom,Birmingham,Tablet,Windows,Chrome,Premium,Email,Home,Premium,Platinum,74,5104.5
U001383,Male,26,25-34,Singapore,Singapore,Tablet,Android,Edge,Returning,Organic Search,Electronics,Premium,Gold,71,4224.6
U001384,Male,53,45-54,United Kingdom,Birmingham,Tablet,macOS,Chrome,Returning,Instagram,Fashion,Premium,Gold,95,3048.07
U001385,Male,29,25-34,Germany,Berlin,Tablet,Android,Safari,New,YouTube,Electronics,Premium,Bronze,43,2675.85
U001386,Female,29,25-34,Singapore,Singapore,Desktop,macOS,Firefox,VIP,YouTube,Books,Free,Bronze,34,873.92
U001387,Female,34,25-34,Singapore,Singapore,Desktop,macOS,Firefox,Returning,Organic Search,Fashion,Premium,Gold,82,4317.07
U001388,Male,58,55+,Singapore,Singapore,Tablet,macOS,Safari,VIP,Instagram,Toys,Free,Bronze,56,3880.2
U001389,Male,31,25-34,Canada,Toronto,Tablet,Windows,Chrome,New,Email,Toys,Free,Gold,54,3272.05
U001390,Male,48,45-54,Singapore,Singapore,Tablet,Windows,Edge,At Risk,Organic Search,Beauty,Premium,Bronze,86,5712.81
U001391,Female,64,55+,Germany,Hamburg,Tablet,Android,Edge,At Risk,Facebook,Sports,Free,Bronze,67,3837.59
U001392,Female,34,25-34,Canada,Toronto,Mobile,Android,Firefox,New,YouTube,Accessories,Free,Bronze,47,1778.23
U001393,Female,54,45-54,United Kingdom,Manchester,Desktop,Windows,Firefox,At Risk,YouTube,Toys,Premium,Platinum,17,1039.77
U001394,Female,62,55+,Germany,Munich,Tablet,Android,Edge,At Risk,Direct,Electronics,Free,Silver,76,5624.04
U001395,Female,27,25-34,United States,Los Angeles,Desktop,iOS,Safari,VIP,YouTube,Accessories,Free,Platinum,27,736.98
U001396,Female,35,35-44,United Kingdom,Manchester,Tablet,iOS,Safari,Premium,Direct,Fashion,Free,Gold,62,4869.86
U001397,Female,58,55+,United States,New York,Tablet,iOS,Edge,At Risk,Referral,Sports,Premium,Gold,62,2649.31
U001398,Female,23,18-24,Germany,Berlin,Tablet,Android,Safari,VIP,Instagram,Fashion,Free,Platinum,91,5458.75
U001399,Female,45,45-54,United Kingdom,Liverpool,Desktop,iOS,Chrome,Premium,YouTube,Sports,Free,Platinum,29,1152.81
U001400,Male,46,45-54,Australia,Perth,Mobile,Android,Firefox,At Risk,Direct,Electronics,Free,Platinum,31,2369.8
U001401,Female,30,25-34,Singapore,Singapore,Tablet,macOS,Edge,Returning,Facebook,Home,Free,Gold,11,733.95
U001402,Male,52,45-54,Singapore,Singapore,Desktop,macOS,Safari,At Risk,Organic Search,Sports,Premium,Bronze,40,2699.05
U001403,Male,23,18-24,Singapore,Singapore,Mobile,iOS,Chrome,New,Instagram,Beauty,Premium,Silver,36,916.05
U001404,Female,41,35-44,Singapore,Singapore,Mobile,iOS,Firefox,Premium,Facebook,Toys,Free,Gold,52,4122.15
U001405,Female,33,25-34,Australia,Melbourne,Desktop,iOS,Safari,Returning,Referral,Home,Free,Gold,51,1389.73
U001406,Female,65,55+,United States,Seattle,Tablet,Windows,Chrome,At Risk,Direct,Books,Premium,Platinum,90,6470.2
U001407,Male,65,55+,Germany,Munich,Mobile,Windows,Firefox,Premium,Email,Beauty,Free,Platinum,65,2927.84
U001408,Male,47,45-54,United Kingdom,Liverpool,Desktop,Android,Safari,Premium,Email,Books,Premium,Platinum,71,2316.86
U001409,Male,59,55+,Australia,Brisbane,Desktop,Windows,Safari,Premium,Paid Search,Fashion,Free,Platinum,37,2447.97
U001410,Female,48,45-54,United Kingdom,Liverpool,Desktop,Windows,Firefox,At Risk,Direct,Books,Free,Bronze,9,300.82
U001411,Male,45,45-54,United Kingdom,Manchester,Tablet,iOS,Safari,Premium,Referral,Accessories,Premium,Gold,67,4473.15
U001412,Female,42,35-44,Singapore,Singapore,Mobile,iOS,Firefox,Premium,Facebook,Beauty,Premium,Silver,75,5578.8
U001413,Female,45,45-54,Australia,Perth,Desktop,Android,Edge,New,Facebook,Electronics,Premium,Platinum,85,4428.04
U001414,Female,62,55+,United States,Los Angeles,Tablet,macOS,Safari,New,Organic Search,Electronics,Free,Bronze,15,660.26
U001415,Male,39,35-44,Germany,Hamburg,Desktop,iOS,Edge,New,Facebook,Accessories,Free,Silver,60,3001.02
U001416,Female,40,35-44,United Kingdom,Birmingham,Mobile,Android,Firefox,Premium,Referral,Sports,Free,Platinum,65,2828.94
U001417,Female,52,45-54,United Kingdom,Liverpool,Mobile,Android,Edge,At Risk,Instagram,Books,Premium,Bronze,60,2206.19
U001418,Female,61,55+,Germany,Hamburg,Desktop,iOS,Chrome,VIP,YouTube,Electronics,Free,Gold,63,4162.79
U001419,Male,58,55+,Germany,Berlin,Mobile,Android,Firefox,VIP,Organic Search,Sports,Free,Platinum,100,3563.79
U001420,Female,24,18-24,United Kingdom,Birmingham,Tablet,Windows,Firefox,VIP,Referral,Beauty,Premium,Bronze,76,6067.84
U001421,Male,53,45-54,United Kingdom,Liverpool,Tablet,Android,Safari,Premium,Instagram,Toys,Free,Bronze,74,3233.99
U001422,Male,47,45-54,India,Delhi,Mobile,Windows,Safari,Premium,Organic Search,Electronics,Free,Platinum,78,5487.73
U001423,Female,65,55+,India,Hyderabad,Tablet,Windows,Safari,At Risk,YouTube,Home,Premium,Gold,59,3333.67
U001424,Female,61,55+,India,Hyderabad,Tablet,Android,Safari,VIP,YouTube,Beauty,Premium,Silver,91,3056.26
U001425,Female,45,45-54,Canada,Vancouver,Tablet,macOS,Chrome,VIP,Organic Search,Accessories,Free,Silver,48,3521.07
U001426,Male,52,45-54,Australia,Melbourne,Mobile,iOS,Chrome,Returning,Organic Search,Fashion,Premium,Silver,35,2374.75
U001427,Female,21,18-24,Australia,Perth,Tablet,Android,Safari,VIP,Email,Books,Premium,Platinum,40,1362.93
U001428,Male,46,45-54,Singapore,Singapore,Mobile,Windows,Chrome,VIP,Email,Books,Premium,Gold,89,3537.01
U001429,Male,53,45-54,Singapore,Singapore,Desktop,Android,Safari,Returning,Referral,Sports,Free,Silver,50,3517.0
U001430,Male,50,45-54,Singapore,Singapore,Mobile,Android,Edge,Returning,Direct,Fashion,Premium,Silver,55,4215.4
U001431,Male,38,35-44,Singapore,Singapore,Tablet,macOS,Edge,Premium,Facebook,Toys,Premium,Platinum,49,1447.63
U001432,Male,34,25-34,Germany,Hamburg,Mobile,iOS,Firefox,Premium,Facebook,Fashion,Free,Bronze,49,3690.15
U001433,Female,62,55+,Australia,Brisbane,Mobile,Windows,Firefox,Returning,Organic Search,Beauty,Free,Silver,11,404.37
U001434,Male,46,45-54,Singapore,Singapore,Tablet,iOS,Safari,New,Facebook,Toys,Free,Silver,66,2742.3
U001435,Male,19,18-24,India,Bangalore,Mobile,iOS,Firefox,New,Paid Search,Fashion,Free,Platinum,85,4566.41
U001436,Male,28,25-34,Australia,Melbourne,Tablet,macOS,Safari,Premium,Referral,Accessories,Free,Bronze,50,1281.4
U001437,Male,44,35-44,Germany,Frankfurt,Desktop,macOS,Edge,At Risk,Instagram,Electronics,Premium,Platinum,56,1733.89
U001438,Male,59,55+,Canada,Toronto,Desktop,Android,Chrome,Premium,YouTube,Electronics,Premium,Bronze,82,3926.32
U001439,Male,50,45-54,Canada,Vancouver,Desktop,iOS,Firefox,VIP,Facebook,Toys,Premium,Gold,6,224.64
U001440,Male,24,18-24,Australia,Sydney,Tablet,Windows,Safari,Premium,Organic Search,Accessories,Free,Silver,52,1405.83
U001441,Female,37,35-44,United States,Los Angeles,Tablet,Windows,Chrome,At Risk,Paid Search,Books,Free,Silver,85,6790.88
U001442,Male,43,35-44,Australia,Melbourne,Desktop,iOS,Edge,New,Instagram,Beauty,Free,Silver,75,3488.95
U001443,Male,58,55+,Canada,Vancouver,Desktop,Windows,Edge,Returning,Paid Search,Toys,Free,Platinum,100,7310.46
U001444,Male,41,35-44,Singapore,Singapore,Mobile,iOS,Edge,At Risk,Facebook,Beauty,Free,Bronze,66,1687.99
U001445,Female,44,35-44,United Kingdom,Birmingham,Mobile,macOS,Firefox,Premium,Facebook,Toys,Free,Gold,31,2284.59
U001446,Male,25,25-34,India,Delhi,Mobile,Android,Edge,Returning,Paid Search,Books,Premium,Platinum,95,2800.77
U001447,Female,54,45-54,Australia,Sydney,Mobile,macOS,Safari,New,Referral,Electronics,Free,Bronze,29,1265.51
U001448,Female,40,35-44,Canada,Calgary,Mobile,Android,Firefox,VIP,Organic Search,Books,Free,Platinum,8,593.03
U001449,Female,34,25-34,Australia,Melbourne,Mobile,Android,Safari,VIP,Facebook,Fashion,Premium,Platinum,98,5870.45
U001450,Female,47,45-54,Canada,Calgary,Mobile,iOS,Firefox,At Risk,Referral,Beauty,Free,Platinum,8,204.13
U001451,Female,33,25-34,India,Delhi,Tablet,macOS,Firefox,VIP,Facebook,Books,Free,Bronze,29,1007.39
U001452,Female,37,35-44,Australia,Brisbane,Tablet,macOS,Edge,New,Paid Search,Books,Premium,Bronze,69,4984.09
U001453,Female,39,35-44,Singapore,Singapore,Tablet,iOS,Firefox,VIP,YouTube,Fashion,Free,Bronze,21,1083.61
U001454,Female,21,18-24,Canada,Calgary,Desktop,iOS,Firefox,VIP,Instagram,Accessories,Free,Platinum,51,2135.22
U001455,Female,27,25-34,United States,Seattle,Tablet,iOS,Firefox,New,Email,Electronics,Premium,Platinum,88,4990.82
U001456,Female,51,45-54,Singapore,Singapore,Desktop,Android,Safari,New,Email,Home,Premium,Platinum,95,4553.11
U001457,Female,20,18-24,Australia,Perth,Tablet,iOS,Safari,New,Email,Toys,Free,Platinum,57,4216.31
U001458,Female,32,25-34,Canada,Calgary,Mobile,Windows,Chrome,VIP,Email,Books,Free,Silver,76,2668.02
U001459,Male,53,45-54,Australia,Perth,Desktop,Android,Firefox,Returning,Direct,Beauty,Free,Silver,23,812.1
U001460,Male,21,18-24,Singapore,Singapore,Desktop,iOS,Safari,New,YouTube,Electronics,Premium,Gold,28,1649.85
U001461,Male,63,55+,United States,New York,Mobile,iOS,Safari,At Risk,YouTube,Books,Free,Gold,52,3050.24
U001462,Male,23,18-24,United States,Austin,Mobile,macOS,Firefox,Premium,Instagram,Sports,Premium,Gold,44,1686.71
U001463,Male,33,25-34,India,Mumbai,Desktop,Android,Firefox,Premium,Facebook,Home,Free,Gold,75,4480.97
U001464,Male,33,25-34,Canada,Calgary,Desktop,iOS,Chrome,VIP,YouTube,Accessories,Premium,Bronze,98,7804.2
U001465,Male,61,55+,United States,New York,Mobile,Windows,Edge,New,Referral,Electronics,Free,Gold,30,1941.48
U001466,Male,53,45-54,Canada,Calgary,Tablet,macOS,Safari,Returning,Referral,Beauty,Free,Gold,27,2087.86
U001467,Female,28,25-34,Singapore,Singapore,Mobile,Windows,Safari,At Risk,YouTube,Sports,Premium,Bronze,73,3279.61
U001468,Male,45,45-54,India,Delhi,Desktop,Windows,Chrome,Premium,Paid Search,Electronics,Free,Platinum,25,1670.33
U001469,Male,37,35-44,United Kingdom,London,Tablet,Android,Chrome,New,Referral,Books,Premium,Gold,20,1532.9
U001470,Male,35,35-44,India,Hyderabad,Tablet,Windows,Chrome,Premium,YouTube,Toys,Free,Platinum,36,1949.06
U001471,Male,38,35-44,Germany,Berlin,Desktop,macOS,Firefox,Premium,Direct,Electronics,Free,Platinum,100,3037.21
U001472,Male,21,18-24,Canada,Montreal,Mobile,Windows,Firefox,At Risk,Referral,Home,Free,Silver,38,2486.03
U001473,Male,43,35-44,Australia,Sydney,Desktop,iOS,Safari,At Risk,Direct,Beauty,Free,Platinum,55,1523.15
U001474,Female,49,45-54,India,Bangalore,Tablet,Windows,Safari,New,Paid Search,Books,Free,Bronze,95,5842.62
U001475,Female,54,45-54,Canada,Calgary,Tablet,Android,Chrome,At Risk,Direct,Books,Free,Silver,78,6159.42
U001476,Female,20,18-24,India,Chennai,Mobile,Android,Edge,Returning,Referral,Electronics,Premium,Silver,20,1104.68
U001477,Male,48,45-54,Australia,Brisbane,Desktop,iOS,Firefox,New,Paid Search,Toys,Free,Platinum,65,2202.45
U001478,Female,23,18-24,United Kingdom,Manchester,Desktop,macOS,Firefox,New,Facebook,Home,Premium,Platinum,3,224.17
U001479,Female,33,25-34,Australia,Perth,Tablet,Windows,Edge,New,Direct,Sports,Premium,Platinum,21,970.23
U001480,Female,33,25-34,Singapore,Singapore,Mobile,iOS,Firefox,Returning,Facebook,Beauty,Premium,Gold,91,6225.97
U001481,Female,57,55+,Canada,Calgary,Desktop,macOS,Chrome,Premium,YouTube,Sports,Free,Bronze,22,1280.36
U001482,Female,28,25-34,Australia,Sydney,Tablet,Windows,Firefox,Returning,Facebook,Accessories,Premium,Bronze,98,6794.78
U001483,Male,58,55+,India,Kochi,Tablet,Windows,Safari,Premium,Referral,Beauty,Premium,Platinum,7,393.54
U001484,Male,26,25-34,United Kingdom,Manchester,Mobile,iOS,Firefox,At Risk,Direct,Electronics,Free,Platinum,52,2392.36
U001485,Female,56,55+,United States,New York,Tablet,Windows,Chrome,Premium,Direct,Accessories,Free,Bronze,77,5145.61
U001486,Female,63,55+,India,Hyderabad,Desktop,Windows,Firefox,VIP,Instagram,Toys,Free,Bronze,24,1681.86
U001487,Male,58,55+,India,Chennai,Mobile,iOS,Firefox,VIP,Facebook,Home,Free,Silver,35,1117.31
U001488,Female,59,55+,Singapore,Singapore,Tablet,macOS,Safari,New,Instagram,Beauty,Free,Silver,79,3787.98
U001489,Male,28,25-34,Canada,Vancouver,Desktop,iOS,Chrome,New,Email,Home,Free,Bronze,95,3948.74
U001490,Female,63,55+,Germany,Berlin,Desktop,Windows,Firefox,Premium,Direct,Accessories,Premium,Silver,56,2325.89
U001491,Male,65,55+,Germany,Hamburg,Tablet,iOS,Edge,Returning,Paid Search,Toys,Premium,Silver,41,1610.87
U001492,Female,64,55+,Germany,Berlin,Desktop,Android,Edge,Premium,Email,Toys,Free,Gold,95,4636.73
U001493,Male,38,35-44,Singapore,Singapore,Tablet,iOS,Edge,At Risk,Referral,Beauty,Premium,Platinum,95,6439.39
U001494,Male,30,25-34,United States,Austin,Mobile,macOS,Edge,Premium,Instagram,Beauty,Free,Bronze,13,962.73
U001495,Male,29,25-34,United States,Seattle,Mobile,iOS,Safari,Premium,Organic Search,Books,Free,Platinum,40,1223.24
U001496,Female,28,25-34,India,Delhi,Mobile,macOS,Chrome,Returning,Email,Home,Premium,Bronze,30,1322.29
U001497,Female,19,18-24,Canada,Toronto,Tablet,macOS,Chrome,At Risk,Facebook,Electronics,Premium,Silver,47,3623.54
U001498,Male,27,25-34,Germany,Hamburg,Mobile,Android,Firefox,Premium,Paid Search,Home,Premium,Silver,44,2051.71
U001499,Male,50,45-54,Singapore,Singapore,Tablet,Windows,Edge,Premium,Organic Search,Books,Free,Gold,63,4245.46
U001500,Female,57,55+,United Kingdom,London,Mobile,iOS,Safari,Premium,Instagram,Accessories,Free,Platinum,79,5072.77
U001501,Male,45,45-54,Singapore,Singapore,Desktop,macOS,Edge,New,YouTube,Fashion,Premium,Silver,23,1787.87
U001502,Female,22,18-24,Germany,Hamburg,Mobile,Windows,Chrome,VIP,YouTube,Fashion,Premium,Bronze,92,4488.83
U001503,Female,36,35-44,United States,New York,Tablet,iOS,Safari,At Risk,Referral,Accessories,Free,Gold,41,2394.04
U001504,Male,30,25-34,Germany,Munich,Tablet,Windows,Chrome,New,Organic Search,Fashion,Premium,Platinum,89,6945.5
U001505,Male,64,55+,India,Mumbai,Desktop,Windows,Edge,New,Facebook,Toys,Free,Platinum,94,3469.56
U001506,Female,33,25-34,Australia,Sydney,Tablet,iOS,Chrome,At Risk,Instagram,Toys,Free,Gold,53,4143.47
U001507,Female,58,55+,India,Kochi,Tablet,Android,Safari,VIP,Direct,Electronics,Free,Platinum,76,3495.96
U001508,Male,27,25-34,Germany,Frankfurt,Tablet,iOS,Safari,Returning,Email,Accessories,Free,Gold,21,1476.86
U001509,Male,44,35-44,United Kingdom,London,Tablet,Android,Chrome,VIP,Referral,Books,Free,Gold,60,3202.02
U001510,Male,40,35-44,United Kingdom,Manchester,Desktop,macOS,Safari,Premium,Organic Search,Toys,Premium,Platinum,53,2670.13
U001511,Female,46,45-54,United Kingdom,London,Mobile,Windows,Safari,Premium,Instagram,Toys,Free,Gold,72,3137.0
U001512,Female,60,55+,Australia,Brisbane,Mobile,Windows,Chrome,VIP,Email,Home,Free,Bronze,52,1892.67
U001513,Male,26,25-34,United Kingdom,Liverpool,Mobile,macOS,Safari,VIP,Email,Electronics,Free,Bronze,55,2377.11
U001514,Male,42,35-44,Canada,Calgary,Desktop,Windows,Firefox,Premium,Referral,Home,Free,Bronze,14,805.77
U001515,Female,27,25-34,United Kingdom,London,Desktop,iOS,Chrome,New,Instagram,Sports,Free,Bronze,18,1394.4
U001516,Female,60,55+,Australia,Melbourne,Tablet,macOS,Edge,At Risk,Referral,Home,Premium,Platinum,73,5224.24
U001517,Female,24,18-24,Canada,Vancouver,Mobile,Android,Chrome,New,Organic Search,Fashion,Premium,Silver,2,72.24
U001518,Male,38,35-44,United States,Austin,Mobile,macOS,Firefox,New,Referral,Toys,Premium,Gold,40,2360.61
U001519,Female,44,35-44,Singapore,Singapore,Tablet,Android,Firefox,New,YouTube,Home,Free,Gold,20,1063.18
U001520,Male,27,25-34,Canada,Montreal,Mobile,Android,Edge,New,Direct,Beauty,Premium,Bronze,81,3825.8
U001521,Male,41,35-44,Canada,Calgary,Mobile,iOS,Chrome,Premium,Organic Search,Sports,Free,Silver,58,4171.44
U001522,Female,50,45-54,India,Bangalore,Mobile,Windows,Edge,Returning,Direct,Accessories,Premium,Gold,9,429.34
U001523,Male,49,45-54,Germany,Berlin,Desktop,Windows,Firefox,Returning,Referral,Toys,Premium,Gold,75,4172.1
U001524,Female,37,35-44,United Kingdom,Manchester,Tablet,Android,Firefox,At Risk,YouTube,Beauty,Free,Silver,2,65.92
U001525,Male,47,45-54,United States,Seattle,Mobile,Windows,Chrome,At Risk,Organic Search,Home,Premium,Platinum,10,415.11
U001526,Male,58,55+,Australia,Sydney,Tablet,macOS,Chrome,VIP,Paid Search,Electronics,Premium,Platinum,34,2323.53
U001527,Male,23,18-24,Singapore,Singapore,Tablet,iOS,Safari,At Risk,Direct,Sports,Premium,Platinum,14,977.23
U001528,Male,53,45-54,Australia,Melbourne,Mobile,iOS,Chrome,Premium,Paid Search,Beauty,Free,Bronze,38,1082.49
U001529,Female,25,25-34,Singapore,Singapore,Mobile,Android,Edge,Premium,Paid Search,Accessories,Free,Gold,40,1021.36
U001530,Male,37,35-44,Canada,Toronto,Tablet,iOS,Chrome,VIP,Referral,Fashion,Premium,Platinum,65,2916.14
U001531,Female,51,45-54,United States,New York,Desktop,macOS,Firefox,Premium,Referral,Home,Free,Platinum,3,107.66
U001532,Male,38,35-44,Germany,Frankfurt,Desktop,iOS,Chrome,Returning,Email,Accessories,Premium,Gold,77,3063.34
U001533,Male,57,55+,Germany,Frankfurt,Mobile,Windows,Edge,VIP,Facebook,Fashion,Free,Platinum,1,58.23
U001534,Male,37,35-44,India,Mumbai,Desktop,macOS,Firefox,Returning,Paid Search,Electronics,Premium,Platinum,50,1296.53
U001535,Male,43,35-44,United States,New York,Mobile,macOS,Firefox,Premium,YouTube,Fashion,Free,Gold,88,6248.74
U001536,Male,32,25-34,Canada,Toronto,Mobile,iOS,Safari,Premium,YouTube,Accessories,Premium,Platinum,50,3810.31
U001537,Male,58,55+,Germany,Hamburg,Desktop,Windows,Edge,VIP,Paid Search,Electronics,Free,Platinum,66,2565.94
U001538,Male,47,45-54,India,Mumbai,Tablet,macOS,Firefox,At Risk,Facebook,Beauty,Free,Bronze,57,2949.51
U001539,Male,46,45-54,Australia,Sydney,Desktop,Windows,Safari,New,Organic Search,Sports,Free,Silver,15,1143.55
U001540,Female,23,18-24,United Kingdom,Liverpool,Desktop,macOS,Safari,Premium,Email,Beauty,Free,Gold,38,1130.01
U001541,Female,60,55+,Australia,Perth,Mobile,Android,Chrome,VIP,Organic Search,Beauty,Free,Gold,90,6831.81
U001542,Male,33,25-34,India,Mumbai,Desktop,macOS,Firefox,Returning,YouTube,Fashion,Premium,Platinum,40,2357.82
U001543,Female,33,25-34,India,Hyderabad,Desktop,Android,Firefox,At Risk,Referral,Home,Free,Gold,28,2180.75
U001544,Male,51,45-54,Canada,Montreal,Desktop,macOS,Safari,New,Facebook,Fashion,Free,Gold,85,3263.84
U001545,Female,54,45-54,United States,New York,Desktop,Windows,Safari,New,Instagram,Books,Free,Platinum,98,5045.85
U001546,Male,32,25-34,Singapore,Singapore,Tablet,Windows,Safari,Returning,Instagram,Electronics,Premium,Silver,60,3504.83
U001547,Male,41,35-44,Singapore,Singapore,Tablet,macOS,Chrome,New,Facebook,Books,Premium,Platinum,51,2122.84
U001548,Female,18,18-24,Singapore,Singapore,Tablet,Android,Safari,New,YouTube,Toys,Free,Gold,77,4962.97
U001549,Male,38,35-44,United States,Austin,Tablet,Android,Safari,New,Organic Search,Electronics,Free,Bronze,84,2352.99
U001550,Female,60,55+,Singapore,Singapore,Mobile,macOS,Chrome,At Risk,Referral,Beauty,Premium,Gold,11,769.88
U001551,Male,65,55+,Australia,Sydney,Mobile,Windows,Edge,Returning,Facebook,Toys,Free,Platinum,18,1388.08
U001552,Male,48,45-54,United States,Chicago,Mobile,iOS,Firefox,At Risk,Paid Search,Accessories,Premium,Silver,87,6635.42
U001553,Male,58,55+,Canada,Montreal,Tablet,Android,Edge,New,Direct,Home,Free,Platinum,41,2659.06
U001554,Female,31,25-34,Singapore,Singapore,Desktop,Windows,Safari,VIP,Paid Search,Beauty,Free,Silver,68,4419.86
U001555,Female,30,25-34,Canada,Montreal,Tablet,Android,Safari,At Risk,Email,Books,Free,Platinum,98,3077.23
U001556,Male,47,45-54,Canada,Montreal,Mobile,Windows,Edge,Returning,Instagram,Home,Free,Platinum,2,142.03
U001557,Male,47,45-54,India,Delhi,Desktop,iOS,Firefox,Returning,Direct,Books,Free,Platinum,49,3618.33
U001558,Male,34,25-34,United Kingdom,Liverpool,Tablet,macOS,Safari,At Risk,Paid Search,Fashion,Free,Gold,88,4717.94
U001559,Male,32,25-34,United States,New York,Desktop,macOS,Safari,New,Instagram,Books,Premium,Bronze,55,2153.95
U001560,Female,58,55+,Canada,Vancouver,Tablet,Windows,Edge,Premium,Paid Search,Home,Free,Gold,100,5148.15
U001561,Male,42,35-44,United States,Seattle,Tablet,macOS,Safari,New,Email,Home,Free,Gold,22,690.64
U001562,Male,50,45-54,United Kingdom,London,Tablet,iOS,Firefox,At Risk,Referral,Accessories,Free,Platinum,69,4746.97
U001563,Female,54,45-54,United States,Austin,Desktop,Windows,Edge,Premium,Referral,Sports,Free,Bronze,46,3621.17
U001564,Female,22,18-24,Canada,Vancouver,Mobile,Android,Safari,Returning,Instagram,Toys,Premium,Platinum,51,3976.71
U001565,Female,24,18-24,India,Delhi,Tablet,Android,Edge,Returning,Organic Search,Electronics,Free,Gold,47,3625.77
U001566,Male,43,35-44,United States,New York,Tablet,Android,Firefox,At Risk,Direct,Accessories,Free,Silver,96,7404.03
U001567,Male,25,25-34,India,Hyderabad,Mobile,Android,Safari,Returning,YouTube,Books,Premium,Gold,88,5666.0
U001568,Male,27,25-34,United States,New York,Tablet,macOS,Chrome,At Risk,Facebook,Home,Premium,Gold,61,1973.68
U001569,Female,61,55+,India,Hyderabad,Tablet,macOS,Edge,VIP,Instagram,Fashion,Free,Gold,88,5667.71
U001570,Male,40,35-44,United Kingdom,London,Desktop,Windows,Chrome,At Risk,Paid Search,Sports,Premium,Silver,88,5633.37
U001571,Male,26,25-34,Canada,Vancouver,Mobile,macOS,Chrome,VIP,Direct,Home,Free,Gold,27,1699.77
U001572,Male,20,18-24,United States,Austin,Tablet,iOS,Edge,Premium,Email,Accessories,Premium,Silver,30,754.65
U001573,Male,54,45-54,India,Hyderabad,Tablet,Windows,Safari,VIP,Email,Fashion,Premium,Platinum,99,5595.68
U001574,Male,57,55+,Canada,Calgary,Mobile,Android,Chrome,Premium,Instagram,Sports,Premium,Bronze,94,5845.24
U001575,Female,19,18-24,Canada,Toronto,Mobile,Windows,Firefox,Premium,Instagram,Electronics,Free,Gold,56,2604.17
U001576,Male,64,55+,Germany,Berlin,Tablet,macOS,Edge,At Risk,Organic Search,Home,Premium,Bronze,63,2986.01
U001577,Female,25,25-34,United Kingdom,London,Tablet,macOS,Chrome,Returning,Paid Search,Books,Free,Gold,41,2869.85
U001578,Male,41,35-44,United States,Chicago,Desktop,Android,Safari,VIP,Facebook,Beauty,Premium,Gold,90,3055.09
U001579,Female,65,55+,India,Kochi,Mobile,iOS,Edge,At Risk,Instagram,Electronics,Free,Bronze,92,3848.68
U001580,Female,25,25-34,United Kingdom,Manchester,Mobile,macOS,Safari,At Risk,Direct,Toys,Free,Silver,42,1787.68
U001581,Male,23,18-24,Canada,Montreal,Mobile,iOS,Firefox,At Risk,Organic Search,Accessories,Free,Platinum,69,3954.79
U001582,Male,22,18-24,Singapore,Singapore,Desktop,iOS,Firefox,Premium,Direct,Electronics,Premium,Gold,17,591.51
U001583,Male,54,45-54,Canada,Calgary,Mobile,Android,Safari,At Risk,Email,Electronics,Premium,Gold,42,2077.76
U001584,Female,47,45-54,Canada,Vancouver,Tablet,Windows,Chrome,VIP,Organic Search,Books,Premium,Bronze,57,4165.14
U001585,Male,24,18-24,United Kingdom,Manchester,Mobile,macOS,Safari,New,Organic Search,Beauty,Premium,Platinum,24,753.5
U001586,Male,45,45-54,Germany,Berlin,Mobile,macOS,Firefox,VIP,Paid Search,Fashion,Free,Platinum,17,1052.96
U001587,Female,54,45-54,Singapore,Singapore,Tablet,macOS,Chrome,Returning,Email,Accessories,Premium,Silver,60,1846.94
U001588,Female,50,45-54,United Kingdom,Birmingham,Mobile,macOS,Safari,Returning,Organic Search,Electronics,Free,Platinum,66,4016.62
U001589,Female,33,25-34,Canada,Montreal,Desktop,iOS,Safari,Premium,Facebook,Sports,Free,Bronze,79,4505.5
U001590,Female,46,45-54,Canada,Vancouver,Tablet,iOS,Firefox,Returning,Facebook,Accessories,Premium,Bronze,96,4649.51
U001591,Female,62,55+,Canada,Toronto,Tablet,Android,Firefox,At Risk,Organic Search,Accessories,Premium,Gold,94,3689.63
U001592,Male,50,45-54,Singapore,Singapore,Tablet,macOS,Firefox,VIP,Paid Search,Toys,Premium,Gold,58,3068.55
U001593,Male,31,25-34,United Kingdom,London,Mobile,macOS,Chrome,VIP,Referral,Toys,Free,Silver,63,4489.09
U001594,Female,38,35-44,Germany,Berlin,Tablet,Android,Safari,At Risk,Direct,Home,Free,Silver,83,4934.6
U001595,Male,63,55+,Germany,Hamburg,Desktop,iOS,Edge,At Risk,Instagram,Electronics,Free,Silver,37,952.79
U001596,Female,23,18-24,Singapore,Singapore,Mobile,Android,Safari,Returning,Instagram,Books,Free,Gold,88,6077.63
U001597,Male,57,55+,Canada,Vancouver,Mobile,Android,Edge,Returning,Facebook,Accessories,Premium,Bronze,34,1961.22
U001598,Female,36,35-44,Canada,Montreal,Desktop,iOS,Firefox,VIP,Organic Search,Home,Free,Bronze,5,285.92
U001599,Female,44,35-44,India,Hyderabad,Desktop,iOS,Firefox,At Risk,Facebook,Accessories,Premium,Bronze,33,958.66
U001600,Male,28,25-34,India,Chennai,Tablet,Android,Safari,New,YouTube,Books,Free,Platinum,73,2825.87
U001601,Male,65,55+,Canada,Toronto,Tablet,Android,Chrome,Premium,YouTube,Sports,Premium,Platinum,20,685.75
U001602,Female,53,45-54,Germany,Hamburg,Desktop,iOS,Firefox,Premium,Instagram,Electronics,Free,Platinum,32,1981.31
U001603,Female,31,25-34,Germany,Hamburg,Desktop,iOS,Edge,Returning,Direct,Accessories,Premium,Silver,55,1395.02
U001604,Female,54,45-54,Germany,Berlin,Mobile,Windows,Edge,Returning,YouTube,Toys,Free,Platinum,34,2118.56
U001605,Male,54,45-54,India,Delhi,Tablet,macOS,Firefox,Premium,Organic Search,Toys,Free,Platinum,88,3089.41
U001606,Female,56,55+,India,Hyderabad,Mobile,Windows,Firefox,New,Direct,Electronics,Free,Silver,83,6359.49
U001607,Male,55,55+,Singapore,Singapore,Desktop,macOS,Safari,Returning,Paid Search,Toys,Free,Bronze,33,1386.45
U001608,Male,53,45-54,Germany,Munich,Tablet,Windows,Edge,At Risk,YouTube,Home,Free,Bronze,88,3350.33
U001609,Male,39,35-44,United States,New York,Desktop,Windows,Chrome,At Risk,Direct,Home,Free,Platinum,62,1839.99
U001610,Male,46,45-54,Germany,Hamburg,Desktop,iOS,Firefox,VIP,Referral,Home,Free,Bronze,24,1199.32
U001611,Male,43,35-44,United States,Chicago,Mobile,Android,Safari,At Risk,Organic Search,Sports,Premium,Platinum,21,1325.38
U001612,Male,63,55+,Canada,Montreal,Tablet,iOS,Safari,VIP,Organic Search,Toys,Free,Platinum,65,3697.03
U001613,Female,34,25-34,Canada,Vancouver,Mobile,iOS,Safari,Returning,Referral,Accessories,Premium,Platinum,89,5297.24
U001614,Female,49,45-54,Australia,Brisbane,Desktop,iOS,Safari,VIP,Referral,Electronics,Premium,Bronze,2,98.57
U001615,Male,27,25-34,Australia,Perth,Desktop,Windows,Edge,At Risk,Direct,Toys,Free,Platinum,20,1100.33
U001616,Male,34,25-34,India,Hyderabad,Desktop,Windows,Safari,New,Instagram,Toys,Premium,Bronze,4,100.29
U001617,Female,30,25-34,India,Kochi,Desktop,iOS,Chrome,Returning,Referral,Beauty,Free,Silver,83,3907.48
U001618,Female,34,25-34,United States,Austin,Tablet,iOS,Chrome,VIP,Organic Search,Fashion,Free,Gold,88,3947.06
U001619,Male,53,45-54,India,Chennai,Desktop,Windows,Safari,VIP,Paid Search,Books,Free,Bronze,57,1433.66
U001620,Female,48,45-54,Canada,Toronto,Desktop,Windows,Firefox,Returning,Email,Toys,Premium,Platinum,93,7179.4
U001621,Female,56,55+,Canada,Calgary,Desktop,Windows,Chrome,Premium,Paid Search,Fashion,Free,Bronze,90,3000.75
U001622,Female,21,18-24,Germany,Frankfurt,Tablet,iOS,Chrome,Returning,Organic Search,Books,Free,Silver,7,488.87
U001623,Male,40,35-44,Germany,Hamburg,Tablet,Android,Chrome,New,Organic Search,Home,Premium,Gold,73,3726.32
U001624,Female,57,55+,Singapore,Singapore,Tablet,Android,Safari,Premium,Referral,Sports,Premium,Silver,35,2123.21
U001625,Female,40,35-44,United States,Seattle,Tablet,Android,Chrome,Premium,Paid Search,Toys,Premium,Bronze,85,5295.59
U001626,Female,40,35-44,Singapore,Singapore,Mobile,Android,Edge,VIP,Email,Accessories,Premium,Platinum,57,2339.54
U001627,Female,65,55+,Australia,Perth,Mobile,iOS,Firefox,VIP,Paid Search,Accessories,Premium,Bronze,49,2662.98
U001628,Male,41,35-44,Australia,Brisbane,Desktop,iOS,Chrome,At Risk,Organic Search,Beauty,Premium,Platinum,79,5118.99
U001629,Female,28,25-34,United Kingdom,London,Desktop,iOS,Chrome,At Risk,YouTube,Beauty,Free,Gold,87,3875.99
U001630,Female,41,35-44,Singapore,Singapore,Tablet,Windows,Chrome,New,Paid Search,Electronics,Premium,Bronze,41,1352.78
U001631,Female,52,45-54,United Kingdom,Birmingham,Tablet,Android,Edge,New,Email,Books,Premium,Bronze,87,4205.23
U001632,Female,50,45-54,Germany,Munich,Tablet,Android,Firefox,At Risk,Organic Search,Electronics,Free,Silver,7,490.21
U001633,Female,60,55+,Singapore,Singapore,Tablet,Android,Chrome,Premium,Instagram,Sports,Free,Platinum,34,1139.59
U001634,Male,53,45-54,Singapore,Singapore,Desktop,macOS,Firefox,At Risk,Facebook,Accessories,Premium,Platinum,92,5385.37
U001635,Female,18,18-24,United Kingdom,Manchester,Mobile,macOS,Firefox,VIP,Direct,Fashion,Premium,Platinum,75,2897.61
U001636,Male,23,18-24,Canada,Vancouver,Desktop,iOS,Edge,At Risk,Direct,Toys,Premium,Platinum,64,2782.54
U001637,Female,57,55+,Australia,Perth,Desktop,iOS,Firefox,Premium,Instagram,Sports,Premium,Gold,76,6051.37
U001638,Male,22,18-24,United States,Los Angeles,Tablet,Android,Safari,New,Instagram,Toys,Free,Platinum,1,31.36
U001639,Female,39,35-44,Germany,Berlin,Desktop,Android,Chrome,New,Direct,Sports,Premium,Gold,90,5128.06
U001640,Female,48,45-54,Australia,Melbourne,Desktop,Windows,Chrome,Premium,YouTube,Toys,Free,Silver,55,3549.27
U001641,Female,62,55+,United States,New York,Desktop,iOS,Chrome,Premium,Email,Fashion,Premium,Bronze,60,1593.14
U001642,Female,26,25-34,Germany,Munich,Mobile,Android,Chrome,Returning,Referral,Home,Premium,Bronze,58,3477.77
U001643,Female,52,45-54,Canada,Vancouver,Desktop,Android,Chrome,New,Direct,Fashion,Free,Bronze,37,1531.94
U001644,Male,49,45-54,Australia,Melbourne,Desktop,macOS,Chrome,Premium,Facebook,Books,Premium,Platinum,72,5380.15
U001645,Female,42,35-44,United States,Los Angeles,Mobile,Windows,Edge,At Risk,Direct,Books,Free,Bronze,56,2404.4
U001646,Female,28,25-34,Germany,Frankfurt,Tablet,iOS,Safari,At Risk,Facebook,Home,Free,Gold,56,3198.72
U001647,Male,46,45-54,India,Bangalore,Tablet,Android,Edge,At Risk,Referral,Fashion,Free,Silver,20,548.9
U001648,Female,65,55+,United States,New York,Tablet,macOS,Firefox,Returning,Referral,Accessories,Premium,Silver,27,1963.18
U001649,Female,45,45-54,Australia,Brisbane,Tablet,macOS,Chrome,Returning,Direct,Electronics,Premium,Platinum,24,1221.98
U001650,Male,53,45-54,United States,Los Angeles,Desktop,Android,Edge,Returning,Facebook,Books,Premium,Platinum,57,4465.79
U001651,Male,33,25-34,United Kingdom,Birmingham,Desktop,macOS,Chrome,New,Facebook,Books,Free,Gold,23,818.99
U001652,Male,51,45-54,United Kingdom,Birmingham,Desktop,Android,Edge,Returning,Instagram,Accessories,Free,Gold,28,793.78
U001653,Male,63,55+,United States,Los Angeles,Desktop,iOS,Firefox,Premium,YouTube,Beauty,Premium,Platinum,6,401.89
U001654,Female,59,55+,India,Bangalore,Tablet,Windows,Firefox,At Risk,YouTube,Sports,Premium,Platinum,14,430.08
U001655,Male,32,25-34,Australia,Perth,Desktop,iOS,Firefox,VIP,Referral,Beauty,Free,Silver,44,2019.87
U001656,Male,63,55+,United States,Austin,Desktop,iOS,Firefox,At Risk,Referral,Accessories,Free,Bronze,10,780.66
U001657,Female,60,55+,Singapore,Singapore,Desktop,iOS,Edge,VIP,Facebook,Electronics,Premium,Platinum,21,801.22
U001658,Male,19,18-24,Germany,Hamburg,Tablet,Windows,Edge,Returning,Organic Search,Fashion,Free,Platinum,27,762.85
U001659,Male,23,18-24,Singapore,Singapore,Desktop,macOS,Chrome,Premium,Paid Search,Electronics,Free,Bronze,19,1043.8
U001660,Male,41,35-44,Singapore,Singapore,Desktop,macOS,Safari,New,Direct,Accessories,Premium,Silver,27,1353.7
U001661,Female,50,45-54,Singapore,Singapore,Desktop,macOS,Firefox,VIP,Facebook,Books,Premium,Gold,10,798.89
U001662,Female,54,45-54,United Kingdom,Liverpool,Desktop,Android,Safari,Returning,Paid Search,Accessories,Free,Gold,48,1267.1
U001663,Female,50,45-54,United Kingdom,Liverpool,Mobile,iOS,Edge,Premium,Direct,Electronics,Premium,Silver,10,557.53
U001664,Male,22,18-24,Canada,Montreal,Mobile,iOS,Firefox,VIP,Facebook,Sports,Premium,Silver,13,949.67
U001665,Male,21,18-24,Singapore,Singapore,Desktop,macOS,Firefox,VIP,Email,Electronics,Free,Gold,6,410.53
U001666,Male,21,18-24,United States,Los Angeles,Tablet,Windows,Edge,Premium,Facebook,Electronics,Free,Silver,88,6353.9
U001667,Male,45,45-54,United States,Los Angeles,Tablet,iOS,Chrome,Returning,Paid Search,Electronics,Premium,Silver,83,5889.04
U001668,Male,40,35-44,Canada,Montreal,Desktop,macOS,Firefox,New,Direct,Beauty,Free,Gold,75,4218.76
U001669,Male,37,35-44,Canada,Toronto,Mobile,Android,Firefox,Returning,Facebook,Books,Premium,Bronze,12,665.43
U001670,Female,30,25-34,United States,Austin,Tablet,Android,Safari,VIP,YouTube,Fashion,Free,Platinum,99,6208.19
U001671,Male,33,25-34,United Kingdom,Manchester,Mobile,Android,Chrome,Returning,Paid Search,Beauty,Free,Bronze,15,1008.6
U001672,Male,36,35-44,Australia,Brisbane,Tablet,Windows,Safari,VIP,Facebook,Books,Free,Silver,72,1936.1
U001673,Male,25,25-34,Singapore,Singapore,Tablet,Android,Chrome,Returning,Email,Books,Premium,Silver,87,4929.79
U001674,Female,24,18-24,Canada,Vancouver,Desktop,Windows,Firefox,New,Referral,Fashion,Free,Silver,30,2004.62
U001675,Female,62,55+,Australia,Sydney,Desktop,Windows,Firefox,New,Paid Search,Beauty,Free,Silver,80,2506.67
U001676,Female,19,18-24,Singapore,Singapore,Tablet,iOS,Safari,New,Referral,Fashion,Premium,Platinum,35,2708.92
U001677,Female,43,35-44,United Kingdom,London,Tablet,Android,Firefox,VIP,Direct,Beauty,Free,Platinum,92,4809.41
U001678,Male,65,55+,United States,New York,Tablet,macOS,Chrome,New,Organic Search,Books,Premium,Bronze,51,1348.2
U001679,Female,30,25-34,Singapore,Singapore,Desktop,macOS,Chrome,New,Instagram,Sports,Premium,Platinum,99,3595.44
U001680,Male,43,35-44,Germany,Munich,Mobile,macOS,Chrome,New,Referral,Fashion,Premium,Bronze,92,2992.84
U001681,Male,19,18-24,Australia,Perth,Tablet,macOS,Edge,Returning,Direct,Beauty,Premium,Silver,9,360.8
U001682,Female,19,18-24,Singapore,Singapore,Desktop,iOS,Edge,At Risk,Direct,Beauty,Premium,Gold,44,3252.72
U001683,Male,56,55+,Germany,Berlin,Tablet,iOS,Edge,Premium,Instagram,Sports,Premium,Gold,74,3856.05
U001684,Female,25,25-34,United States,Austin,Mobile,Android,Firefox,At Risk,Direct,Beauty,Premium,Platinum,99,3097.52
U001685,Male,52,45-54,Australia,Melbourne,Desktop,Android,Edge,Returning,Organic Search,Electronics,Premium,Silver,71,4549.25
U001686,Female,44,35-44,United Kingdom,Birmingham,Desktop,iOS,Safari,VIP,Facebook,Fashion,Premium,Silver,47,2516.31
U001687,Male,49,45-54,Singapore,Singapore,Mobile,macOS,Firefox,Premium,Direct,Accessories,Premium,Platinum,17,461.08
U001688,Male,20,18-24,India,Bangalore,Tablet,Windows,Chrome,Premium,Facebook,Fashion,Premium,Platinum,46,2448.87
U001689,Male,29,25-34,Australia,Sydney,Tablet,macOS,Chrome,New,YouTube,Toys,Free,Bronze,91,3834.59
U001690,Male,37,35-44,Canada,Toronto,Mobile,Android,Safari,New,Instagram,Books,Premium,Gold,26,1904.75
U001691,Male,42,35-44,United Kingdom,Liverpool,Desktop,iOS,Edge,VIP,Referral,Fashion,Premium,Bronze,23,1513.02
U001692,Female,30,25-34,United Kingdom,Liverpool,Desktop,iOS,Safari,VIP,Organic Search,Electronics,Free,Bronze,81,5081.07
U001693,Male,23,18-24,India,Chennai,Mobile,macOS,Edge,Returning,YouTube,Accessories,Premium,Silver,53,3200.89
U001694,Female,62,55+,India,Kochi,Tablet,Android,Safari,At Risk,Email,Books,Free,Gold,94,7343.73
U001695,Male,61,55+,Germany,Frankfurt,Desktop,Windows,Chrome,VIP,Instagram,Electronics,Free,Bronze,3,236.67
U001696,Male,30,25-34,Canada,Montreal,Mobile,iOS,Firefox,At Risk,Facebook,Beauty,Premium,Platinum,97,6552.39
U001697,Female,20,18-24,India,Kochi,Tablet,iOS,Firefox,New,Facebook,Home,Premium,Gold,54,1862.98
U001698,Female,36,35-44,Australia,Perth,Mobile,Windows,Safari,Premium,YouTube,Home,Premium,Gold,55,3117.64
U001699,Male,28,25-34,Australia,Sydney,Tablet,macOS,Edge,Premium,Facebook,Accessories,Premium,Gold,2,62.35
U001700,Female,55,55+,United States,Chicago,Tablet,Android,Edge,Returning,YouTube,Sports,Premium,Bronze,41,2545.23
U001701,Male,61,55+,Germany,Berlin,Desktop,Windows,Edge,At Risk,Facebook,Books,Premium,Platinum,7,209.84
U001702,Female,22,18-24,Germany,Munich,Tablet,iOS,Chrome,Premium,Direct,Beauty,Premium,Gold,6,432.62
U001703,Male,27,25-34,Singapore,Singapore,Tablet,macOS,Firefox,VIP,Referral,Fashion,Free,Bronze,82,3011.84
U001704,Female,26,25-34,Canada,Montreal,Tablet,macOS,Chrome,New,Instagram,Home,Free,Platinum,49,1963.21
U001705,Male,20,18-24,Germany,Hamburg,Desktop,Windows,Chrome,VIP,Paid Search,Fashion,Premium,Platinum,10,762.8
U001706,Male,34,25-34,United Kingdom,Birmingham,Tablet,Android,Chrome,At Risk,Referral,Books,Premium,Silver,92,5587.16
U001707,Female,64,55+,Singapore,Singapore,Tablet,Android,Edge,VIP,Referral,Sports,Premium,Platinum,63,2312.65
U001708,Male,18,18-24,India,Hyderabad,Tablet,Android,Firefox,Returning,Direct,Books,Free,Silver,72,4019.62
U001709,Male,23,18-24,Singapore,Singapore,Desktop,macOS,Chrome,At Risk,YouTube,Toys,Premium,Bronze,71,5558.6
U001710,Male,27,25-34,Australia,Perth,Tablet,Android,Firefox,VIP,Paid Search,Toys,Premium,Platinum,47,3528.81
U001711,Male,60,55+,Australia,Melbourne,Mobile,Android,Safari,New,Organic Search,Accessories,Free,Silver,14,941.77
U001712,Female,49,45-54,Australia,Sydney,Tablet,macOS,Edge,Returning,Organic Search,Accessories,Free,Silver,68,4061.86
U001713,Female,35,35-44,Australia,Brisbane,Desktop,iOS,Safari,VIP,Direct,Toys,Premium,Bronze,77,2579.52
U001714,Female,48,45-54,Singapore,Singapore,Desktop,iOS,Safari,Returning,YouTube,Accessories,Premium,Gold,87,6306.76
U001715,Male,61,55+,United Kingdom,London,Tablet,Windows,Safari,At Risk,Facebook,Accessories,Premium,Gold,99,5731.56
U001716,Male,18,18-24,Singapore,Singapore,Mobile,Windows,Edge,VIP,Direct,Toys,Free,Bronze,25,1047.58
U001717,Female,31,25-34,United States,Seattle,Desktop,Android,Firefox,VIP,Email,Beauty,Free,Bronze,85,6575.76
U001718,Female,47,45-54,Singapore,Singapore,Mobile,iOS,Chrome,VIP,Instagram,Home,Free,Gold,100,6683.29
U001719,Female,47,45-54,Canada,Calgary,Tablet,Android,Safari,At Risk,Organic Search,Electronics,Premium,Silver,48,1522.53
U001720,Male,43,35-44,Germany,Frankfurt,Mobile,macOS,Safari,Returning,Email,Sports,Free,Silver,77,5866.53
U001721,Male,52,45-54,United Kingdom,Birmingham,Desktop,Android,Edge,VIP,Direct,Home,Premium,Silver,21,1418.2
U001722,Male,24,18-24,India,Delhi,Mobile,iOS,Edge,Returning,Facebook,Electronics,Free,Platinum,30,1933.81
U001723,Male,18,18-24,United Kingdom,Manchester,Tablet,Windows,Edge,At Risk,Facebook,Books,Premium,Bronze,25,945.68
U001724,Male,26,25-34,United Kingdom,Birmingham,Desktop,macOS,Edge,VIP,Paid Search,Books,Free,Platinum,71,4219.28
U001725,Female,44,35-44,Australia,Perth,Desktop,iOS,Firefox,Premium,Facebook,Home,Free,Gold,70,1813.77
U001726,Male,49,45-54,Germany,Munich,Desktop,iOS,Chrome,Premium,Email,Home,Premium,Silver,60,3548.39
U001727,Male,59,55+,Australia,Perth,Desktop,Android,Edge,At Risk,Organic Search,Beauty,Premium,Platinum,67,3625.54
U001728,Female,61,55+,Germany,Munich,Mobile,Android,Edge,New,Instagram,Toys,Premium,Gold,87,3185.72
U001729,Female,23,18-24,Germany,Berlin,Desktop,macOS,Safari,New,YouTube,Accessories,Free,Gold,17,735.07
U001730,Female,49,45-54,Canada,Calgary,Mobile,Android,Firefox,At Risk,Paid Search,Electronics,Free,Gold,12,874.75
U001731,Male,29,25-34,United Kingdom,Manchester,Mobile,iOS,Firefox,At Risk,YouTube,Beauty,Premium,Gold,61,2803.7
U001732,Female,31,25-34,Australia,Perth,Tablet,iOS,Firefox,New,Email,Books,Premium,Gold,30,1734.34
U001733,Female,44,35-44,United Kingdom,Birmingham,Mobile,Windows,Safari,New,Referral,Beauty,Free,Bronze,100,6143.87
U001734,Female,27,25-34,Germany,Berlin,Mobile,macOS,Safari,Returning,Direct,Books,Premium,Platinum,3,184.26
U001735,Male,31,25-34,Germany,Munich,Desktop,macOS,Firefox,At Risk,Email,Fashion,Premium,Platinum,22,1695.96
U001736,Male,18,18-24,Singapore,Singapore,Desktop,macOS,Safari,New,Referral,Beauty,Free,Platinum,75,2385.85
U001737,Male,37,35-44,United Kingdom,Birmingham,Tablet,macOS,Firefox,At Risk,Instagram,Sports,Free,Platinum,100,6728.37
U001738,Male,45,45-54,Singapore,Singapore,Desktop,Windows,Safari,Premium,Instagram,Fashion,Free,Gold,79,4890.04
U001739,Female,40,35-44,Singapore,Singapore,Desktop,iOS,Firefox,VIP,Email,Beauty,Premium,Bronze,32,2059.76
U001740,Male,65,55+,Singapore,Singapore,Tablet,iOS,Safari,VIP,Instagram,Fashion,Free,Platinum,17,893.6
U001741,Male,52,45-54,Singapore,Singapore,Tablet,Android,Safari,Premium,Email,Sports,Premium,Bronze,95,4722.91
U001742,Male,56,55+,Singapore,Singapore,Tablet,Windows,Safari,Returning,Instagram,Electronics,Free,Silver,66,2807.65
U001743,Male,20,18-24,Australia,Perth,Desktop,Android,Firefox,Returning,Instagram,Sports,Premium,Gold,36,1678.7
U001744,Female,29,25-34,India,Delhi,Mobile,Android,Safari,New,Organic Search,Electronics,Free,Gold,14,878.24
U001745,Female,37,35-44,Canada,Montreal,Tablet,Windows,Edge,VIP,YouTube,Sports,Premium,Gold,49,2376.21
U001746,Male,47,45-54,Canada,Toronto,Desktop,Windows,Edge,Returning,Paid Search,Books,Free,Silver,85,5592.34
U001747,Female,64,55+,Australia,Perth,Tablet,macOS,Chrome,At Risk,Organic Search,Electronics,Premium,Bronze,90,3799.4
U001748,Male,38,35-44,Australia,Melbourne,Tablet,macOS,Safari,New,Paid Search,Beauty,Premium,Gold,28,1033.68
U001749,Female,65,55+,India,Mumbai,Mobile,Windows,Chrome,New,Paid Search,Home,Premium,Gold,22,1259.21
U001750,Male,47,45-54,India,Chennai,Desktop,Windows,Firefox,At Risk,Paid Search,Beauty,Premium,Gold,12,901.41
U001751,Male,20,18-24,United Kingdom,Liverpool,Tablet,macOS,Safari,New,YouTube,Accessories,Free,Platinum,16,906.52
U001752,Male,18,18-24,Australia,Sydney,Tablet,Android,Edge,At Risk,Instagram,Electronics,Premium,Bronze,83,3495.58
U001753,Male,56,55+,Canada,Toronto,Mobile,Android,Chrome,Returning,Facebook,Books,Free,Silver,20,1559.12
U001754,Male,20,18-24,Australia,Brisbane,Desktop,Windows,Safari,VIP,Instagram,Books,Premium,Silver,6,369.69
U001755,Female,63,55+,Canada,Montreal,Mobile,Windows,Edge,VIP,Direct,Electronics,Free,Bronze,70,1776.58
U001756,Female,42,35-44,Australia,Brisbane,Tablet,Windows,Edge,New,Paid Search,Toys,Free,Bronze,10,486.13
U001757,Male,52,45-54,India,Mumbai,Tablet,Android,Edge,New,Direct,Books,Premium,Platinum,86,5602.26
U001758,Male,55,55+,Germany,Munich,Mobile,Windows,Firefox,Premium,YouTube,Fashion,Free,Platinum,8,388.84
U001759,Male,58,55+,India,Chennai,Desktop,iOS,Chrome,Premium,Direct,Fashion,Free,Silver,98,4630.59
U001760,Male,21,18-24,Singapore,Singapore,Desktop,iOS,Chrome,At Risk,Organic Search,Sports,Premium,Platinum,55,1392.8
U001761,Male,20,18-24,Australia,Sydney,Desktop,Windows,Edge,Premium,YouTube,Books,Premium,Gold,89,5216.75
U001762,Female,54,45-54,United Kingdom,London,Tablet,Windows,Safari,Returning,Referral,Sports,Premium,Platinum,52,1333.05
U001763,Female,45,45-54,Australia,Melbourne,Tablet,Windows,Safari,Premium,Direct,Sports,Free,Gold,88,5192.27
U001764,Female,27,25-34,Germany,Berlin,Tablet,macOS,Safari,Returning,Instagram,Beauty,Premium,Platinum,38,2246.42
U001765,Female,43,35-44,Singapore,Singapore,Mobile,Windows,Chrome,VIP,Facebook,Accessories,Free,Platinum,78,2317.12
U001766,Female,25,25-34,Canada,Montreal,Tablet,Windows,Edge,VIP,Direct,Accessories,Premium,Bronze,87,5582.88
U001767,Female,25,25-34,Singapore,Singapore,Desktop,Windows,Edge,Premium,Direct,Sports,Premium,Platinum,50,1627.04
U001768,Female,48,45-54,Germany,Berlin,Mobile,macOS,Safari,Premium,Organic Search,Home,Free,Gold,16,748.33
U001769,Male,49,45-54,United States,Chicago,Desktop,Android,Firefox,Returning,Email,Books,Free,Gold,12,773.09
U001770,Female,65,55+,Canada,Toronto,Tablet,macOS,Chrome,VIP,Direct,Fashion,Premium,Bronze,1,53.65
U001771,Male,39,35-44,Singapore,Singapore,Desktop,Android,Chrome,Returning,Paid Search,Sports,Premium,Platinum,2,118.85
U001772,Male,19,18-24,United Kingdom,Manchester,Mobile,Android,Chrome,New,Paid Search,Home,Premium,Gold,37,2276.0
U001773,Male,65,55+,United States,New York,Desktop,Windows,Safari,At Risk,Email,Sports,Free,Platinum,36,2699.37
U001774,Male,48,45-54,Australia,Melbourne,Mobile,Windows,Chrome,VIP,Direct,Beauty,Free,Silver,89,6502.6
U001775,Male,49,45-54,Australia,Sydney,Mobile,macOS,Edge,Premium,Direct,Toys,Premium,Platinum,65,2014.85
U001776,Female,51,45-54,Singapore,Singapore,Tablet,macOS,Safari,Premium,Instagram,Home,Premium,Silver,28,1746.1
U001777,Female,62,55+,United Kingdom,Manchester,Tablet,Android,Firefox,Premium,Facebook,Home,Free,Gold,26,1721.05
U001778,Male,30,25-34,United Kingdom,London,Tablet,Windows,Firefox,New,Email,Sports,Premium,Gold,9,670.02
U001779,Male,32,25-34,Australia,Melbourne,Mobile,iOS,Safari,VIP,Referral,Toys,Premium,Platinum,66,5142.73
U001780,Female,63,55+,India,Chennai,Desktop,iOS,Safari,New,Direct,Electronics,Premium,Gold,17,930.21
U001781,Female,31,25-34,India,Kochi,Tablet,iOS,Edge,New,Instagram,Home,Premium,Silver,28,1803.85
U001782,Male,24,18-24,Germany,Berlin,Desktop,iOS,Edge,New,Paid Search,Electronics,Premium,Bronze,62,4419.16
U001783,Female,35,35-44,United Kingdom,Liverpool,Desktop,iOS,Safari,Premium,Facebook,Beauty,Free,Bronze,19,1092.47
U001784,Female,56,55+,Singapore,Singapore,Mobile,Android,Edge,Premium,Referral,Home,Premium,Platinum,13,904.7
U001785,Male,19,18-24,India,Mumbai,Tablet,iOS,Edge,Premium,Facebook,Accessories,Premium,Gold,97,2668.85
U001786,Male,53,45-54,Germany,Frankfurt,Desktop,macOS,Chrome,Returning,Paid Search,Books,Free,Platinum,81,2331.59
U001787,Male,56,55+,United Kingdom,Manchester,Tablet,Android,Safari,Premium,Organic Search,Beauty,Free,Bronze,59,2893.41
U001788,Female,28,25-34,United States,Chicago,Desktop,Windows,Safari,New,Facebook,Accessories,Free,Bronze,30,2187.06
U001789,Female,37,35-44,Germany,Munich,Desktop,macOS,Safari,Premium,Organic Search,Accessories,Free,Silver,51,2833.39
U001790,Male,43,35-44,Canada,Calgary,Mobile,macOS,Safari,Returning,Direct,Home,Free,Silver,98,4354.03
U001791,Male,61,55+,Germany,Munich,Tablet,macOS,Edge,VIP,Facebook,Accessories,Free,Platinum,16,911.31
U001792,Male,34,25-34,Germany,Munich,Desktop,iOS,Safari,At Risk,Direct,Electronics,Premium,Platinum,77,2797.37
U001793,Male,60,55+,Canada,Toronto,Mobile,Android,Edge,Premium,Facebook,Beauty,Premium,Gold,35,1920.43
U001794,Female,55,55+,Australia,Sydney,Desktop,iOS,Chrome,Returning,Facebook,Home,Free,Bronze,15,1172.43
U001795,Male,42,35-44,Germany,Munich,Desktop,Windows,Firefox,At Risk,Email,Toys,Premium,Bronze,60,3339.19
U001796,Female,23,18-24,Germany,Frankfurt,Desktop,iOS,Firefox,Returning,Paid Search,Beauty,Premium,Silver,94,4097.72
U001797,Female,24,18-24,United States,Seattle,Desktop,macOS,Edge,VIP,YouTube,Accessories,Premium,Platinum,25,1875.69
U001798,Female,48,45-54,Canada,Montreal,Mobile,Android,Firefox,New,Referral,Sports,Free,Gold,73,2666.54
U001799,Female,32,25-34,Singapore,Singapore,Mobile,macOS,Safari,Returning,Email,Beauty,Free,Platinum,71,4322.45
U001800,Male,43,35-44,India,Bangalore,Mobile,Android,Chrome,Premium,Facebook,Electronics,Premium,Gold,4,107.29
U001801,Female,29,25-34,Germany,Munich,Tablet,Android,Chrome,Premium,Organic Search,Fashion,Free,Platinum,53,4157.86
U001802,Female,24,18-24,Singapore,Singapore,Desktop,Windows,Firefox,At Risk,Paid Search,Books,Premium,Silver,100,7006.0
U001803,Female,51,45-54,Germany,Berlin,Desktop,Android,Safari,VIP,Direct,Electronics,Premium,Bronze,49,2449.04
U001804,Male,20,18-24,Singapore,Singapore,Desktop,iOS,Edge,Returning,Organic Search,Books,Premium,Platinum,98,3493.89
U001805,Male,28,25-34,United Kingdom,Liverpool,Tablet,iOS,Firefox,VIP,Email,Home,Premium,Platinum,80,6330.39
U001806,Male,18,18-24,India,Mumbai,Desktop,macOS,Edge,Returning,YouTube,Electronics,Premium,Gold,88,3824.51
U001807,Female,44,35-44,Australia,Perth,Tablet,macOS,Edge,Premium,YouTube,Accessories,Premium,Silver,97,2760.23
U001808,Female,62,55+,United States,Seattle,Mobile,Android,Safari,Returning,Direct,Accessories,Premium,Platinum,36,1437.65
U001809,Female,60,55+,Canada,Montreal,Tablet,iOS,Safari,VIP,YouTube,Sports,Premium,Platinum,77,3592.35
U001810,Male,65,55+,India,Bangalore,Desktop,macOS,Firefox,Premium,Organic Search,Home,Premium,Bronze,46,3280.16
U001811,Male,41,35-44,United States,Seattle,Tablet,iOS,Safari,Premium,Email,Sports,Premium,Bronze,64,2197.18
U001812,Male,33,25-34,Canada,Montreal,Desktop,Windows,Firefox,Returning,Email,Beauty,Premium,Platinum,36,1996.85
U001813,Male,55,55+,United States,Chicago,Desktop,macOS,Firefox,At Risk,Organic Search,Sports,Free,Platinum,93,5430.64
U001814,Female,32,25-34,Canada,Vancouver,Mobile,iOS,Chrome,VIP,Email,Home,Premium,Bronze,8,625.74
U001815,Female,38,35-44,India,Mumbai,Desktop,Android,Safari,At Risk,YouTube,Beauty,Free,Gold,95,6970.39
U001816,Female,43,35-44,Canada,Montreal,Desktop,Windows,Edge,Returning,Direct,Accessories,Free,Platinum,83,4024.44
U001817,Male,34,25-34,India,Bangalore,Tablet,iOS,Chrome,New,Paid Search,Electronics,Free,Platinum,77,2546.01
U001818,Female,45,45-54,India,Hyderabad,Mobile,macOS,Firefox,At Risk,Facebook,Accessories,Premium,Platinum,69,2143.11
U001819,Male,30,25-34,Australia,Melbourne,Desktop,Windows,Firefox,Premium,Email,Books,Premium,Gold,31,2246.49
U001820,Female,35,35-44,Germany,Frankfurt,Mobile,iOS,Edge,VIP,Organic Search,Home,Premium,Bronze,68,3906.76
U001821,Female,64,55+,Canada,Calgary,Mobile,macOS,Chrome,At Risk,Paid Search,Home,Free,Silver,43,2098.37
U001822,Male,64,55+,Canada,Toronto,Mobile,macOS,Safari,Premium,Instagram,Sports,Free,Silver,28,1577.78
U001823,Female,33,25-34,Canada,Calgary,Tablet,Windows,Safari,At Risk,Paid Search,Electronics,Premium,Gold,65,3219.07
U001824,Male,25,25-34,India,Hyderabad,Desktop,Android,Firefox,VIP,Facebook,Beauty,Free,Silver,35,953.6
U001825,Female,34,25-34,Australia,Brisbane,Tablet,iOS,Chrome,Premium,Facebook,Home,Premium,Silver,60,2203.12
U001826,Female,50,45-54,India,Chennai,Tablet,Android,Safari,Premium,Email,Fashion,Premium,Platinum,2,70.81
U001827,Female,65,55+,Australia,Brisbane,Desktop,iOS,Chrome,At Risk,Instagram,Beauty,Free,Silver,96,5695.64
U001828,Female,29,25-34,Germany,Berlin,Desktop,Windows,Firefox,Returning,YouTube,Electronics,Free,Gold,60,3566.9
U001829,Female,28,25-34,United States,New York,Desktop,Android,Edge,New,Direct,Beauty,Premium,Platinum,17,992.59
U001830,Male,40,35-44,United Kingdom,London,Desktop,iOS,Chrome,Returning,Referral,Beauty,Free,Bronze,32,851.66
U001831,Female,25,25-34,United States,Austin,Mobile,Windows,Firefox,Returning,Email,Fashion,Free,Bronze,46,1693.95
U001832,Male,62,55+,Singapore,Singapore,Desktop,Windows,Chrome,At Risk,Email,Electronics,Premium,Gold,67,2140.47
U001833,Female,51,45-54,United Kingdom,Birmingham,Desktop,macOS,Safari,Returning,Direct,Sports,Premium,Gold,28,2109.44
U001834,Male,33,25-34,Australia,Sydney,Desktop,Android,Edge,At Risk,Direct,Toys,Premium,Silver,48,3465.18
U001835,Female,55,55+,United Kingdom,London,Desktop,macOS,Safari,At Risk,Paid Search,Books,Premium,Bronze,65,2852.28
U001836,Female,33,25-34,India,Chennai,Desktop,iOS,Safari,VIP,Paid Search,Books,Free,Gold,16,906.17
U001837,Female,50,45-54,Australia,Brisbane,Tablet,Windows,Edge,Premium,Facebook,Toys,Premium,Bronze,75,4925.24
U001838,Female,33,25-34,United Kingdom,London,Tablet,iOS,Firefox,Premium,Email,Books,Premium,Bronze,57,4349.25
U001839,Female,21,18-24,Australia,Melbourne,Desktop,iOS,Safari,VIP,Referral,Accessories,Premium,Gold,85,2838.14
U001840,Male,54,45-54,Singapore,Singapore,Mobile,Android,Safari,Returning,Facebook,Beauty,Premium,Platinum,48,1949.42
U001841,Female,57,55+,India,Mumbai,Desktop,iOS,Firefox,At Risk,Facebook,Toys,Premium,Gold,64,1818.68
U001842,Male,64,55+,Singapore,Singapore,Tablet,iOS,Safari,VIP,Paid Search,Home,Premium,Gold,56,2713.22
U001843,Female,55,55+,United States,Los Angeles,Desktop,macOS,Firefox,At Risk,Organic Search,Toys,Premium,Bronze,4,304.63
U001844,Female,27,25-34,Singapore,Singapore,Desktop,iOS,Edge,New,Facebook,Books,Free,Silver,63,2086.18
U001845,Male,35,35-44,India,Hyderabad,Desktop,iOS,Firefox,Premium,Email,Sports,Premium,Gold,82,5744.25
U001846,Male,57,55+,United Kingdom,Liverpool,Desktop,Android,Edge,Premium,Referral,Toys,Premium,Bronze,56,3868.37
U001847,Male,53,45-54,Singapore,Singapore,Mobile,macOS,Chrome,Premium,Email,Fashion,Premium,Bronze,98,2491.93
U001848,Male,41,35-44,United Kingdom,Birmingham,Mobile,macOS,Edge,Returning,YouTube,Toys,Free,Silver,72,3071.4
U001849,Female,22,18-24,Germany,Frankfurt,Tablet,Windows,Chrome,New,Instagram,Books,Free,Bronze,5,268.97
U001850,Male,23,18-24,India,Bangalore,Desktop,iOS,Chrome,New,Email,Beauty,Free,Platinum,27,932.22
U001851,Male,33,25-34,Canada,Toronto,Tablet,macOS,Edge,New,Email,Sports,Premium,Platinum,24,1800.73
U001852,Female,51,45-54,India,Hyderabad,Mobile,iOS,Edge,New,Email,Sports,Free,Silver,99,4940.53
U001853,Female,36,35-44,United States,Seattle,Mobile,macOS,Firefox,Premium,Organic Search,Sports,Premium,Silver,56,2299.67
U001854,Female,61,55+,Singapore,Singapore,Desktop,Android,Safari,At Risk,Instagram,Fashion,Premium,Platinum,98,5117.54
U001855,Female,37,35-44,United Kingdom,Manchester,Tablet,Windows,Firefox,Premium,YouTube,Beauty,Premium,Silver,40,1853.97
U001856,Female,23,18-24,Singapore,Singapore,Desktop,Android,Edge,At Risk,Facebook,Electronics,Free,Platinum,43,2986.12
U001857,Female,55,55+,Singapore,Singapore,Desktop,macOS,Safari,VIP,Paid Search,Fashion,Free,Silver,72,5517.42
U001858,Male,54,45-54,Singapore,Singapore,Desktop,macOS,Safari,Returning,Direct,Electronics,Free,Platinum,32,1970.38
U001859,Female,31,25-34,United States,Seattle,Mobile,macOS,Chrome,Returning,YouTube,Accessories,Premium,Gold,91,5067.78
U001860,Female,49,45-54,Australia,Melbourne,Desktop,macOS,Firefox,VIP,YouTube,Books,Premium,Platinum,7,532.37
U001861,Female,53,45-54,Germany,Berlin,Mobile,Android,Safari,VIP,YouTube,Sports,Premium,Gold,7,516.38
U001862,Female,31,25-34,Canada,Vancouver,Desktop,Windows,Firefox,VIP,Instagram,Beauty,Premium,Gold,22,1114.94
U001863,Female,29,25-34,India,Mumbai,Desktop,iOS,Safari,New,Instagram,Home,Free,Silver,38,1265.43
U001864,Female,38,35-44,India,Kochi,Tablet,Windows,Firefox,VIP,Instagram,Fashion,Free,Silver,74,2227.24
U001865,Female,38,35-44,Singapore,Singapore,Mobile,Android,Edge,At Risk,Referral,Toys,Premium,Silver,7,384.22
U001866,Male,29,25-34,Singapore,Singapore,Desktop,Android,Edge,Returning,Paid Search,Electronics,Premium,Bronze,86,4945.64
U001867,Male,65,55+,Singapore,Singapore,Mobile,iOS,Edge,Returning,Paid Search,Sports,Premium,Platinum,95,6677.65
U001868,Female,59,55+,Singapore,Singapore,Desktop,Windows,Firefox,Returning,Referral,Electronics,Free,Gold,75,5306.52
U001869,Female,57,55+,Australia,Perth,Mobile,iOS,Edge,New,Facebook,Electronics,Premium,Platinum,13,1009.6
U001870,Female,64,55+,Germany,Hamburg,Mobile,Windows,Edge,Returning,Paid Search,Toys,Premium,Gold,16,594.33
U001871,Female,39,35-44,Singapore,Singapore,Mobile,Android,Chrome,Premium,Email,Fashion,Free,Platinum,59,1832.7
U001872,Female,36,35-44,United States,New York,Desktop,macOS,Chrome,Returning,Email,Beauty,Premium,Bronze,23,1098.42
U001873,Male,44,35-44,United Kingdom,Liverpool,Desktop,macOS,Firefox,Premium,Instagram,Home,Premium,Platinum,66,1730.48
U001874,Female,26,25-34,India,Kochi,Tablet,Windows,Edge,VIP,Instagram,Fashion,Free,Bronze,31,1465.84
U001875,Female,40,35-44,Germany,Frankfurt,Tablet,Windows,Firefox,VIP,Paid Search,Fashion,Free,Bronze,71,3678.41
U001876,Male,62,55+,Australia,Sydney,Mobile,Android,Firefox,Returning,Email,Beauty,Free,Gold,50,2497.51
U001877,Female,35,35-44,Australia,Brisbane,Mobile,macOS,Firefox,VIP,Organic Search,Accessories,Premium,Silver,94,5362.88
U001878,Male,27,25-34,Singapore,Singapore,Mobile,iOS,Edge,VIP,Facebook,Toys,Premium,Gold,91,4917.71
U001879,Male,65,55+,India,Chennai,Desktop,Windows,Chrome,Premium,Facebook,Electronics,Premium,Bronze,4,131.39
U001880,Female,21,18-24,Australia,Melbourne,Tablet,Android,Edge,VIP,Email,Beauty,Free,Gold,25,1016.1
U001881,Female,48,45-54,Germany,Hamburg,Tablet,Windows,Chrome,At Risk,Facebook,Fashion,Premium,Gold,90,3748.14
U001882,Male,32,25-34,Canada,Calgary,Mobile,macOS,Chrome,Premium,Referral,Electronics,Free,Silver,5,300.94
U001883,Male,39,35-44,Germany,Munich,Mobile,macOS,Chrome,VIP,Instagram,Toys,Free,Platinum,71,5283.73
U001884,Male,42,35-44,Australia,Perth,Desktop,Android,Edge,New,Paid Search,Electronics,Premium,Gold,48,1297.18
U001885,Male,55,55+,India,Hyderabad,Mobile,Windows,Safari,At Risk,Email,Toys,Premium,Platinum,78,5249.34
U001886,Female,19,18-24,Australia,Brisbane,Desktop,iOS,Firefox,Returning,Instagram,Beauty,Premium,Platinum,93,3859.38
U001887,Male,19,18-24,Germany,Frankfurt,Tablet,iOS,Safari,Returning,Organic Search,Accessories,Premium,Platinum,49,3556.19
U001888,Male,27,25-34,Germany,Munich,Desktop,Windows,Edge,VIP,Paid Search,Fashion,Premium,Bronze,58,1803.0
U001889,Male,65,55+,India,Mumbai,Desktop,Windows,Chrome,At Risk,Facebook,Electronics,Free,Platinum,78,5751.59
U001890,Female,21,18-24,India,Delhi,Tablet,Android,Chrome,Premium,Referral,Accessories,Premium,Platinum,18,944.6
U001891,Male,21,18-24,India,Bangalore,Tablet,macOS,Edge,New,Paid Search,Books,Premium,Platinum,86,4934.41
U001892,Female,37,35-44,Canada,Toronto,Tablet,iOS,Safari,At Risk,Paid Search,Home,Free,Bronze,63,3132.86
U001893,Male,40,35-44,Singapore,Singapore,Tablet,macOS,Firefox,At Risk,Direct,Books,Free,Bronze,27,1222.07
U001894,Female,49,45-54,United Kingdom,London,Tablet,macOS,Safari,Returning,Instagram,Fashion,Free,Bronze,55,2787.6
U001895,Female,49,45-54,Germany,Frankfurt,Desktop,macOS,Edge,Premium,Instagram,Sports,Free,Silver,34,1802.94
U001896,Female,41,35-44,Canada,Calgary,Mobile,Windows,Chrome,At Risk,Email,Electronics,Premium,Gold,97,3087.58
U001897,Female,45,45-54,Germany,Berlin,Mobile,Windows,Safari,At Risk,Email,Beauty,Premium,Silver,20,919.68
U001898,Female,61,55+,India,Delhi,Tablet,Android,Chrome,Premium,YouTube,Home,Premium,Gold,81,2364.92
U001899,Male,32,25-34,United States,Los Angeles,Mobile,Android,Firefox,At Risk,Referral,Sports,Premium,Bronze,43,1495.82
U001900,Male,25,25-34,United States,Austin,Desktop,iOS,Chrome,VIP,Email,Home,Free,Silver,21,990.73
U001901,Female,55,55+,United States,New York,Desktop,Windows,Edge,At Risk,Facebook,Accessories,Premium,Bronze,57,3446.41
U001902,Female,38,35-44,United Kingdom,Birmingham,Tablet,Windows,Safari,Premium,Email,Fashion,Free,Gold,89,5456.52
U001903,Male,31,25-34,United Kingdom,Liverpool,Mobile,iOS,Safari,Premium,Organic Search,Home,Premium,Silver,27,1194.37
U001904,Male,21,18-24,Australia,Brisbane,Desktop,iOS,Safari,Premium,YouTube,Home,Premium,Silver,66,1775.74
U001905,Female,30,25-34,Australia,Sydney,Mobile,iOS,Firefox,New,YouTube,Sports,Free,Gold,53,2886.98
U001906,Male,35,35-44,Singapore,Singapore,Mobile,iOS,Edge,VIP,Referral,Sports,Free,Gold,8,545.77
U001907,Male,35,35-44,Singapore,Singapore,Mobile,Windows,Safari,At Risk,Paid Search,Beauty,Free,Silver,15,1134.68
U001908,Male,41,35-44,Canada,Montreal,Mobile,Windows,Firefox,VIP,Organic Search,Beauty,Premium,Platinum,27,1460.07
U001909,Female,41,35-44,Canada,Toronto,Desktop,Android,Safari,Returning,Facebook,Books,Premium,Gold,83,2497.3
U001910,Male,44,35-44,United States,New York,Desktop,iOS,Safari,At Risk,Direct,Home,Free,Gold,23,1791.31
U001911,Female,18,18-24,Canada,Toronto,Mobile,iOS,Safari,VIP,Organic Search,Books,Premium,Platinum,97,4798.13
U001912,Male,61,55+,India,Kochi,Mobile,Windows,Chrome,VIP,Instagram,Fashion,Premium,Silver,85,2361.72
U001913,Male,39,35-44,United States,New York,Tablet,Android,Chrome,Returning,Direct,Sports,Free,Platinum,34,2032.6
U001914,Female,39,35-44,Canada,Toronto,Desktop,iOS,Chrome,At Risk,Instagram,Sports,Free,Silver,50,2665.14
U001915,Male,31,25-34,Germany,Munich,Mobile,iOS,Chrome,Premium,YouTube,Books,Free,Platinum,56,2607.56
U001916,Female,59,55+,Australia,Sydney,Tablet,Android,Chrome,Premium,Direct,Sports,Free,Silver,86,3915.28
U001917,Female,23,18-24,Singapore,Singapore,Mobile,iOS,Chrome,Premium,Paid Search,Sports,Free,Bronze,83,5204.64
U001918,Male,31,25-34,Singapore,Singapore,Tablet,Windows,Firefox,Returning,YouTube,Books,Free,Bronze,89,5667.52
U001919,Female,25,25-34,Singapore,Singapore,Desktop,Windows,Edge,New,Facebook,Sports,Premium,Platinum,91,2427.8
U001920,Male,43,35-44,United Kingdom,Liverpool,Desktop,Android,Chrome,Returning,YouTube,Accessories,Premium,Bronze,70,2035.3
U001921,Male,44,35-44,United Kingdom,Liverpool,Desktop,Android,Edge,New,Organic Search,Fashion,Free,Silver,89,5354.2
U001922,Female,21,18-24,Australia,Brisbane,Desktop,Android,Edge,Premium,Direct,Sports,Free,Silver,18,665.55
U001923,Female,27,25-34,Germany,Hamburg,Desktop,Windows,Edge,Returning,Organic Search,Home,Premium,Silver,51,1763.51
U001924,Male,34,25-34,United States,Chicago,Desktop,macOS,Safari,New,Facebook,Home,Free,Platinum,69,3333.75
U001925,Female,58,55+,Germany,Frankfurt,Desktop,Windows,Safari,VIP,Direct,Fashion,Free,Platinum,91,4252.67
U001926,Male,59,55+,United Kingdom,Manchester,Mobile,Android,Edge,New,Instagram,Fashion,Free,Platinum,38,2711.53
U001927,Male,27,25-34,United Kingdom,Birmingham,Desktop,iOS,Firefox,New,YouTube,Beauty,Free,Platinum,18,791.22
U001928,Male,45,45-54,Singapore,Singapore,Mobile,Windows,Edge,At Risk,Email,Toys,Free,Silver,75,4147.5
U001929,Male,47,45-54,Australia,Perth,Desktop,Android,Edge,Premium,Referral,Beauty,Free,Gold,67,1753.64
U001930,Male,55,55+,United States,New York,Tablet,Windows,Edge,Premium,Email,Sports,Premium,Bronze,11,713.91
U001931,Female,40,35-44,India,Hyderabad,Desktop,Windows,Firefox,At Risk,Facebook,Toys,Free,Gold,84,2115.23
U001932,Male,47,45-54,Canada,Calgary,Mobile,Android,Chrome,Premium,Instagram,Fashion,Premium,Gold,91,7070.75
U001933,Female,65,55+,United Kingdom,Liverpool,Tablet,iOS,Firefox,New,Email,Beauty,Free,Gold,96,3304.54
U001934,Female,57,55+,India,Bangalore,Mobile,iOS,Chrome,New,Organic Search,Toys,Premium,Gold,38,1151.2
U001935,Female,39,35-44,India,Kochi,Mobile,macOS,Firefox,At Risk,Organic Search,Books,Free,Gold,30,2362.59
U001936,Male,22,18-24,Canada,Vancouver,Mobile,Android,Firefox,Returning,YouTube,Accessories,Premium,Bronze,64,4707.82
U001937,Male,63,55+,United States,Chicago,Mobile,Windows,Safari,New,Email,Books,Premium,Platinum,28,1675.28
U001938,Male,65,55+,Germany,Hamburg,Mobile,Android,Safari,Premium,YouTube,Beauty,Premium,Silver,18,1394.68
U001939,Male,22,18-24,India,Bangalore,Mobile,Windows,Chrome,At Risk,YouTube,Home,Free,Bronze,78,5559.02
U001940,Male,45,45-54,Germany,Hamburg,Mobile,Android,Chrome,At Risk,Organic Search,Beauty,Premium,Gold,75,5540.56
U001941,Male,53,45-54,United Kingdom,London,Mobile,Windows,Edge,Premium,Paid Search,Sports,Free,Bronze,87,2354.12
U001942,Female,46,45-54,India,Delhi,Mobile,macOS,Safari,At Risk,Referral,Beauty,Free,Bronze,67,2639.7
U001943,Male,36,35-44,Australia,Perth,Mobile,iOS,Edge,Premium,Referral,Sports,Free,Silver,2,73.06
U001944,Female,37,35-44,United Kingdom,Manchester,Mobile,Windows,Chrome,Premium,YouTube,Electronics,Free,Bronze,14,383.41
U001945,Female,58,55+,United Kingdom,London,Desktop,iOS,Safari,At Risk,Facebook,Home,Free,Platinum,26,824.4
U001946,Female,27,25-34,Germany,Munich,Desktop,macOS,Edge,New,Referral,Toys,Free,Platinum,87,3285.22
U001947,Female,63,55+,Australia,Perth,Desktop,Windows,Edge,At Risk,Referral,Accessories,Free,Silver,63,3042.49
U001948,Male,31,25-34,Australia,Sydney,Tablet,macOS,Edge,New,Facebook,Accessories,Free,Bronze,69,5409.8
U001949,Female,35,35-44,United Kingdom,London,Tablet,macOS,Chrome,VIP,Email,Sports,Free,Bronze,76,2957.17
U001950,Male,49,45-54,Australia,Perth,Mobile,Windows,Firefox,VIP,Instagram,Books,Free,Bronze,100,4214.34
U001951,Male,52,45-54,Germany,Hamburg,Mobile,iOS,Firefox,Premium,Email,Beauty,Free,Platinum,31,1903.16
U001952,Female,23,18-24,Germany,Hamburg,Mobile,iOS,Safari,VIP,Organic Search,Home,Free,Platinum,33,881.44
U001953,Female,58,55+,India,Bangalore,Mobile,Windows,Firefox,Premium,Instagram,Books,Free,Gold,26,1305.85
U001954,Female,35,35-44,United Kingdom,London,Desktop,macOS,Edge,Returning,Paid Search,Electronics,Free,Platinum,58,3870.71
U001955,Female,26,25-34,Germany,Berlin,Desktop,Windows,Chrome,Returning,Facebook,Toys,Free,Platinum,36,942.89
U001956,Female,41,35-44,Germany,Frankfurt,Mobile,Windows,Firefox,At Risk,YouTube,Toys,Premium,Bronze,69,4354.37
U001957,Female,51,45-54,Canada,Montreal,Mobile,iOS,Firefox,VIP,Organic Search,Sports,Premium,Platinum,35,1161.7
U001958,Female,23,18-24,India,Mumbai,Mobile,Android,Edge,Returning,Instagram,Accessories,Free,Gold,16,841.83
U001959,Male,60,55+,United Kingdom,Manchester,Mobile,iOS,Safari,VIP,Referral,Sports,Free,Silver,97,2580.51
U001960,Male,58,55+,Singapore,Singapore,Tablet,Windows,Safari,VIP,Direct,Sports,Premium,Silver,34,2342.44
U001961,Male,36,35-44,Canada,Toronto,Mobile,Android,Chrome,New,YouTube,Sports,Free,Silver,37,2665.07
U001962,Female,33,25-34,India,Bangalore,Mobile,Windows,Edge,VIP,Instagram,Fashion,Premium,Bronze,46,2894.03
U001963,Female,19,18-24,United States,Los Angeles,Desktop,Android,Edge,Premium,YouTube,Accessories,Premium,Bronze,31,2315.52
U001964,Male,62,55+,United Kingdom,Manchester,Tablet,Android,Edge,New,Paid Search,Books,Premium,Bronze,49,1597.1
U001965,Male,58,55+,India,Mumbai,Tablet,Android,Chrome,VIP,Organic Search,Accessories,Free,Silver,76,5394.34
U001966,Female,65,55+,Canada,Vancouver,Mobile,Android,Chrome,Premium,Facebook,Home,Premium,Platinum,7,476.86
U001967,Male,59,55+,United States,Los Angeles,Desktop,macOS,Chrome,New,YouTube,Fashion,Premium,Gold,26,1451.57
U001968,Male,35,35-44,Germany,Munich,Tablet,iOS,Firefox,Premium,Email,Accessories,Premium,Silver,53,3633.99
U001969,Female,43,35-44,Australia,Melbourne,Mobile,Windows,Firefox,At Risk,Facebook,Electronics,Free,Silver,93,5604.51
U001970,Male,26,25-34,United States,Los Angeles,Desktop,Windows,Edge,Premium,Direct,Electronics,Premium,Bronze,72,3266.93
U001971,Male,49,45-54,United Kingdom,London,Tablet,macOS,Edge,Premium,Facebook,Sports,Free,Gold,64,4120.57
U001972,Female,29,25-34,United Kingdom,Birmingham,Desktop,iOS,Safari,Premium,Email,Electronics,Premium,Platinum,64,3320.07
U001973,Female,36,35-44,Singapore,Singapore,Tablet,Android,Safari,Premium,YouTube,Home,Premium,Gold,7,342.38
U001974,Male,41,35-44,Singapore,Singapore,Tablet,iOS,Firefox,VIP,Organic Search,Fashion,Free,Bronze,64,3228.48
U001975,Female,19,18-24,Singapore,Singapore,Desktop,iOS,Edge,At Risk,YouTube,Electronics,Free,Platinum,4,202.91
U001976,Female,21,18-24,Australia,Melbourne,Desktop,Windows,Safari,At Risk,Direct,Toys,Free,Gold,19,1355.32
U001977,Male,60,55+,Singapore,Singapore,Mobile,macOS,Chrome,Returning,Direct,Books,Free,Silver,91,4662.01
U001978,Female,65,55+,Germany,Hamburg,Desktop,Android,Safari,At Risk,Instagram,Home,Free,Platinum,32,1986.22
U001979,Female,23,18-24,Singapore,Singapore,Tablet,iOS,Firefox,Premium,Instagram,Books,Premium,Bronze,76,5705.17
U001980,Female,29,25-34,Canada,Vancouver,Tablet,Android,Safari,New,Email,Home,Free,Gold,93,2883.53
U001981,Female,19,18-24,United States,Chicago,Tablet,Android,Safari,VIP,Paid Search,Accessories,Premium,Gold,77,6011.74
U001982,Female,63,55+,India,Kochi,Tablet,macOS,Firefox,Premium,Paid Search,Fashion,Free,Platinum,36,2837.42
U001983,Female,32,25-34,Australia,Sydney,Mobile,Android,Edge,At Risk,Direct,Electronics,Premium,Gold,16,1249.05
U001984,Male,61,55+,Germany,Hamburg,Desktop,macOS,Safari,VIP,Facebook,Home,Free,Silver,76,3390.2
U001985,Male,38,35-44,Germany,Hamburg,Tablet,macOS,Edge,Returning,Referral,Beauty,Premium,Silver,28,2102.41
U001986,Male,23,18-24,Singapore,Singapore,Desktop,Windows,Safari,VIP,Direct,Fashion,Premium,Silver,16,436.14
U001987,Female,58,55+,Germany,Hamburg,Desktop,Android,Safari,New,Instagram,Books,Premium,Silver,90,4833.53
U001988,Male,25,25-34,India,Bangalore,Mobile,macOS,Edge,New,Instagram,Electronics,Premium,Silver,24,605.68
U001989,Male,32,25-34,Canada,Calgary,Tablet,macOS,Edge,Premium,Paid Search,Sports,Premium,Bronze,30,923.99
U001990,Female,28,25-34,Germany,Frankfurt,Tablet,Windows,Edge,VIP,Organic Search,Electronics,Free,Platinum,86,6465.88
U001991,Female,27,25-34,United States,New York,Mobile,Android,Chrome,At Risk,Facebook,Books,Free,Silver,72,4394.63
U001992,Male,56,55+,Germany,Hamburg,Mobile,Android,Edge,New,Instagram,Accessories,Premium,Bronze,73,3485.31
U001993,Male,47,45-54,United Kingdom,Birmingham,Mobile,Windows,Chrome,VIP,Organic Search,Sports,Free,Platinum,80,2130.05
U001994,Male,39,35-44,India,Delhi,Mobile,Windows,Safari,At Risk,YouTube,Accessories,Premium,Platinum,94,3795.92
U001995,Male,38,35-44,United Kingdom,Liverpool,Desktop,iOS,Chrome,Premium,Referral,Home,Free,Platinum,1,57.32
U001996,Female,44,35-44,Australia,Brisbane,Mobile,macOS,Firefox,New,Paid Search,Sports,Free,Bronze,87,4057.16
U001997,Female,37,35-44,Singapore,Singapore,Mobile,iOS,Safari,Returning,Paid Search,Accessories,Premium,Gold,84,4656.9
U001998,Female,60,55+,United States,Los Angeles,Mobile,macOS,Safari,VIP,Facebook,Electronics,Premium,Platinum,78,5681.52
U001999,Female,54,45-54,Australia,Brisbane,Tablet,Windows,Chrome,New,YouTube,Toys,Premium,Silver,69,2919.16
U002000,Male,45,45-54,United Kingdom,London,Tablet,macOS,Firefox,Returning,Referral,Accessories,Free,Bronze,65,3225.17
