Order_ID,User_ID,Session_ID,Product_ID,Order_Date,Quantity,Unit_Price,Discount,Revenue,Cost,Profit,Payment_Method,Shipping_Method,Order_Status
O0000001,U001822,S0000649,P000341,2024-05-28,1,119.4,20,95.52,66.05,29.47,Debit Card,Standard,Completed
O0000002,U000614,S0003714,P000796,2025-03-12,4,175.76,0,703.04,519.52,183.52,Credit Card,Express,Completed
O0000003,U000925,S0007265,P000323,2024-02-29,3,245.21,0,735.63,547.62,188.01,Credit Card,Same Day,Completed
O0000004,U000990,S0004418,P000547,2024-10-17,5,1382.3,15,5874.77,3772.25,2102.52,Debit Card,Same Day,Completed
O0000005,U001184,S0005658,P000802,2025-07-20,2,1852.84,10,3335.11,2707.32,627.79,UPI,Standard,Completed
O0000006,U000628,S0002054,P000963,2025-07-10,4,107.74,5,409.41,243.08,166.33,Credit Card,Express,Returned
O0000007,U001344,S0006857,P000274,2024-05-31,5,55.55,15,236.09,134.1,101.99,UPI,Standard,Completed
O0000008,U001376,S0009101,P000501,2024-01-03,1,96.47,5,91.65,59.55,32.1,Net Banking,Express,Completed
O0000009,U000497,S0004723,P000389,2025-01-14,5,173.37,30,606.79,527.85,78.94,Debit Card,Same Day,Completed
O0000010,U000665,S0001053,P000624,2024-11-02,5,214.71,10,966.19,782.7,183.49,Credit Card,Same Day,Completed
O0000011,U001861,S0009154,P000831,2025-07-24,3,2478.9,5,7064.87,4023.09,3041.78,PayPal,Same Day,Completed
O0000012,U001950,S0006884,P000536,2025-10-26,1,35.51,5,33.73,23.8,9.93,Net Banking,Same Day,Cancelled
O0000013,U001031,S0008796,P000247,2024-05-30,4,403.64,20,1291.65,808.52,483.13,PayPal,Standard,Completed
O0000014,U000592,S0003954,P000444,2024-03-11,4,31.89,5,121.18,65.8,55.38,UPI,Standard,Returned
O0000015,U000092,S0001968,P000034,2024-01-01,5,72.9,15,309.82,256.55,53.27,Debit Card,Same Day,Completed
O0000016,U000591,S0002837,P000604,2024-01-01,3,767.26,15,1956.51,1422.24,534.27,Credit Card,Same Day,Completed
O0000017,U000073,S0007932,P000779,2024-01-13,1,99.55,15,84.62,69.73,14.89,Debit Card,Standard,Completed
O0000018,U000428,S0000207,P000263,2025-04-05,5,87.59,25,328.46,275.5,52.96,UPI,Express,Cancelled
O0000019,U001868,S0008844,P000058,2024-11-25,1,227.66,20,182.13,142.87,39.26,PayPal,Standard,Cancelled
O0000020,U001670,S0001837,P000843,2024-03-07,5,383.5,10,1725.75,1200.0,525.75,Credit Card,Standard,Completed
O0000021,U001860,S0009357,P000583,2024-01-23,1,1699.76,25,1274.82,996.27,278.55,UPI,Standard,Returned
O0000022,U001672,S0008944,P000252,2024-10-08,2,57.88,25,86.82,68.04,18.78,Credit Card,Same Day,Completed
O0000023,U001673,S0005962,P000513,2024-12-06,4,21.53,30,60.28,62.56,-2.28,Credit Card,Standard,Completed
O0000024,U001621,S0009188,P000120,2025-01-21,5,52.64,0,263.2,129.85,133.35,Debit Card,Same Day,Returned
O0000025,U000243,S0008999,P000030,2024-03-18,2,154.84,25,232.26,151.52,80.74,Debit Card,Standard,Completed
O0000026,U000576,S0008666,P000114,2025-12-01,1,52.67,20,42.14,24.42,17.72,Credit Card,Same Day,Completed
O0000027,U001641,S0008876,P000465,2024-05-03,1,1558.49,25,1168.87,964.83,204.04,UPI,Express,Completed
O0000028,U001848,S0003475,P000668,2025-11-30,1,1995.91,30,1397.14,1188.6,208.54,UPI,Standard,Completed
O0000029,U000392,S0002060,P000936,2024-12-02,1,59.4,25,44.55,35.49,9.06,Debit Card,Express,Returned
O0000030,U001153,S0000250,P000612,2025-02-09,2,575.7,15,978.69,555.08,423.61,Credit Card,Standard,Completed
O0000031,U000871,S0004210,P000263,2024-07-19,5,87.59,20,350.36,275.5,74.86,UPI,Standard,Cancelled
O0000032,U000860,S0002596,P000274,2024-02-01,4,55.55,30,155.54,107.28,48.26,Net Banking,Same Day,Returned
O0000033,U000244,S0004388,P000624,2024-03-05,5,214.71,20,858.84,782.7,76.14,Debit Card,Same Day,Returned
O0000034,U000082,S0006043,P000195,2024-01-19,3,28.45,5,81.08,57.96,23.12,Credit Card,Same Day,Cancelled
O0000035,U001962,S0002483,P000901,2025-07-17,3,22.48,5,64.07,43.68,20.39,UPI,Same Day,Completed
O0000036,U000491,S0000246,P000414,2025-04-14,4,135.45,15,460.53,334.36,126.17,Debit Card,Standard,Completed
O0000037,U001888,S0005904,P000711,2024-04-09,5,195.27,5,927.53,481.45,446.08,Net Banking,Express,Cancelled
O0000038,U001134,S0004986,P000817,2025-08-09,3,8.52,5,24.28,17.67,6.61,UPI,Express,Cancelled
O0000039,U001366,S0001148,P000936,2024-04-07,5,59.4,25,222.75,177.45,45.3,PayPal,Express,Completed
O0000040,U001503,S0005067,P000691,2024-11-26,3,1603.78,0,4811.34,2397.18,2414.16,UPI,Same Day,Cancelled
O0000041,U001388,S0003298,P000661,2025-09-27,3,33.99,0,101.97,71.82,30.15,PayPal,Standard,Completed
O0000042,U000003,S0004063,P000111,2025-02-09,4,698.26,0,2793.04,1930.76,862.28,UPI,Express,Completed
O0000043,U000148,S0005944,P000926,2024-08-21,2,139.28,20,222.85,175.34,47.51,UPI,Standard,Returned
O0000044,U000436,S0006137,P000733,2024-05-16,4,366.39,15,1245.73,873.84,371.89,UPI,Express,Completed
O0000045,U000415,S0002434,P000894,2025-09-26,3,39.38,25,88.61,61.44,27.17,Net Banking,Standard,Completed
O0000046,U001191,S0003519,P000705,2024-10-02,5,16.44,20,65.76,37.05,28.71,Credit Card,Standard,Completed
O0000047,U000929,S0005388,P000833,2024-01-23,4,32.51,25,97.53,77.28,20.25,Credit Card,Standard,Completed
O0000048,U000836,S0007634,P000036,2024-03-26,5,253.69,20,1014.76,792.45,222.31,Credit Card,Standard,Returned
O0000049,U000667,S0005274,P000067,2024-04-06,3,74.41,0,223.23,157.5,65.73,UPI,Same Day,Returned
O0000050,U001204,S0004527,P000665,2025-03-03,4,32.14,10,115.7,87.2,28.5,PayPal,Standard,Returned
O0000051,U000839,S0009399,P000236,2024-07-05,2,24.67,10,44.41,26.66,17.75,UPI,Same Day,Cancelled
O0000052,U001904,S0000829,P000677,2025-10-08,1,190.74,30,133.52,125.5,8.02,PayPal,Express,Completed
O0000053,U000797,S0004951,P000847,2025-08-02,1,123.77,25,92.83,91.38,1.45,PayPal,Same Day,Completed
O0000054,U000907,S0000217,P000520,2024-03-08,3,212.45,25,478.01,468.78,9.23,UPI,Standard,Completed
O0000055,U001678,S0003644,P000089,2025-02-03,1,96.83,20,77.46,65.55,11.91,Net Banking,Standard,Completed
O0000056,U001475,S0005935,P000189,2024-08-03,4,63.17,25,189.51,163.64,25.87,PayPal,Express,Cancelled
O0000057,U000065,S0005630,P000153,2025-10-10,3,55.67,5,158.66,90.69,67.97,UPI,Standard,Completed
O0000058,U000810,S0009978,P000045,2025-12-17,2,290.57,30,406.8,294.96,111.84,Net Banking,Express,Returned
O0000059,U000717,S0004001,P000835,2025-10-09,5,505.44,10,2274.48,1610.0,664.48,UPI,Express,Completed
O0000060,U001218,S0009213,P000472,2025-03-07,3,13.08,20,31.39,19.23,12.16,Debit Card,Standard,Completed
O0000061,U000380,S0008997,P000050,2025-05-15,5,2401.22,5,11405.79,7268.35,4137.44,Debit Card,Same Day,Completed
O0000062,U001265,S0003216,P000860,2025-02-01,1,1748.41,0,1748.41,1031.52,716.89,UPI,Standard,Completed
O0000063,U000511,S0008582,P000288,2024-05-25,4,131.31,20,420.19,314.36,105.83,Net Banking,Same Day,Returned
O0000064,U001426,S0003737,P000808,2024-12-19,3,341.55,30,717.25,766.56,-49.31,Net Banking,Same Day,Returned
O0000065,U000675,S0002257,P000469,2024-08-06,1,722.76,10,650.48,455.3,195.18,Net Banking,Express,Returned
O0000066,U001807,S0005424,P000866,2024-10-08,2,494.43,10,889.97,573.1,316.87,Credit Card,Standard,Cancelled
O0000067,U000872,S0009687,P000609,2024-10-31,3,211.65,10,571.46,421.02,150.44,Net Banking,Same Day,Completed
O0000068,U001545,S0000232,P000752,2024-10-14,3,195.57,15,498.7,319.17,179.53,Debit Card,Same Day,Completed
O0000069,U001588,S0002875,P000958,2024-01-18,2,67.72,0,135.44,99.32,36.12,Net Banking,Same Day,Completed
O0000070,U001564,S0001320,P000777,2025-04-19,1,234.28,30,164.0,123.72,40.28,Net Banking,Standard,Returned
O0000071,U001672,S0009079,P000389,2025-10-31,2,173.37,30,242.72,211.14,31.58,UPI,Express,Completed
O0000072,U001844,S0000238,P000282,2024-06-04,1,72.94,5,69.29,42.22,27.07,Net Banking,Same Day,Completed
O0000073,U001820,S0007413,P000761,2024-10-27,3,163.98,15,418.15,314.37,103.78,Net Banking,Same Day,Completed
O0000074,U001659,S0008567,P000556,2025-06-06,5,18.6,15,79.05,56.45,22.6,Net Banking,Same Day,Completed
O0000075,U001975,S0007583,P000845,2025-06-04,3,728.84,25,1639.89,1347.81,292.08,UPI,Same Day,Returned
O0000076,U000421,S0007717,P000510,2024-12-12,5,36.11,25,135.41,96.0,39.41,PayPal,Standard,Completed
O0000077,U000520,S0005673,P000328,2025-07-07,4,359.4,10,1293.84,807.56,486.28,Credit Card,Express,Completed
O0000078,U001050,S0006256,P000417,2025-05-08,5,33.61,0,168.05,117.05,51.0,UPI,Standard,Completed
O0000079,U000463,S0003970,P000840,2024-10-01,1,52.7,5,50.06,28.73,21.33,UPI,Standard,Completed
O0000080,U000797,S0007929,P000473,2025-12-11,5,379.51,15,1612.92,857.95,754.97,Credit Card,Express,Returned
O0000081,U001707,S0000461,P000052,2024-09-11,5,130.61,20,522.44,382.05,140.39,Net Banking,Same Day,Completed
O0000082,U001831,S0005258,P000536,2025-12-30,3,35.51,20,85.22,71.4,13.82,Net Banking,Express,Completed
O0000083,U000310,S0001280,P000478,2024-12-29,4,44.75,25,134.25,89.2,45.05,UPI,Standard,Completed
O0000084,U000011,S0001564,P000752,2024-11-30,2,195.57,0,391.14,212.78,178.36,Debit Card,Same Day,Completed
O0000085,U001370,S0008773,P000499,2025-08-15,3,510.06,20,1224.14,933.72,290.42,Credit Card,Express,Cancelled
O0000086,U000885,S0002353,P000250,2025-04-23,1,108.72,25,81.54,49.47,32.07,Credit Card,Same Day,Completed
O0000087,U001220,S0000252,P000389,2024-05-21,4,173.37,20,554.78,422.28,132.5,PayPal,Standard,Completed
O0000088,U000664,S0001731,P000061,2025-06-22,3,508.1,5,1448.09,743.64,704.45,PayPal,Express,Completed
O0000089,U000912,S0006491,P000094,2024-06-27,3,31.21,10,84.27,62.52,21.75,PayPal,Express,Completed
O0000090,U001806,S0009025,P000853,2025-05-15,4,208.23,10,749.63,463.0,286.63,Credit Card,Express,Completed
O0000091,U000582,S0008557,P000962,2024-06-29,2,11.58,10,20.84,11.04,9.8,Net Banking,Same Day,Completed
O0000092,U000421,S0007717,P000960,2024-12-12,5,86.0,20,344.0,282.75,61.25,Net Banking,Standard,Completed
O0000093,U000262,S0006525,P000845,2025-02-22,2,728.84,20,1166.14,898.54,267.6,Credit Card,Same Day,Completed
O0000094,U000651,S0001503,P000458,2025-06-27,4,11.27,0,45.08,25.28,19.8,UPI,Standard,Completed
O0000095,U000571,S0009898,P000672,2024-12-17,3,14.54,5,41.44,28.68,12.76,UPI,Standard,Completed
O0000096,U001119,S0005199,P000388,2025-12-21,1,52.26,20,41.81,30.89,10.92,PayPal,Same Day,Completed
O0000097,U001134,S0004986,P000099,2025-08-09,4,105.4,20,337.28,199.88,137.4,Credit Card,Same Day,Cancelled
O0000098,U000579,S0008827,P000637,2025-01-21,3,46.77,10,126.28,85.47,40.81,PayPal,Same Day,Returned
O0000099,U001061,S0004830,P000972,2024-04-30,2,116.05,30,162.47,138.04,24.43,PayPal,Same Day,Completed
O0000100,U001174,S0007349,P000090,2024-02-13,3,37.86,10,102.22,74.91,27.31,Credit Card,Standard,Returned
O0000101,U000056,S0006747,P000796,2024-06-28,4,175.76,25,527.28,519.52,7.76,Debit Card,Standard,Completed
O0000102,U001203,S0001207,P000714,2025-11-18,2,776.54,15,1320.12,779.12,541.0,PayPal,Same Day,Completed
O0000103,U000937,S0003485,P000918,2025-03-13,2,17.53,15,29.8,20.14,9.66,PayPal,Express,Returned
O0000104,U001957,S0002079,P000850,2025-07-23,2,179.6,0,359.2,235.14,124.06,PayPal,Express,Returned
O0000105,U001056,S0007830,P000273,2025-02-19,1,138.25,25,103.69,100.51,3.18,Debit Card,Standard,Completed
O0000106,U000453,S0001846,P000190,2024-03-13,1,1505.41,15,1279.6,971.5,308.1,Debit Card,Express,Completed
O0000107,U001356,S0002095,P000220,2025-12-12,2,103.7,30,145.18,104.82,40.36,PayPal,Express,Completed
O0000108,U000133,S0001398,P000462,2025-03-02,4,164.43,10,591.95,337.72,254.23,PayPal,Express,Cancelled
O0000109,U000382,S0009340,P000392,2024-04-10,1,355.46,30,248.82,205.75,43.07,UPI,Same Day,Cancelled
O0000110,U000780,S0001426,P000467,2024-06-12,4,146.66,15,498.64,384.64,114.0,Credit Card,Same Day,Cancelled
O0000111,U001365,S0005325,P000827,2024-02-10,5,333.47,10,1500.62,1088.85,411.77,Credit Card,Express,Returned
O0000112,U000318,S0003404,P000276,2025-05-28,5,41.08,30,143.78,138.45,5.33,PayPal,Express,Completed
O0000113,U000491,S0003745,P000041,2025-03-22,1,59.02,20,47.22,36.05,11.17,Net Banking,Express,Completed
O0000114,U000433,S0006354,P000529,2024-06-01,1,127.62,0,127.62,79.13,48.49,PayPal,Standard,Cancelled
O0000115,U000566,S0002820,P000262,2025-10-21,3,233.18,30,489.68,336.24,153.44,PayPal,Express,Completed
O0000116,U000607,S0006645,P000187,2024-11-09,2,112.47,15,191.2,111.54,79.66,Credit Card,Standard,Completed
O0000117,U000529,S0001105,P000631,2025-07-13,5,649.98,15,2762.41,2071.15,691.26,PayPal,Standard,Cancelled
O0000118,U000795,S0003269,P000745,2024-08-30,4,247.37,30,692.64,516.6,176.04,Net Banking,Express,Returned
O0000119,U001809,S0004744,P000813,2024-09-05,3,138.27,15,352.59,223.02,129.57,Credit Card,Standard,Cancelled
O0000120,U000728,S0007059,P000925,2025-03-24,3,67.31,0,201.93,99.21,102.72,UPI,Express,Completed
O0000121,U000928,S0000618,P000346,2024-08-28,2,197.61,20,316.18,203.8,112.38,UPI,Standard,Returned
O0000122,U001658,S0003872,P000851,2025-12-28,3,246.11,25,553.75,465.03,88.72,Credit Card,Same Day,Completed
O0000123,U001253,S0006499,P000954,2024-03-30,1,10.38,0,10.38,7.19,3.19,Credit Card,Express,Completed
O0000124,U000473,S0002115,P000893,2025-04-18,5,2081.37,25,7805.14,7049.0,756.14,PayPal,Standard,Completed
O0000125,U000847,S0009195,P000452,2025-07-29,3,442.61,25,995.87,781.89,213.98,UPI,Express,Completed
O0000126,U000547,S0004714,P000239,2024-03-08,4,429.19,25,1287.57,927.44,360.13,Credit Card,Express,Completed
O0000127,U000571,S0002405,P000159,2025-05-06,5,19.55,0,97.75,63.9,33.85,UPI,Same Day,Cancelled
O0000128,U000419,S0006074,P000904,2024-09-11,1,79.33,30,55.53,46.31,9.22,UPI,Same Day,Completed
O0000129,U000138,S0001911,P000687,2025-12-21,5,357.63,15,1519.93,1070.9,449.03,PayPal,Standard,Completed
O0000130,U001808,S0001372,P000572,2024-01-16,1,48.36,0,48.36,30.58,17.78,PayPal,Standard,Completed
O0000131,U001695,S0003435,P000767,2024-12-22,2,55.73,15,94.74,78.98,15.76,Debit Card,Express,Completed
O0000132,U001504,S0007124,P000633,2025-11-23,2,152.69,10,274.84,209.12,65.72,Credit Card,Same Day,Returned
O0000133,U000692,S0008032,P000362,2025-02-18,3,957.91,15,2442.67,1759.98,682.69,PayPal,Same Day,Cancelled
O0000134,U001492,S0009573,P000992,2024-10-22,1,147.32,5,139.95,78.76,61.19,Debit Card,Same Day,Completed
O0000135,U000393,S0002916,P000589,2025-05-02,1,497.66,15,423.01,276.78,146.23,UPI,Standard,Completed
O0000136,U000210,S0001826,P000172,2024-03-31,4,1426.12,0,5704.48,3000.52,2703.96,PayPal,Standard,Completed
O0000137,U001915,S0000719,P000700,2025-11-03,4,49.85,30,139.58,110.76,28.82,PayPal,Express,Completed
O0000138,U000185,S0004943,P000496,2025-09-06,5,32.44,25,121.65,97.25,24.4,Credit Card,Standard,Completed
O0000139,U000423,S0003285,P000219,2025-10-10,5,246.59,20,986.36,804.3,182.06,UPI,Express,Completed
O0000140,U001632,S0002359,P000131,2024-09-01,5,16.05,30,56.17,47.7,8.47,Net Banking,Standard,Returned
O0000141,U000232,S0002687,P000903,2024-11-30,4,70.51,25,211.53,186.96,24.57,PayPal,Standard,Returned
O0000142,U000438,S0003914,P000771,2024-04-13,4,23.34,0,93.36,43.64,49.72,Net Banking,Standard,Completed
O0000143,U000356,S0003630,P000202,2025-02-20,5,323.47,15,1374.75,1026.95,347.8,Credit Card,Express,Completed
O0000144,U001314,S0002651,P000401,2024-08-16,5,57.76,0,288.8,155.55,133.25,Debit Card,Express,Completed
O0000145,U001961,S0004287,P000333,2024-05-10,4,23.62,30,66.14,52.6,13.54,Debit Card,Express,Completed
O0000146,U000306,S0003786,P000169,2024-09-15,4,42.17,15,143.38,81.16,62.22,Credit Card,Express,Completed
O0000147,U001573,S0005052,P000417,2024-10-07,5,33.61,15,142.84,117.05,25.79,UPI,Standard,Completed
O0000148,U001072,S0002807,P000144,2025-10-16,1,13.35,20,10.68,7.03,3.65,Credit Card,Express,Cancelled
O0000149,U000470,S0003271,P000016,2024-07-25,3,203.63,0,610.89,318.78,292.11,Credit Card,Same Day,Completed
O0000150,U001342,S0001640,P000221,2024-12-01,2,777.44,10,1399.39,853.46,545.93,Debit Card,Standard,Cancelled
O0000151,U000663,S0007702,P000622,2024-07-07,1,316.91,15,269.37,230.5,38.87,Debit Card,Same Day,Returned
O0000152,U001419,S0002630,P000677,2024-08-02,5,190.74,0,953.7,627.5,326.2,Net Banking,Express,Returned
O0000153,U000198,S0005315,P000916,2024-10-20,1,93.75,10,84.38,43.56,40.82,PayPal,Standard,Completed
O0000154,U001557,S0004461,P000446,2024-05-23,4,130.34,0,521.36,320.24,201.12,PayPal,Same Day,Completed
O0000155,U001331,S0004855,P000432,2025-11-03,3,274.49,15,699.95,545.88,154.07,Credit Card,Same Day,Completed
O0000156,U001328,S0004692,P000915,2024-01-09,5,52.61,30,184.13,159.65,24.48,PayPal,Express,Completed
O0000157,U000949,S0004201,P000025,2025-05-30,1,154.78,10,139.3,109.8,29.5,UPI,Same Day,Completed
O0000158,U001636,S0005254,P000254,2024-07-26,4,630.74,30,1766.07,1563.64,202.43,Credit Card,Standard,Completed
O0000159,U001400,S0002657,P000396,2025-02-01,4,106.81,30,299.07,221.52,77.55,PayPal,Express,Completed
O0000160,U001081,S0007131,P000095,2024-07-17,5,275.97,15,1172.87,936.75,236.12,Credit Card,Same Day,Completed
O0000161,U001526,S0002650,P000680,2024-09-23,2,103.05,15,175.19,139.3,35.89,UPI,Same Day,Completed
O0000162,U001335,S0002603,P000491,2025-12-22,2,43.14,20,69.02,56.0,13.02,UPI,Same Day,Completed
O0000163,U000960,S0001523,P000816,2024-10-16,5,22.11,25,82.91,76.35,6.56,Credit Card,Standard,Completed
O0000164,U001333,S0009874,P000265,2024-10-30,5,47.58,25,178.42,117.45,60.97,PayPal,Same Day,Completed
O0000165,U000713,S0008188,P000418,2025-05-04,2,244.81,15,416.18,335.1,81.08,Credit Card,Express,Completed
O0000166,U000868,S0009372,P000639,2024-04-24,3,337.54,0,1012.62,574.5,438.12,Credit Card,Same Day,Completed
O0000167,U001540,S0007392,P000231,2025-03-22,4,223.8,25,671.4,462.64,208.76,UPI,Standard,Completed
O0000168,U000274,S0007784,P000307,2024-07-22,5,15.87,5,75.38,45.5,29.88,UPI,Standard,Cancelled
O0000169,U000967,S0002815,P000264,2024-11-25,3,2267.67,20,5442.41,4908.81,533.6,Debit Card,Express,Completed
O0000170,U000279,S0005760,P000685,2024-12-31,2,180.36,30,252.5,235.72,16.78,Net Banking,Express,Completed
O0000171,U000991,S0004722,P000570,2025-09-13,1,15.15,30,10.61,7.7,2.91,PayPal,Same Day,Completed
O0000172,U001748,S0002621,P000275,2024-02-22,2,787.13,25,1180.69,1028.38,152.31,Credit Card,Standard,Completed
O0000173,U001897,S0002856,P000708,2025-10-04,1,182.86,20,146.29,90.3,55.99,Credit Card,Same Day,Completed
O0000174,U000732,S0002484,P000840,2025-08-22,5,52.7,15,223.97,143.65,80.32,Debit Card,Express,Cancelled
O0000175,U000024,S0005157,P000578,2025-08-04,1,274.01,30,191.81,188.78,3.03,UPI,Standard,Completed
O0000176,U001437,S0008170,P000302,2025-03-18,5,204.77,5,972.66,738.35,234.31,Net Banking,Same Day,Cancelled
O0000177,U000769,S0008481,P000206,2024-05-06,5,137.26,25,514.72,393.85,120.87,Debit Card,Standard,Completed
O0000178,U000239,S0004048,P000026,2024-06-14,5,1786.99,30,6254.47,5978.85,275.62,Net Banking,Same Day,Completed
O0000179,U001214,S0000856,P000471,2025-08-22,2,70.05,10,126.09,102.48,23.61,Credit Card,Same Day,Returned
O0000180,U000399,S0006547,P000663,2024-04-09,5,163.56,0,817.8,496.35,321.45,Debit Card,Same Day,Completed
O0000181,U000837,S0007922,P000424,2024-04-25,5,56.5,10,254.25,205.2,49.05,Credit Card,Express,Completed
O0000182,U000878,S0009454,P000611,2024-08-25,3,37.09,0,111.27,66.06,45.21,Net Banking,Standard,Returned
O0000183,U000763,S0009146,P000741,2024-08-16,2,33.31,25,49.97,49.88,0.09,Debit Card,Express,Returned
O0000184,U000068,S0000867,P000395,2024-08-19,1,276.34,30,193.44,160.3,33.14,UPI,Same Day,Returned
O0000185,U001469,S0005517,P000814,2025-11-09,4,58.58,20,187.46,165.08,22.38,Credit Card,Same Day,Completed
O0000186,U001458,S0006459,P000565,2024-12-18,4,65.01,10,234.04,184.32,49.72,PayPal,Express,Returned
O0000187,U000106,S0005019,P000634,2025-10-13,5,16.02,0,80.1,47.95,32.15,Credit Card,Express,Completed
O0000188,U001133,S0006070,P000156,2024-04-28,1,27.18,30,19.03,18.66,0.37,PayPal,Same Day,Completed
O0000189,U000086,S0007220,P000641,2025-07-27,2,72.43,15,123.13,74.72,48.41,Credit Card,Same Day,Completed
O0000190,U000553,S0006155,P000782,2025-11-05,4,570.55,30,1597.54,1355.52,242.02,UPI,Same Day,Completed
O0000191,U001198,S0005705,P000258,2025-03-17,3,142.38,0,427.14,299.67,127.47,Debit Card,Standard,Completed
O0000192,U000345,S0001657,P000488,2024-09-10,2,108.11,20,172.98,114.38,58.6,Net Banking,Express,Completed
O0000193,U001609,S0008802,P000723,2024-10-03,3,10.11,25,22.75,16.62,6.13,UPI,Same Day,Cancelled
O0000194,U001742,S0002945,P000480,2025-03-11,5,109.62,25,411.08,344.9,66.18,PayPal,Standard,Cancelled
O0000195,U001131,S0001512,P000375,2024-02-14,5,1805.89,5,8577.98,4805.4,3772.58,PayPal,Standard,Completed
O0000196,U001748,S0008820,P000390,2024-12-25,3,715.88,15,1825.49,1602.12,223.37,Credit Card,Express,Cancelled
O0000197,U000825,S0009987,P000539,2024-07-20,4,279.95,25,839.85,557.04,282.81,UPI,Same Day,Completed
O0000198,U001131,S0001512,P000498,2024-02-14,2,98.55,5,187.24,145.4,41.84,Net Banking,Same Day,Completed
O0000199,U000699,S0008870,P000109,2025-06-17,4,182.28,30,510.38,488.28,22.1,Debit Card,Standard,Completed
O0000200,U001003,S0000566,P000873,2025-03-17,1,957.97,20,766.38,711.73,54.65,PayPal,Standard,Cancelled
O0000201,U000238,S0004706,P000377,2025-03-19,5,43.82,20,175.28,117.35,57.93,Credit Card,Same Day,Completed
O0000202,U000568,S0004710,P000359,2025-12-16,4,1560.51,20,4993.63,3182.84,1810.79,Debit Card,Express,Returned
O0000203,U000569,S0008052,P000818,2025-10-13,1,28.45,20,22.76,13.12,9.64,Credit Card,Same Day,Completed
O0000204,U001851,S0003115,P000172,2024-07-05,5,1426.12,5,6774.07,3750.65,3023.42,UPI,Express,Cancelled
O0000205,U001153,S0000250,P000606,2025-02-09,5,226.79,15,963.86,527.45,436.41,Net Banking,Express,Cancelled
O0000206,U000318,S0009125,P000293,2024-01-30,5,37.11,0,185.55,117.8,67.75,PayPal,Same Day,Returned
O0000207,U001559,S0009737,P000823,2025-02-24,1,13.28,10,11.95,6.21,5.74,UPI,Standard,Completed
O0000208,U001243,S0005169,P000791,2025-03-24,5,20.71,0,103.55,48.0,55.55,Credit Card,Same Day,Completed
O0000209,U000546,S0003037,P000894,2025-05-11,3,39.38,20,94.51,61.44,33.07,Debit Card,Same Day,Completed
O0000210,U001289,S0002662,P000902,2025-02-25,4,2475.55,5,9407.09,4839.6,4567.49,Debit Card,Same Day,Returned
O0000211,U000139,S0004088,P000865,2025-02-10,4,276.68,10,996.05,623.32,372.73,UPI,Standard,Completed
O0000212,U000356,S0003630,P000577,2025-02-20,2,35.04,10,63.07,43.94,19.13,Debit Card,Same Day,Completed
O0000213,U001853,S0002804,P000014,2024-02-21,1,221.76,10,199.58,133.09,66.49,Credit Card,Standard,Cancelled
O0000214,U001238,S0007566,P000059,2024-07-19,4,312.6,15,1062.84,642.08,420.76,Net Banking,Same Day,Cancelled
O0000215,U001768,S0001721,P000157,2025-03-26,4,16.02,15,54.47,32.32,22.15,Net Banking,Standard,Completed
O0000216,U000295,S0000418,P000741,2024-12-30,2,33.31,10,59.96,49.88,10.08,Net Banking,Express,Completed
O0000217,U000146,S0005592,P000414,2025-06-13,2,135.45,25,203.17,167.18,35.99,Net Banking,Same Day,Cancelled
O0000218,U000158,S0003792,P000311,2024-11-02,3,163.14,0,489.42,230.67,258.75,Net Banking,Same Day,Cancelled
O0000219,U001686,S0005594,P000481,2025-12-10,2,167.65,20,268.24,231.76,36.48,UPI,Express,Completed
O0000220,U001893,S0009702,P000689,2024-07-10,1,54.18,0,54.18,37.17,17.01,Net Banking,Same Day,Completed
O0000221,U000436,S0008340,P000313,2024-06-14,1,243.59,20,194.87,114.03,80.84,Debit Card,Same Day,Completed
O0000222,U000564,S0000889,P000566,2025-09-07,2,54.45,20,87.12,67.22,19.9,Net Banking,Same Day,Returned
O0000223,U000875,S0003126,P000007,2025-08-21,4,61.08,25,183.24,137.08,46.16,UPI,Same Day,Cancelled
O0000224,U001124,S0006885,P000314,2025-09-28,3,99.68,10,269.14,182.79,86.35,Net Banking,Same Day,Completed
O0000225,U000517,S0000500,P000118,2025-05-31,5,2086.85,15,8869.11,4982.4,3886.71,PayPal,Express,Completed
O0000226,U000136,S0001820,P000703,2025-01-02,4,134.65,15,457.81,390.12,67.69,Debit Card,Standard,Completed
O0000227,U000508,S0008554,P000230,2025-01-29,1,12.17,15,10.34,9.0,1.34,UPI,Same Day,Returned
O0000228,U001442,S0003574,P000668,2025-04-26,5,1995.91,15,8482.62,5943.0,2539.62,PayPal,Express,Completed
O0000229,U000910,S0008548,P000073,2024-04-07,1,76.32,10,68.69,50.15,18.54,UPI,Same Day,Returned
O0000230,U001902,S0004214,P000078,2024-06-24,1,49.71,20,39.77,31.59,8.18,PayPal,Express,Returned
O0000231,U000442,S0005899,P000215,2025-04-06,4,72.05,30,201.74,179.32,22.42,Net Banking,Standard,Completed
O0000232,U000438,S0003645,P000535,2024-03-21,3,52.92,20,127.01,88.62,38.39,Debit Card,Express,Cancelled
O0000233,U000801,S0007571,P000327,2025-08-23,1,1395.06,15,1185.8,727.45,458.35,PayPal,Same Day,Cancelled
O0000234,U000289,S0002906,P000133,2024-03-11,5,175.22,25,657.08,483.55,173.53,Debit Card,Standard,Completed
O0000235,U000169,S0009343,P000992,2024-05-25,3,147.32,0,441.96,236.28,205.68,Net Banking,Standard,Completed
O0000236,U000364,S0005045,P000373,2024-08-26,5,41.33,0,206.65,125.0,81.65,Net Banking,Same Day,Completed
O0000237,U001136,S0001338,P000859,2025-02-01,4,51.08,15,173.67,133.68,39.99,Net Banking,Standard,Completed
O0000238,U001133,S0003072,P000909,2024-10-13,1,28.37,20,22.7,13.66,9.04,UPI,Standard,Completed
O0000239,U000409,S0008996,P000777,2024-12-09,3,234.28,20,562.27,371.16,191.11,PayPal,Same Day,Completed
O0000240,U000820,S0002618,P000581,2024-02-01,2,344.37,20,550.99,373.88,177.11,UPI,Standard,Completed
O0000241,U000496,S0004557,P000244,2025-07-19,5,174.96,5,831.06,488.05,343.01,Debit Card,Standard,Returned
O0000242,U001254,S0000721,P000692,2024-04-20,3,795.11,20,1908.26,1484.52,423.74,Net Banking,Same Day,Completed
O0000243,U000307,S0002826,P000886,2024-01-23,1,149.48,10,134.53,95.88,38.65,Credit Card,Same Day,Completed
O0000244,U000713,S0008769,P000727,2024-04-25,3,51.89,20,124.54,88.92,35.62,UPI,Same Day,Completed
O0000245,U001063,S0003433,P000226,2025-09-24,2,106.25,15,180.62,108.72,71.9,Net Banking,Standard,Completed
O0000246,U000921,S0003816,P000671,2024-07-20,4,232.69,25,698.07,545.88,152.19,UPI,Express,Returned
O0000247,U001574,S0008040,P000704,2025-01-26,3,449.79,5,1281.9,624.3,657.6,UPI,Standard,Completed
O0000248,U001190,S0001956,P000897,2025-07-26,3,43.66,0,130.98,74.79,56.19,Credit Card,Standard,Completed
O0000249,U001918,S0002669,P000975,2025-05-23,2,44.3,5,84.17,43.02,41.15,Credit Card,Standard,Cancelled
O0000250,U001834,S0007280,P000043,2025-02-11,4,109.23,15,371.38,196.84,174.54,Credit Card,Standard,Completed
O0000251,U001471,S0007465,P000908,2025-11-26,3,538.33,25,1211.24,759.09,452.15,UPI,Express,Completed
O0000252,U001071,S0008223,P000189,2025-08-08,2,63.17,0,126.34,81.82,44.52,PayPal,Standard,Completed
O0000253,U000136,S0007677,P000656,2024-07-24,3,43.95,15,112.07,64.92,47.15,UPI,Same Day,Completed
O0000254,U001250,S0000029,P000326,2024-03-14,1,440.11,10,396.1,282.01,114.09,Credit Card,Standard,Completed
O0000255,U001738,S0006421,P000358,2025-05-31,2,214.66,25,321.99,263.98,58.01,Debit Card,Same Day,Completed
O0000256,U000840,S0008686,P000879,2025-06-06,4,68.57,10,246.85,143.68,103.17,Net Banking,Express,Cancelled
O0000257,U000078,S0008010,P000551,2025-05-09,4,96.24,30,269.47,258.2,11.27,PayPal,Express,Cancelled
O0000258,U000394,S0009907,P000161,2024-01-18,1,233.67,30,163.57,124.27,39.3,Net Banking,Express,Cancelled
O0000259,U001891,S0004117,P000237,2024-07-08,1,142.79,20,114.23,101.94,12.29,Credit Card,Express,Completed
O0000260,U000308,S0004091,P000329,2024-03-11,3,460.74,10,1244.0,802.38,441.62,Credit Card,Standard,Completed
O0000261,U001152,S0004904,P000889,2025-10-05,3,118.28,0,354.84,205.71,149.13,Credit Card,Express,Returned
O0000262,U001705,S0007580,P000033,2025-12-18,3,378.94,25,852.62,564.57,288.05,Debit Card,Standard,Completed
O0000263,U001763,S0002599,P000420,2024-01-17,3,142.77,10,385.48,248.34,137.14,Credit Card,Standard,Completed
O0000264,U000293,S0001740,P000271,2024-03-16,3,79.92,5,227.77,157.74,70.03,Credit Card,Express,Completed
O0000265,U000515,S0002286,P000171,2024-07-20,3,755.73,0,2267.19,1045.38,1221.81,Debit Card,Standard,Cancelled
O0000266,U000652,S0005105,P000944,2024-09-07,2,124.29,20,198.86,111.98,86.88,Net Banking,Express,Completed
O0000267,U000605,S0008269,P000064,2024-10-12,4,236.29,30,661.61,666.44,-4.83,Debit Card,Standard,Returned
O0000268,U001662,S0001584,P000461,2025-10-21,5,64.45,10,290.03,230.8,59.23,PayPal,Standard,Completed
O0000269,U000321,S0007645,P000864,2025-11-14,3,64.56,25,145.26,141.99,3.27,Debit Card,Same Day,Returned
O0000270,U000967,S0006807,P000477,2024-01-31,2,365.58,30,511.81,482.42,29.39,Debit Card,Standard,Completed
O0000271,U001893,S0008012,P000575,2024-03-12,1,63.03,15,53.58,33.77,19.81,Credit Card,Same Day,Completed
O0000272,U001812,S0005941,P000469,2025-04-04,1,722.76,30,505.93,455.3,50.63,UPI,Standard,Cancelled
O0000273,U000556,S0004181,P000694,2024-05-23,4,60.71,5,230.7,142.64,88.06,Net Banking,Same Day,Cancelled
O0000274,U001929,S0006230,P000344,2025-01-31,5,22.74,5,108.01,62.0,46.01,Debit Card,Standard,Completed
O0000275,U000645,S0007390,P000220,2025-02-06,2,103.7,30,145.18,104.82,40.36,Net Banking,Same Day,Cancelled
O0000276,U000082,S0006043,P000607,2024-01-19,3,98.13,15,250.23,193.44,56.79,UPI,Same Day,Completed
O0000277,U001681,S0005233,P000698,2024-03-13,4,38.41,20,122.91,100.08,22.83,Credit Card,Same Day,Completed
O0000278,U001883,S0008283,P000091,2025-04-10,3,335.27,20,804.65,520.41,284.24,Net Banking,Standard,Returned
O0000279,U000395,S0002863,P000302,2025-09-13,1,204.77,25,153.58,147.67,5.91,PayPal,Express,Cancelled
O0000280,U001486,S0004120,P000319,2024-12-23,4,21.67,5,82.35,64.36,17.99,Net Banking,Same Day,Completed
O0000281,U001779,S0001232,P000131,2025-09-23,1,16.05,25,12.04,9.54,2.5,Net Banking,Same Day,Completed
O0000282,U001008,S0006505,P000268,2024-02-06,3,54.89,10,148.2,120.9,27.3,PayPal,Same Day,Returned
O0000283,U001601,S0006620,P000510,2024-10-08,2,36.11,25,54.16,38.4,15.76,PayPal,Express,Completed
O0000284,U000339,S0008156,P000188,2024-06-17,2,18.21,30,25.49,26.84,-1.35,UPI,Express,Completed
O0000285,U000671,S0007799,P000190,2025-03-09,2,1505.41,20,2408.66,1943.0,465.66,Debit Card,Same Day,Completed
O0000286,U000460,S0003690,P000444,2024-02-24,5,31.89,15,135.53,82.25,53.28,Debit Card,Same Day,Completed
O0000287,U000122,S0008296,P000248,2025-03-16,3,1946.2,5,5546.67,3349.71,2196.96,PayPal,Standard,Completed
O0000288,U001356,S0004573,P000612,2024-08-18,3,575.7,5,1640.75,832.62,808.13,Net Banking,Standard,Cancelled
O0000289,U001477,S0005324,P000365,2025-07-19,5,246.37,15,1047.07,600.95,446.12,Debit Card,Express,Cancelled
O0000290,U001167,S0001579,P000082,2024-10-22,1,334.39,0,334.39,241.6,92.79,Debit Card,Express,Completed
O0000291,U001907,S0008090,P000511,2025-07-20,5,114.39,0,571.95,367.15,204.8,Net Banking,Same Day,Returned
O0000292,U000066,S0001930,P000023,2024-10-03,2,600.24,5,1140.46,733.36,407.1,Debit Card,Same Day,Completed
O0000293,U001086,S0008547,P000881,2024-12-01,1,75.59,15,64.25,56.17,8.08,Net Banking,Express,Completed
O0000294,U000233,S0002492,P000799,2024-03-11,3,138.13,10,372.95,200.94,172.01,Credit Card,Standard,Completed
O0000295,U001312,S0009891,P000131,2024-01-18,4,16.05,5,60.99,38.16,22.83,UPI,Standard,Cancelled
O0000296,U000565,S0005014,P000410,2025-05-14,3,40.15,20,96.36,69.84,26.52,Debit Card,Same Day,Completed
O0000297,U000703,S0008307,P000860,2024-08-28,1,1748.41,15,1486.15,1031.52,454.63,UPI,Express,Completed
O0000298,U000007,S0008562,P000617,2025-01-29,3,12.71,20,30.5,26.49,4.01,Net Banking,Standard,Completed
O0000299,U001140,S0004066,P000929,2024-07-12,4,98.17,20,314.14,184.32,129.82,UPI,Express,Completed
O0000300,U001712,S0003060,P000924,2024-08-27,4,80.48,10,289.73,212.92,76.81,UPI,Express,Completed
O0000301,U000719,S0003966,P000310,2024-04-19,2,381.49,10,686.68,410.98,275.7,PayPal,Standard,Completed
O0000302,U000254,S0000550,P000945,2024-09-07,3,33.89,30,71.17,57.18,13.99,PayPal,Express,Completed
O0000303,U000592,S0009392,P000694,2025-10-22,5,60.71,20,242.84,178.3,64.54,PayPal,Express,Completed
O0000304,U001669,S0003964,P000457,2024-02-06,2,759.74,10,1367.53,984.36,383.17,Net Banking,Same Day,Completed
O0000305,U000929,S0005464,P000122,2025-01-15,3,1902.31,0,5706.93,3383.49,2323.44,Credit Card,Standard,Completed
O0000306,U001145,S0005126,P000248,2024-10-15,5,1946.2,0,9731.0,5582.85,4148.15,Debit Card,Standard,Cancelled
O0000307,U000176,S0009443,P000844,2025-01-01,1,174.87,20,139.9,82.13,57.77,Net Banking,Standard,Returned
O0000308,U001635,S0008299,P000104,2025-10-13,2,24.15,25,36.22,21.88,14.34,Net Banking,Standard,Returned
O0000309,U001206,S0002548,P000176,2024-09-13,1,195.23,10,175.71,90.33,85.38,Credit Card,Same Day,Completed
O0000310,U001553,S0004779,P000558,2024-11-24,2,1701.88,25,2552.82,2208.68,344.14,Debit Card,Same Day,Returned
O0000311,U000952,S0002774,P000153,2024-01-19,5,55.67,0,278.35,151.15,127.2,Debit Card,Express,Completed
O0000312,U001092,S0005911,P000191,2025-09-16,4,239.6,30,670.88,570.12,100.76,Credit Card,Express,Completed
O0000313,U000646,S0007404,P000684,2024-08-27,5,56.02,30,196.07,149.35,46.72,Net Banking,Same Day,Completed
O0000314,U001342,S0007877,P000865,2025-12-03,4,276.68,0,1106.72,623.32,483.4,Debit Card,Express,Completed
O0000315,U000372,S0007337,P000082,2025-11-22,4,334.39,25,1003.17,966.4,36.77,PayPal,Standard,Completed
O0000316,U001544,S0006836,P000907,2024-10-09,2,107.79,15,183.24,103.18,80.06,Net Banking,Standard,Completed
O0000317,U001470,S0001216,P000260,2025-06-11,4,82.27,25,246.81,209.16,37.65,UPI,Standard,Completed
O0000318,U000404,S0007154,P000848,2024-08-30,2,2122.8,30,2971.92,2394.72,577.2,UPI,Same Day,Returned
O0000319,U000299,S0004407,P000449,2024-06-09,4,302.88,0,1211.52,891.04,320.48,Net Banking,Same Day,Completed
O0000320,U001889,S0006031,P000072,2024-11-15,3,26.29,25,59.15,46.23,12.92,Debit Card,Standard,Cancelled
O0000321,U000519,S0003099,P000028,2025-08-23,2,240.59,20,384.94,228.1,156.84,Credit Card,Same Day,Completed
O0000322,U001827,S0003239,P000427,2025-08-31,1,168.72,0,168.72,114.07,54.65,Debit Card,Same Day,Completed
O0000323,U000818,S0007814,P000312,2025-03-21,3,27.0,10,72.9,53.04,19.86,Debit Card,Same Day,Completed
O0000324,U001494,S0002193,P000269,2025-08-26,1,98.61,25,73.96,73.0,0.96,PayPal,Express,Completed
O0000325,U001751,S0002326,P000365,2025-02-04,2,246.37,10,443.47,240.38,203.09,Debit Card,Same Day,Completed
O0000326,U001196,S0005922,P000259,2025-08-04,1,59.61,20,47.69,35.6,12.09,Net Banking,Standard,Completed
O0000327,U000173,S0001586,P000622,2024-08-21,2,316.91,20,507.06,461.0,46.06,Credit Card,Standard,Completed
O0000328,U000666,S0005774,P000918,2024-10-18,2,17.53,10,31.55,20.14,11.41,PayPal,Same Day,Completed
O0000329,U000202,S0002594,P000429,2025-09-20,5,2419.71,15,10283.77,5639.65,4644.12,PayPal,Standard,Completed
O0000330,U001179,S0002076,P000331,2025-02-06,3,150.5,5,428.92,258.24,170.68,Net Banking,Same Day,Completed
O0000331,U001130,S0002248,P000214,2025-09-22,2,133.93,25,200.9,195.68,5.22,Debit Card,Express,Completed
O0000332,U000269,S0004434,P000708,2024-06-11,1,182.86,20,146.29,90.3,55.99,Credit Card,Standard,Cancelled
O0000333,U001500,S0002729,P000408,2024-05-28,3,71.34,30,149.81,135.57,14.24,UPI,Same Day,Completed
O0000334,U001449,S0009823,P000316,2024-05-02,5,464.58,25,1742.18,1126.15,616.03,Credit Card,Same Day,Completed
O0000335,U000800,S0008849,P000293,2025-05-02,1,37.11,0,37.11,23.56,13.55,Credit Card,Express,Completed
O0000336,U000022,S0002264,P000036,2024-03-28,2,253.69,0,507.38,316.98,190.4,UPI,Express,Cancelled
O0000337,U001303,S0003381,P000993,2024-06-12,5,647.78,25,2429.17,2116.1,313.07,PayPal,Same Day,Cancelled
O0000338,U001865,S0004080,P000199,2024-05-12,3,34.22,5,97.53,69.75,27.78,Debit Card,Same Day,Completed
O0000339,U000674,S0006276,P000394,2025-04-23,2,33.77,15,57.41,42.32,15.09,Debit Card,Same Day,Cancelled
O0000340,U000632,S0006963,P000702,2025-07-30,4,30.11,5,114.42,65.16,49.26,Credit Card,Standard,Completed
O0000341,U000681,S0009688,P000790,2024-02-27,5,99.85,25,374.44,243.8,130.64,Credit Card,Express,Returned
O0000342,U000700,S0006294,P000740,2024-05-06,2,16.66,25,24.99,17.98,7.01,Credit Card,Standard,Cancelled
O0000343,U001674,S0005461,P000437,2025-06-01,1,111.36,15,94.66,50.94,43.72,Credit Card,Standard,Completed
O0000344,U000638,S0009358,P000707,2024-12-21,5,149.46,20,597.84,463.1,134.74,Credit Card,Same Day,Returned
O0000345,U000247,S0009030,P000873,2025-11-17,2,957.97,30,1341.16,1423.46,-82.3,PayPal,Express,Completed
O0000346,U001349,S0003968,P000784,2024-04-07,3,64.86,15,165.39,130.98,34.41,UPI,Standard,Completed
O0000347,U000957,S0000897,P000414,2024-03-19,4,135.45,10,487.62,334.36,153.26,PayPal,Express,Completed
O0000348,U001056,S0002411,P000294,2025-11-28,4,1416.11,0,5664.44,3099.0,2565.44,PayPal,Standard,Cancelled
O0000349,U000511,S0000725,P000354,2025-09-29,2,1308.74,25,1963.11,1475.24,487.87,Net Banking,Same Day,Cancelled
O0000350,U001419,S0004581,P000295,2025-07-19,4,262.77,15,893.42,513.0,380.42,Credit Card,Express,Completed
O0000351,U000701,S0006060,P000101,2025-12-19,1,52.53,5,49.9,37.39,12.51,Net Banking,Same Day,Completed
O0000352,U001632,S0009994,P000795,2025-07-24,2,52.67,25,79.0,52.84,26.16,PayPal,Standard,Returned
O0000353,U001659,S0003138,P000640,2024-12-24,2,28.5,15,48.45,25.84,22.61,UPI,Same Day,Completed
O0000354,U000575,S0000991,P000432,2024-08-04,1,274.49,0,274.49,181.96,92.53,Credit Card,Standard,Completed
O0000355,U000553,S0006228,P000684,2024-06-12,5,56.02,15,238.09,149.35,88.74,PayPal,Standard,Cancelled
O0000356,U000233,S0002827,P000400,2024-06-25,3,499.89,5,1424.69,802.05,622.64,PayPal,Standard,Completed
O0000357,U001497,S0007490,P000229,2025-07-15,1,70.39,20,56.31,34.54,21.77,Debit Card,Express,Completed
O0000358,U000852,S0001488,P000011,2025-08-19,4,149.63,25,448.89,294.16,154.73,PayPal,Same Day,Cancelled
O0000359,U001888,S0005758,P000903,2025-09-27,2,70.51,0,141.02,93.48,47.54,Net Banking,Same Day,Completed
O0000360,U000655,S0007484,P000768,2024-03-28,2,40.18,15,68.31,56.02,12.29,UPI,Express,Completed
O0000361,U000255,S0001337,P000216,2024-04-18,3,326.64,25,734.94,586.59,148.35,Debit Card,Standard,Completed
O0000362,U000352,S0007980,P000432,2024-05-21,5,274.49,15,1166.58,909.8,256.78,Debit Card,Express,Completed
O0000363,U001431,S0001578,P000151,2024-01-01,4,48.27,0,193.08,126.2,66.88,Net Banking,Express,Completed
O0000364,U000511,S0002357,P000886,2025-09-16,4,149.48,0,597.92,383.52,214.4,UPI,Same Day,Returned
O0000365,U001170,S0008448,P000830,2025-08-06,1,1563.76,0,1563.76,895.39,668.37,PayPal,Standard,Cancelled
O0000366,U001476,S0006517,P000485,2025-06-30,4,71.82,25,215.46,154.64,60.82,Net Banking,Same Day,Completed
O0000367,U001914,S0003181,P000334,2025-04-08,2,381.6,0,763.2,400.64,362.56,UPI,Standard,Completed
O0000368,U000052,S0000467,P000443,2025-06-05,1,43.67,0,43.67,27.6,16.07,Net Banking,Standard,Completed
O0000369,U001093,S0002862,P000414,2024-03-04,4,135.45,10,487.62,334.36,153.26,PayPal,Same Day,Returned
O0000370,U000824,S0007120,P000334,2024-10-13,1,381.6,15,324.36,200.32,124.04,UPI,Standard,Completed
O0000371,U001216,S0000508,P000635,2025-04-29,3,20.81,5,59.31,41.85,17.46,Net Banking,Express,Completed
O0000372,U000966,S0001026,P000574,2024-03-04,1,139.09,5,132.14,103.64,28.5,UPI,Express,Completed
O0000373,U000986,S0003249,P000030,2024-12-11,1,154.84,15,131.61,75.76,55.85,Debit Card,Express,Completed
O0000374,U000586,S0001386,P000578,2025-07-19,4,274.01,15,931.63,755.12,176.51,Net Banking,Standard,Completed
O0000375,U000624,S0002246,P000769,2025-04-26,1,781.26,15,664.07,406.76,257.31,Net Banking,Express,Returned
O0000376,U000097,S0003722,P000764,2025-12-22,3,214.94,10,580.34,363.15,217.19,Credit Card,Express,Returned
O0000377,U000310,S0003820,P000081,2025-04-24,4,179.67,0,718.68,474.96,243.72,Net Banking,Standard,Returned
O0000378,U000660,S0002506,P000597,2024-02-29,3,119.53,15,304.8,194.52,110.28,Credit Card,Standard,Completed
O0000379,U001722,S0002144,P000070,2024-10-27,1,41.64,0,41.64,28.21,13.43,PayPal,Same Day,Returned
O0000380,U001798,S0003062,P000852,2024-07-10,4,557.81,15,1896.55,1376.08,520.47,Debit Card,Express,Completed
O0000381,U001694,S0001557,P000687,2025-06-06,2,357.63,0,715.26,428.36,286.9,UPI,Same Day,Completed
O0000382,U000133,S0001360,P000883,2024-06-10,1,69.08,10,62.17,37.18,24.99,PayPal,Same Day,Completed
O0000383,U001957,S0007764,P000360,2024-02-16,3,131.29,25,295.4,235.02,60.38,PayPal,Express,Completed
O0000384,U001239,S0002998,P000001,2025-07-01,3,59.07,20,141.77,85.2,56.57,PayPal,Express,Returned
O0000385,U000565,S0004812,P000885,2024-03-31,5,414.69,30,1451.41,1243.2,208.21,Debit Card,Express,Completed
O0000386,U000703,S0001843,P000440,2025-05-22,1,112.88,30,79.02,53.76,25.26,Net Banking,Same Day,Completed
O0000387,U000348,S0001452,P000962,2024-11-02,4,11.58,10,41.69,22.08,19.61,Net Banking,Same Day,Returned
O0000388,U001271,S0006321,P000413,2024-03-21,5,122.18,25,458.18,357.05,101.13,Credit Card,Same Day,Cancelled
O0000389,U001520,S0001214,P000858,2024-06-09,2,747.85,10,1346.13,1056.92,289.21,PayPal,Express,Completed
O0000390,U001079,S0000374,P000980,2025-04-19,1,18.95,5,18.0,13.29,4.71,Debit Card,Standard,Completed
O0000391,U001550,S0006296,P000264,2024-09-20,4,2267.67,5,8617.15,6545.08,2072.07,Net Banking,Same Day,Completed
O0000392,U000837,S0009860,P000698,2025-01-19,4,38.41,15,130.59,100.08,30.51,PayPal,Standard,Cancelled
O0000393,U001909,S0007903,P000007,2025-12-09,3,61.08,0,183.24,102.81,80.43,Debit Card,Standard,Completed
O0000394,U001260,S0006261,P000459,2024-08-22,1,147.28,10,132.55,80.59,51.96,Net Banking,Same Day,Completed
O0000395,U000652,S0003562,P000726,2024-01-10,3,185.36,5,528.28,267.21,261.07,Debit Card,Express,Returned
O0000396,U001898,S0007568,P000870,2024-11-23,4,345.49,15,1174.67,922.32,252.35,Credit Card,Standard,Cancelled
O0000397,U001558,S0005476,P000665,2025-05-23,3,32.14,20,77.14,65.4,11.74,UPI,Standard,Returned
O0000398,U001761,S0003501,P000279,2025-02-10,5,37.86,0,189.3,124.75,64.55,PayPal,Same Day,Completed
O0000399,U000280,S0000127,P000308,2025-05-02,5,224.4,20,897.6,623.25,274.35,UPI,Standard,Completed
O0000400,U001353,S0008677,P000853,2025-11-19,3,208.23,30,437.28,347.25,90.03,Debit Card,Express,Returned
O0000401,U001642,S0000087,P000343,2024-09-12,1,20.89,30,14.62,10.91,3.71,PayPal,Same Day,Cancelled
O0000402,U001531,S0008598,P000662,2025-09-08,3,2326.42,10,6281.33,4620.42,1660.91,Debit Card,Express,Completed
O0000403,U001762,S0002328,P000788,2025-10-15,1,117.59,25,88.19,75.16,13.03,PayPal,Standard,Completed
O0000404,U000646,S0005508,P000090,2025-05-08,1,37.86,5,35.97,24.97,11.0,UPI,Same Day,Completed
O0000405,U001477,S0005324,P000205,2025-07-19,2,623.07,30,872.3,702.9,169.4,Debit Card,Standard,Returned
O0000406,U001073,S0005349,P000163,2024-08-18,4,51.64,25,154.92,133.24,21.68,Credit Card,Standard,Completed
O0000407,U001782,S0009247,P000710,2024-06-22,1,234.11,0,234.11,147.4,86.71,PayPal,Standard,Returned
O0000408,U000252,S0000895,P000184,2025-01-21,3,64.28,25,144.63,88.29,56.34,Net Banking,Express,Completed
O0000409,U000576,S0002062,P000269,2024-11-10,4,98.61,5,374.72,292.0,82.72,PayPal,Same Day,Returned
O0000410,U001926,S0004409,P000731,2024-05-29,2,102.2,15,173.74,122.52,51.22,Debit Card,Same Day,Completed
O0000411,U001144,S0004856,P000675,2024-10-04,4,1170.48,20,3745.54,2419.24,1326.3,UPI,Same Day,Completed
O0000412,U001573,S0003530,P000977,2025-02-25,4,14.35,10,51.66,36.88,14.78,Debit Card,Express,Completed
O0000413,U001684,S0001907,P000614,2024-11-15,3,48.78,5,139.02,84.96,54.06,Credit Card,Standard,Returned
O0000414,U001283,S0006630,P000178,2025-12-12,4,196.84,5,747.99,440.84,307.15,Net Banking,Same Day,Completed
O0000415,U001024,S0002426,P000035,2025-07-03,5,529.72,20,2118.88,1542.95,575.93,Credit Card,Express,Cancelled
O0000416,U001568,S0004007,P000260,2025-11-28,1,82.27,30,57.59,52.29,5.3,Net Banking,Standard,Completed
O0000417,U000572,S0001827,P000501,2025-11-12,2,96.47,0,192.94,119.1,73.84,Net Banking,Express,Completed
O0000418,U000747,S0006581,P000783,2024-12-20,5,24.9,5,118.27,83.35,34.92,PayPal,Same Day,Cancelled
O0000419,U001797,S0000034,P000500,2025-08-19,3,58.22,0,174.66,121.23,53.43,Debit Card,Express,Cancelled
O0000420,U000918,S0002308,P000313,2025-08-04,4,243.59,30,682.05,456.12,225.93,PayPal,Express,Returned
O0000421,U000481,S0003935,P000147,2025-01-07,3,35.93,5,102.4,75.39,27.01,Net Banking,Express,Completed
O0000422,U000831,S0007897,P000883,2025-08-12,5,69.08,5,328.13,185.9,142.23,Credit Card,Express,Returned
O0000423,U001909,S0005560,P000873,2024-05-15,5,957.97,20,3831.88,3558.65,273.23,Debit Card,Standard,Completed
O0000424,U001025,S0007004,P000629,2024-10-23,3,1354.76,15,3454.64,2401.05,1053.59,Net Banking,Standard,Completed
O0000425,U000743,S0002186,P000831,2025-10-16,1,2478.9,25,1859.18,1341.03,518.15,Credit Card,Standard,Cancelled
O0000426,U001558,S0005476,P000039,2025-05-23,3,33.69,5,96.02,46.65,49.37,Debit Card,Express,Completed
O0000427,U000093,S0008453,P000537,2025-04-14,3,73.05,15,186.28,133.2,53.08,PayPal,Express,Completed
O0000428,U001720,S0005441,P000557,2025-04-19,1,550.25,15,467.71,294.5,173.21,Net Banking,Express,Cancelled
O0000429,U001518,S0005108,P000409,2025-06-09,4,360.94,15,1227.2,677.12,550.08,Net Banking,Express,Completed
O0000430,U000586,S0009769,P000445,2024-04-17,3,307.91,20,738.98,678.78,60.2,Debit Card,Same Day,Returned
O0000431,U000754,S0009780,P000953,2024-04-29,5,54.42,30,190.47,161.25,29.22,UPI,Express,Completed
O0000432,U000018,S0008990,P000651,2024-05-14,4,2155.35,0,8621.4,4759.16,3862.24,Credit Card,Same Day,Completed
O0000433,U000308,S0004662,P000748,2025-05-12,2,32.31,0,64.62,31.72,32.9,Net Banking,Standard,Completed
O0000434,U000150,S0000452,P000817,2024-04-30,3,8.52,5,24.28,17.67,6.61,Net Banking,Same Day,Cancelled
O0000435,U000233,S0004132,P000060,2024-11-26,5,382.04,25,1432.65,889.45,543.2,PayPal,Express,Cancelled
O0000436,U001556,S0009186,P000567,2024-11-13,1,24.57,10,22.11,18.23,3.88,Credit Card,Standard,Returned
O0000437,U001187,S0008169,P000923,2025-07-31,3,538.1,0,1614.3,759.12,855.18,Debit Card,Same Day,Completed
O0000438,U001049,S0007958,P000139,2024-06-01,5,232.41,10,1045.85,567.95,477.9,PayPal,Standard,Cancelled
O0000439,U000797,S0006733,P000372,2025-09-14,2,144.07,25,216.1,201.04,15.06,PayPal,Express,Completed
O0000440,U000382,S0009206,P000697,2024-01-22,3,41.35,30,86.84,77.52,9.32,UPI,Standard,Completed
O0000441,U000589,S0009602,P000361,2024-05-10,5,364.93,15,1550.95,965.2,585.75,Credit Card,Express,Completed
O0000442,U001389,S0003554,P000240,2024-09-25,3,465.12,20,1116.29,729.57,386.72,Net Banking,Standard,Completed
O0000443,U001974,S0005001,P000532,2024-09-15,5,26.23,5,124.59,75.15,49.44,PayPal,Standard,Completed
O0000444,U001454,S0004925,P000377,2025-11-20,3,43.82,15,111.74,70.41,41.33,UPI,Express,Completed
O0000445,U001484,S0009500,P000920,2025-08-21,5,39.79,10,179.06,102.65,76.41,Net Banking,Standard,Completed
O0000446,U000503,S0000317,P000709,2025-07-31,3,29.81,20,71.54,64.71,6.83,PayPal,Express,Completed
O0000447,U000941,S0007782,P000297,2025-09-24,1,97.9,10,88.11,71.56,16.55,Credit Card,Standard,Completed
O0000448,U001189,S0008306,P000344,2025-06-27,2,22.74,10,40.93,24.8,16.13,Credit Card,Standard,Completed
O0000449,U001158,S0008458,P000011,2024-06-17,2,149.63,30,209.48,147.08,62.4,UPI,Same Day,Returned
O0000450,U000798,S0007170,P000532,2024-09-11,2,26.23,25,39.34,30.06,9.28,Debit Card,Same Day,Completed
O0000451,U001214,S0004603,P000682,2025-03-07,2,61.18,10,110.12,61.5,48.62,UPI,Same Day,Completed
O0000452,U001752,S0007708,P000300,2024-04-18,1,40.56,5,38.53,28.43,10.1,Debit Card,Same Day,Completed
O0000453,U000517,S0000601,P000646,2024-08-02,1,316.84,5,301.0,159.54,141.46,Debit Card,Standard,Completed
O0000454,U001602,S0003543,P000488,2025-04-11,5,108.11,5,513.52,285.95,227.57,Net Banking,Same Day,Cancelled
O0000455,U000237,S0001315,P000570,2024-04-29,1,15.15,15,12.88,7.7,5.18,UPI,Same Day,Completed
O0000456,U000950,S0007707,P000286,2024-11-12,3,69.23,30,145.38,123.78,21.6,PayPal,Express,Returned
O0000457,U001117,S0007347,P000833,2025-11-26,3,32.51,20,78.02,57.96,20.06,Debit Card,Express,Completed
O0000458,U001648,S0000659,P000151,2024-02-05,3,48.27,15,123.09,94.65,28.44,Credit Card,Standard,Returned
O0000459,U001384,S0008727,P000405,2024-09-12,2,58.75,0,117.5,75.68,41.82,Net Banking,Standard,Returned
O0000460,U001923,S0004315,P000172,2025-04-11,1,1426.12,5,1354.81,750.13,604.68,PayPal,Same Day,Completed
O0000461,U001300,S0002190,P000351,2025-02-23,2,1653.17,15,2810.39,1591.12,1219.27,Credit Card,Express,Cancelled
O0000462,U000803,S0005990,P000878,2024-02-19,4,96.38,15,327.69,286.28,41.41,Credit Card,Express,Returned
O0000463,U001321,S0006826,P000458,2024-04-20,1,11.27,5,10.71,6.32,4.39,UPI,Standard,Cancelled
O0000464,U001322,S0009932,P000715,2025-09-18,4,21.99,25,65.97,42.88,23.09,UPI,Standard,Returned
O0000465,U000999,S0005791,P000248,2025-02-22,3,1946.2,5,5546.67,3349.71,2196.96,Credit Card,Same Day,Completed
O0000466,U001867,S0001017,P000258,2024-10-16,1,142.38,30,99.67,99.89,-0.22,Debit Card,Standard,Completed
O0000467,U000917,S0004143,P000692,2024-09-21,1,795.11,0,795.11,494.84,300.27,Net Banking,Same Day,Returned
O0000468,U001969,S0001954,P000746,2024-01-14,5,38.5,5,182.88,110.45,72.43,Credit Card,Express,Returned
O0000469,U000924,S0007937,P000900,2024-12-27,2,69.74,5,132.51,97.34,35.17,PayPal,Express,Returned
O0000470,U000884,S0000236,P000886,2025-07-22,2,149.48,0,298.96,191.76,107.2,Debit Card,Standard,Returned
O0000471,U000767,S0006083,P000288,2025-12-04,4,131.31,15,446.45,314.36,132.09,PayPal,Standard,Completed
O0000472,U000735,S0003081,P000599,2024-12-14,4,144.26,25,432.78,264.0,168.78,Debit Card,Standard,Cancelled
O0000473,U001917,S0004755,P000133,2024-03-26,3,175.22,30,367.96,290.13,77.83,Credit Card,Standard,Completed
O0000474,U000345,S0000893,P000924,2025-12-30,4,80.48,20,257.54,212.92,44.62,Debit Card,Express,Completed
O0000475,U001898,S0008442,P000788,2024-08-31,1,117.59,20,94.07,75.16,18.91,Credit Card,Express,Completed
O0000476,U001579,S0005201,P000945,2025-07-30,4,33.89,25,101.67,76.24,25.43,Net Banking,Express,Completed
O0000477,U000692,S0002385,P000260,2025-01-24,2,82.27,20,131.63,104.58,27.05,UPI,Express,Completed
O0000478,U000304,S0002574,P000226,2025-01-12,1,106.25,5,100.94,54.36,46.58,Debit Card,Same Day,Completed
O0000479,U000583,S0008691,P000288,2024-02-11,4,131.31,25,393.93,314.36,79.57,Credit Card,Express,Completed
O0000480,U001654,S0008387,P000136,2024-06-03,3,79.04,20,189.7,138.24,51.46,UPI,Express,Completed
O0000481,U000696,S0007391,P000684,2024-05-11,2,56.02,25,84.03,59.74,24.29,Debit Card,Standard,Cancelled
O0000482,U000523,S0006891,P000365,2025-05-03,3,246.37,10,665.2,360.57,304.63,Credit Card,Same Day,Returned
O0000483,U001900,S0000891,P000348,2025-02-04,2,308.27,25,462.4,451.66,10.74,Net Banking,Standard,Completed
O0000484,U000736,S0004401,P000017,2025-04-28,5,55.21,0,276.05,178.85,97.2,Net Banking,Same Day,Completed
O0000485,U000386,S0007416,P000877,2025-10-19,1,5.74,20,4.59,3.2,1.39,Net Banking,Same Day,Completed
O0000486,U000576,S0002062,P000117,2024-11-10,2,32.2,5,61.18,47.94,13.24,Debit Card,Same Day,Completed
O0000487,U001745,S0005751,P000196,2025-10-26,3,236.86,20,568.46,427.5,140.96,Debit Card,Standard,Completed
O0000488,U000615,S0001922,P000963,2025-10-09,4,107.74,20,344.77,243.08,101.69,Credit Card,Same Day,Cancelled
O0000489,U001781,S0000636,P000928,2024-07-14,3,633.67,10,1710.91,886.29,824.62,UPI,Same Day,Completed
O0000490,U000180,S0008110,P000317,2024-07-03,5,565.68,30,1979.88,1411.8,568.08,Debit Card,Same Day,Completed
O0000491,U001532,S0005822,P000253,2025-11-24,5,220.48,25,826.8,620.8,206.0,UPI,Standard,Completed
O0000492,U000660,S0005618,P000064,2024-03-15,5,236.29,10,1063.31,833.05,230.26,Net Banking,Express,Completed
O0000493,U000483,S0000590,P000492,2025-07-09,3,225.55,20,541.32,483.33,57.99,Debit Card,Standard,Returned
O0000494,U001370,S0000771,P000034,2024-05-29,3,72.9,5,207.77,153.93,53.84,Credit Card,Standard,Completed
O0000495,U000839,S0004641,P000922,2024-02-26,2,212.63,30,297.68,309.32,-11.64,Credit Card,Same Day,Completed
O0000496,U000874,S0006923,P000253,2025-01-26,2,220.48,15,374.82,248.32,126.5,UPI,Standard,Completed
O0000497,U001525,S0005241,P000033,2025-06-22,1,378.94,25,284.2,188.19,96.01,UPI,Standard,Completed
O0000498,U000167,S0009825,P000605,2024-08-16,1,22.73,30,15.91,11.9,4.01,Credit Card,Express,Cancelled
O0000499,U000555,S0002936,P000030,2025-01-23,5,154.84,25,580.65,378.8,201.85,Debit Card,Same Day,Completed
O0000500,U001905,S0007534,P000938,2025-10-17,4,731.77,5,2780.73,1951.4,829.33,Credit Card,Same Day,Completed
O0000501,U001249,S0003112,P000457,2024-02-17,2,759.74,10,1367.53,984.36,383.17,PayPal,Express,Returned
O0000502,U000263,S0007477,P000425,2024-11-17,2,32.98,30,46.17,40.98,5.19,UPI,Standard,Completed
O0000503,U001227,S0007908,P000875,2024-08-27,2,441.77,30,618.48,638.94,-20.46,Net Banking,Standard,Returned
O0000504,U001154,S0003458,P000779,2025-03-30,1,99.55,15,84.62,69.73,14.89,UPI,Same Day,Returned
O0000505,U001165,S0006723,P000153,2025-06-25,2,55.67,0,111.34,60.46,50.88,Net Banking,Same Day,Completed
O0000506,U000516,S0006413,P000163,2025-07-05,5,51.64,25,193.65,166.55,27.1,Debit Card,Same Day,Completed
O0000507,U000501,S0000383,P000740,2024-07-27,1,16.66,30,11.66,8.99,2.67,Net Banking,Standard,Cancelled
O0000508,U001353,S0008314,P000500,2025-04-28,4,58.22,20,186.3,161.64,24.66,PayPal,Express,Completed
O0000509,U000413,S0003876,P000555,2025-07-04,4,956.69,0,3826.76,2645.36,1181.4,Debit Card,Standard,Completed
O0000510,U001472,S0007181,P000521,2024-04-29,5,270.8,5,1286.3,710.9,575.4,Credit Card,Standard,Returned
O0000511,U001595,S0004811,P000922,2024-06-13,5,212.63,25,797.36,773.3,24.06,PayPal,Same Day,Cancelled
O0000512,U001009,S0000820,P000331,2025-06-20,2,150.5,20,240.8,172.16,68.64,Debit Card,Express,Completed
O0000513,U001861,S0009134,P000923,2024-07-25,2,538.1,25,807.15,506.08,301.07,UPI,Standard,Completed
O0000514,U000529,S0001317,P000880,2025-08-07,1,240.48,15,204.41,116.22,88.19,Net Banking,Standard,Completed
O0000515,U001923,S0007389,P000586,2025-05-02,1,467.8,30,327.46,223.58,103.88,Net Banking,Standard,Completed
O0000516,U001399,S0005659,P000914,2024-08-20,5,229.5,30,803.25,668.05,135.2,UPI,Express,Completed
O0000517,U000655,S0005394,P000188,2024-09-13,3,18.21,10,49.17,40.26,8.91,Credit Card,Express,Completed
O0000518,U000352,S0007980,P000934,2024-05-21,1,31.39,15,26.68,20.97,5.71,Credit Card,Same Day,Completed
O0000519,U001871,S0005344,P000703,2025-06-13,2,134.65,25,201.98,195.06,6.92,Debit Card,Standard,Completed
O0000520,U001560,S0007308,P000493,2024-11-17,2,603.88,0,1207.76,589.96,617.8,UPI,Standard,Cancelled
O0000521,U000771,S0002921,P000337,2024-09-04,4,278.76,10,1003.54,646.68,356.86,Debit Card,Express,Cancelled
O0000522,U001406,S0001160,P000979,2024-01-17,3,457.17,0,1371.51,944.37,427.14,Net Banking,Standard,Completed
O0000523,U000861,S0002042,P000955,2024-03-02,2,29.53,10,53.15,34.16,18.99,PayPal,Standard,Completed
O0000524,U001628,S0002226,P000536,2025-05-31,5,35.51,0,177.55,119.0,58.55,Debit Card,Same Day,Completed
O0000525,U000238,S0005887,P000594,2025-06-06,5,47.29,10,212.81,139.1,73.71,PayPal,Same Day,Completed
O0000526,U000805,S0003624,P000544,2025-09-18,4,461.4,15,1568.76,1237.08,331.68,Credit Card,Same Day,Cancelled
O0000527,U000855,S0009747,P000564,2025-06-21,5,145.88,30,510.58,527.3,-16.72,UPI,Express,Cancelled
O0000528,U001542,S0008834,P000658,2025-05-21,4,243.77,15,828.82,503.32,325.5,UPI,Standard,Cancelled
O0000529,U001073,S0007116,P000293,2024-03-17,1,37.11,10,33.4,23.56,9.84,Debit Card,Standard,Completed
O0000530,U001859,S0004059,P000429,2025-03-16,5,2419.71,15,10283.77,5639.65,4644.12,UPI,Standard,Completed
O0000531,U000252,S0000554,P000696,2024-07-03,5,38.05,15,161.71,87.05,74.66,PayPal,Same Day,Cancelled
O0000532,U001901,S0005731,P000585,2025-09-13,1,928.11,5,881.7,442.07,439.63,Net Banking,Standard,Completed
O0000533,U000928,S0005980,P000287,2024-06-01,1,261.95,15,222.66,153.32,69.34,PayPal,Same Day,Completed
O0000534,U000120,S0008969,P000804,2024-11-23,3,93.22,10,251.69,184.38,67.31,Credit Card,Standard,Completed
O0000535,U001669,S0003964,P000205,2024-02-06,1,623.07,25,467.3,351.45,115.85,PayPal,Same Day,Completed
O0000536,U000577,S0001311,P000061,2025-07-22,1,508.1,10,457.29,247.88,209.41,Net Banking,Same Day,Completed
O0000537,U000803,S0007055,P000164,2025-09-10,3,319.21,20,766.1,691.17,74.93,Net Banking,Standard,Returned
O0000538,U001690,S0008637,P000573,2025-08-04,1,85.06,5,80.81,54.64,26.17,Debit Card,Same Day,Completed
O0000539,U001645,S0005260,P000471,2024-03-05,3,70.05,15,178.63,153.72,24.91,Net Banking,Standard,Completed
O0000540,U000896,S0002890,P000594,2024-11-19,2,47.29,30,66.21,55.64,10.57,Net Banking,Express,Completed
O0000541,U000554,S0003350,P000961,2025-05-25,3,45.7,25,102.83,88.59,14.24,UPI,Express,Returned
O0000542,U001038,S0003853,P000273,2024-05-31,5,138.25,20,553.0,502.55,50.45,Credit Card,Standard,Completed
O0000543,U001015,S0001405,P000148,2024-06-08,5,113.45,30,397.07,262.25,134.82,Net Banking,Same Day,Returned
O0000544,U001505,S0008267,P000428,2025-04-24,4,177.16,5,673.21,369.4,303.81,Debit Card,Express,Completed
O0000545,U000230,S0003790,P000587,2025-10-03,4,57.67,10,207.61,151.88,55.73,Debit Card,Standard,Completed
O0000546,U001731,S0000670,P000085,2024-02-09,5,434.44,20,1737.76,1360.1,377.66,Credit Card,Express,Cancelled
O0000547,U000556,S0008543,P000076,2024-12-19,5,70.59,30,247.07,250.05,-2.98,Net Banking,Same Day,Returned
O0000548,U001909,S0000158,P000674,2025-06-16,4,69.66,0,278.64,143.48,135.16,PayPal,Same Day,Completed
O0000549,U000517,S0008629,P000083,2025-10-03,1,461.83,20,369.46,247.81,121.65,PayPal,Express,Cancelled
O0000550,U000959,S0005642,P000377,2024-10-02,5,43.82,5,208.14,117.35,90.79,PayPal,Express,Completed
O0000551,U000944,S0006267,P000887,2025-09-18,2,22.58,5,42.9,23.28,19.62,PayPal,Express,Completed
O0000552,U001741,S0005336,P000053,2025-11-15,5,28.6,5,135.85,76.6,59.25,Credit Card,Same Day,Completed
O0000553,U000807,S0003359,P000750,2025-05-14,4,268.0,20,857.6,610.04,247.56,Credit Card,Express,Completed
O0000554,U001187,S0008169,P000546,2025-07-31,3,141.61,15,361.11,309.72,51.39,Credit Card,Same Day,Completed
O0000555,U000091,S0000886,P000315,2025-10-07,1,111.49,30,78.04,69.79,8.25,Credit Card,Same Day,Completed
O0000556,U000887,S0006398,P000567,2024-11-11,3,24.57,25,55.28,54.69,0.59,Credit Card,Standard,Completed
O0000557,U000719,S0005717,P000959,2024-06-29,2,1840.06,30,2576.08,2391.26,184.82,Credit Card,Standard,Cancelled
O0000558,U001567,S0004849,P000087,2024-02-14,4,109.9,15,373.66,211.6,162.06,UPI,Same Day,Completed
O0000559,U001267,S0009579,P000250,2024-08-06,3,108.72,10,293.54,148.41,145.13,Credit Card,Same Day,Returned
O0000560,U001640,S0009576,P000635,2024-01-08,4,20.81,10,74.92,55.8,19.12,PayPal,Standard,Completed
O0000561,U000756,S0008915,P000712,2024-12-29,1,62.29,0,62.29,37.44,24.85,Net Banking,Standard,Completed
O0000562,U000153,S0008724,P000606,2025-09-20,3,226.79,30,476.26,316.47,159.79,UPI,Standard,Completed
O0000563,U000823,S0006422,P000833,2024-09-02,2,32.51,20,52.02,38.64,13.38,Debit Card,Express,Completed
O0000564,U000736,S0002176,P000385,2025-10-03,2,56.47,25,84.7,72.46,12.24,Net Banking,Same Day,Completed
O0000565,U001028,S0005851,P000664,2025-12-02,5,1623.9,10,7307.55,5560.05,1747.5,Net Banking,Same Day,Cancelled
O0000566,U000753,S0004203,P000513,2025-01-04,2,21.53,20,34.45,31.28,3.17,UPI,Express,Cancelled
O0000567,U001289,S0000437,P000132,2025-11-14,3,177.07,0,531.21,361.35,169.86,UPI,Standard,Completed
O0000568,U000605,S0002486,P000315,2025-10-16,5,111.49,30,390.21,348.95,41.26,Debit Card,Same Day,Cancelled
O0000569,U000784,S0002607,P000170,2025-11-18,5,653.6,10,2941.2,1642.25,1298.95,Net Banking,Express,Returned
O0000570,U000836,S0002629,P000121,2024-02-17,4,241.2,10,868.32,503.04,365.28,PayPal,Same Day,Completed
O0000571,U000092,S0008897,P000872,2024-10-04,3,243.49,0,730.47,541.35,189.12,Debit Card,Standard,Completed
O0000572,U001261,S0009378,P000250,2025-07-05,1,108.72,25,81.54,49.47,32.07,Net Banking,Standard,Completed
O0000573,U000884,S0000625,P000667,2025-12-27,3,521.22,0,1563.66,837.36,726.3,UPI,Standard,Cancelled
O0000574,U001039,S0000574,P000857,2024-01-02,3,187.32,30,393.37,366.21,27.16,UPI,Express,Completed
O0000575,U000621,S0005842,P000502,2024-11-19,1,37.85,5,35.96,23.57,12.39,Credit Card,Standard,Completed
O0000576,U001504,S0009739,P000669,2025-11-03,2,57.7,10,103.86,75.36,28.5,PayPal,Standard,Completed
O0000577,U001563,S0009811,P000288,2024-07-27,4,131.31,5,498.98,314.36,184.62,Debit Card,Express,Completed
O0000578,U000731,S0004886,P000249,2024-07-31,3,307.96,30,646.72,586.98,59.74,Credit Card,Express,Completed
O0000579,U000609,S0001983,P000201,2024-11-14,3,29.19,10,78.81,48.15,30.66,PayPal,Same Day,Returned
O0000580,U000959,S0003367,P000567,2025-08-16,5,24.57,25,92.14,91.15,0.99,Net Banking,Standard,Returned
O0000581,U000143,S0007039,P000218,2025-03-20,2,649.92,5,1234.85,713.88,520.97,UPI,Standard,Completed
O0000582,U000806,S0002718,P000934,2024-10-06,2,31.39,20,50.22,41.94,8.28,Debit Card,Express,Completed
O0000583,U001454,S0004925,P000641,2025-11-20,4,72.43,15,246.26,149.44,96.82,Credit Card,Standard,Completed
O0000584,U000815,S0007325,P000549,2025-07-22,5,57.06,5,271.04,169.1,101.94,Net Banking,Same Day,Completed
O0000585,U001008,S0001358,P000700,2024-04-03,2,49.85,25,74.78,55.38,19.4,Credit Card,Same Day,Returned
O0000586,U001501,S0004853,P000352,2024-10-09,1,71.4,25,53.55,34.03,19.52,PayPal,Same Day,Completed
O0000587,U001808,S0001060,P000065,2025-07-11,3,11.59,0,34.77,22.41,12.36,PayPal,Express,Completed
O0000588,U000307,S0001692,P000479,2025-07-04,2,65.3,30,91.42,67.46,23.96,UPI,Standard,Returned
O0000589,U000029,S0003136,P000958,2025-06-21,1,67.72,0,67.72,49.66,18.06,Credit Card,Standard,Cancelled
O0000590,U000609,S0005178,P000470,2024-11-21,1,251.71,20,201.37,181.0,20.37,UPI,Same Day,Completed
O0000591,U000699,S0002879,P000157,2025-02-03,3,16.02,10,43.25,24.24,19.01,Credit Card,Same Day,Completed
O0000592,U001089,S0009110,P000810,2025-02-24,1,14.28,10,12.85,7.39,5.46,Credit Card,Express,Cancelled
O0000593,U001984,S0004751,P000894,2025-03-02,5,39.38,25,147.68,102.4,45.28,PayPal,Standard,Returned
O0000594,U001336,S0004002,P000347,2024-10-11,1,73.91,10,66.52,51.98,14.54,Credit Card,Express,Completed
O0000595,U000750,S0002870,P000811,2024-01-09,4,1361.16,10,4900.18,3543.64,1356.54,Debit Card,Express,Completed
O0000596,U000871,S0001203,P000148,2024-05-26,2,113.45,0,226.9,104.9,122.0,Debit Card,Express,Completed
O0000597,U000023,S0003354,P000273,2024-01-15,3,138.25,5,394.01,301.53,92.48,UPI,Express,Completed
O0000598,U000932,S0009848,P000642,2025-07-12,4,2250.82,15,7652.79,4637.12,3015.67,PayPal,Express,Completed
O0000599,U001006,S0004650,P000228,2024-06-03,1,90.96,30,63.67,42.17,21.5,Debit Card,Express,Completed
O0000600,U000685,S0002067,P000531,2025-12-07,1,501.85,0,501.85,274.11,227.74,Debit Card,Express,Completed
O0000601,U001264,S0005776,P000299,2025-03-02,5,125.97,0,629.85,347.25,282.6,Debit Card,Standard,Cancelled
O0000602,U001232,S0002747,P000418,2025-12-23,3,244.81,5,697.71,502.65,195.06,Credit Card,Express,Completed
O0000603,U000545,S0006278,P000867,2025-08-12,3,223.22,5,636.18,475.05,161.13,UPI,Express,Completed
O0000604,U000047,S0004419,P000738,2024-12-24,3,2268.31,30,4763.45,3606.51,1156.94,UPI,Express,Completed
O0000605,U001007,S0003093,P000723,2025-11-11,4,10.11,0,40.44,22.16,18.28,Credit Card,Same Day,Completed
O0000606,U000960,S0005700,P000847,2024-04-22,2,123.77,20,198.03,182.76,15.27,Debit Card,Same Day,Completed
O0000607,U001885,S0001576,P000822,2025-12-19,1,275.03,20,220.02,186.23,33.79,UPI,Express,Completed
O0000608,U000704,S0006521,P000128,2024-03-20,2,43.71,25,65.56,51.78,13.78,PayPal,Express,Completed
O0000609,U000120,S0006166,P000945,2024-02-21,3,33.89,25,76.25,57.18,19.07,PayPal,Standard,Cancelled
O0000610,U001946,S0007357,P000491,2024-06-30,1,43.14,30,30.2,28.0,2.2,Credit Card,Same Day,Cancelled
O0000611,U002000,S0005984,P000132,2025-11-02,2,177.07,20,283.31,240.9,42.41,Credit Card,Same Day,Returned
O0000612,U001058,S0009291,P000329,2025-01-11,5,460.74,15,1958.14,1337.3,620.84,Debit Card,Same Day,Completed
O0000613,U000548,S0006340,P000388,2024-03-04,5,52.26,25,195.98,154.45,41.53,Net Banking,Standard,Completed
O0000614,U001540,S0002238,P000403,2024-11-23,5,583.01,25,2186.29,2103.0,83.29,Credit Card,Same Day,Returned
O0000615,U001466,S0007558,P000048,2025-02-03,1,135.58,15,115.24,69.11,46.13,PayPal,Same Day,Completed
O0000616,U000919,S0001879,P000922,2025-11-08,3,212.63,10,574.1,463.98,110.12,PayPal,Standard,Completed
O0000617,U001686,S0005594,P000549,2025-12-10,4,57.06,15,194.0,135.28,58.72,UPI,Standard,Completed
O0000618,U000935,S0003549,P000051,2024-08-03,3,247.09,20,593.02,465.99,127.03,UPI,Same Day,Completed
O0000619,U000583,S0004807,P000284,2024-08-02,2,38.52,30,53.93,42.7,11.23,Credit Card,Express,Returned
O0000620,U001850,S0000687,P000474,2025-08-27,5,54.23,15,230.48,151.5,78.98,Net Banking,Express,Completed
O0000621,U001777,S0006184,P000971,2024-10-05,2,61.42,30,85.99,76.66,9.33,Net Banking,Same Day,Completed
O0000622,U001873,S0005724,P000763,2025-06-05,4,112.92,30,316.18,238.56,77.62,Credit Card,Express,Completed
O0000623,U001258,S0004193,P000497,2024-08-27,5,37.71,10,169.7,140.25,29.45,PayPal,Same Day,Completed
O0000624,U001228,S0007669,P000276,2025-02-02,1,41.08,0,41.08,27.69,13.39,Debit Card,Same Day,Completed
O0000625,U000697,S0003732,P000552,2024-06-28,4,25.75,25,77.25,59.12,18.13,Credit Card,Standard,Completed
O0000626,U000068,S0007687,P000329,2025-12-25,5,460.74,30,1612.59,1337.3,275.29,Net Banking,Standard,Completed
O0000627,U000755,S0006428,P000664,2025-02-25,1,1623.9,20,1299.12,1112.01,187.11,UPI,Express,Completed
O0000628,U000489,S0000242,P000558,2025-12-22,3,1701.88,5,4850.36,3313.02,1537.34,Debit Card,Standard,Completed
O0000629,U000514,S0008178,P000563,2024-12-13,1,45.95,15,39.06,27.86,11.2,Credit Card,Same Day,Completed
O0000630,U000492,S0005937,P000370,2024-08-11,2,356.02,30,498.43,328.7,169.73,PayPal,Same Day,Returned
O0000631,U000773,S0006053,P000453,2025-04-08,1,251.4,5,238.83,180.35,58.48,UPI,Express,Completed
O0000632,U000962,S0001110,P000563,2024-02-14,5,45.95,30,160.82,139.3,21.52,Credit Card,Same Day,Completed
O0000633,U000225,S0008504,P000401,2024-11-13,3,57.76,20,138.62,93.33,45.29,Credit Card,Express,Completed
O0000634,U000934,S0001376,P000810,2024-04-22,2,14.28,5,27.13,14.78,12.35,Debit Card,Express,Completed
O0000635,U001938,S0009181,P000692,2025-08-03,5,795.11,20,3180.44,2474.2,706.24,Net Banking,Standard,Cancelled
O0000636,U000770,S0001675,P000867,2024-05-23,5,223.22,25,837.07,791.75,45.32,UPI,Standard,Completed
O0000637,U001856,S0008979,P000301,2025-08-30,3,248.97,5,709.56,539.88,169.68,UPI,Standard,Cancelled
O0000638,U000738,S0000965,P000149,2024-08-31,2,57.8,30,80.92,67.64,13.28,Debit Card,Same Day,Cancelled
O0000639,U000400,S0003944,P000932,2025-07-29,3,476.98,10,1287.85,798.3,489.55,UPI,Same Day,Completed
O0000640,U001820,S0007413,P000982,2024-10-27,2,83.94,25,125.91,88.48,37.43,Debit Card,Express,Completed
O0000641,U001878,S0004127,P000014,2024-11-18,5,221.76,20,887.04,665.45,221.59,Debit Card,Express,Cancelled
O0000642,U001281,S0008918,P000634,2024-09-03,3,16.02,10,43.25,28.77,14.48,UPI,Standard,Completed
O0000643,U001776,S0008273,P000209,2024-04-10,4,81.64,10,293.9,239.2,54.7,Net Banking,Same Day,Returned
O0000644,U001737,S0008309,P000390,2025-10-28,4,715.88,5,2720.34,2136.16,584.18,Net Banking,Standard,Returned
O0000645,U000777,S0005883,P000760,2024-08-28,5,291.21,5,1383.25,918.25,465.0,Credit Card,Same Day,Completed
O0000646,U001875,S0000476,P000339,2025-10-04,2,843.5,25,1265.25,967.66,297.59,Net Banking,Same Day,Completed
O0000647,U001921,S0008063,P000858,2024-03-27,4,747.85,15,2542.69,2113.84,428.85,Net Banking,Express,Cancelled
O0000648,U000263,S0005084,P000528,2025-07-24,1,100.66,0,100.66,67.17,33.49,Credit Card,Express,Returned
O0000649,U001202,S0008737,P000419,2024-07-15,2,2245.62,10,4042.12,2637.32,1404.8,Net Banking,Standard,Completed
O0000650,U001678,S0001265,P000653,2024-07-21,5,55.47,0,277.35,127.8,149.55,PayPal,Standard,Cancelled
O0000651,U001098,S0001223,P000767,2025-08-20,3,55.73,25,125.39,118.47,6.92,PayPal,Express,Cancelled
O0000652,U000151,S0002355,P000027,2024-07-30,1,469.66,30,328.76,287.74,41.02,UPI,Standard,Returned
O0000653,U000209,S0006102,P000341,2025-09-09,5,119.4,30,417.9,330.25,87.65,UPI,Same Day,Completed
O0000654,U001568,S0005708,P000649,2025-09-16,1,184.66,0,184.66,128.1,56.56,Net Banking,Standard,Cancelled
O0000655,U001380,S0009111,P000565,2025-04-16,2,65.01,15,110.52,92.16,18.36,PayPal,Standard,Completed
O0000656,U000906,S0006706,P000242,2025-02-24,3,263.45,10,711.31,434.61,276.7,Credit Card,Standard,Returned
O0000657,U001273,S0002931,P000858,2024-01-23,4,747.85,10,2692.26,2113.84,578.42,Credit Card,Standard,Completed
O0000658,U001340,S0009107,P000947,2024-08-24,4,438.13,15,1489.64,875.96,613.68,Credit Card,Same Day,Completed
O0000659,U000809,S0001381,P000501,2024-10-20,2,96.47,5,183.29,119.1,64.19,Debit Card,Same Day,Completed
O0000660,U000670,S0007739,P000928,2025-05-29,3,633.67,20,1520.81,886.29,634.52,Credit Card,Express,Completed
O0000661,U001571,S0005351,P000199,2024-02-04,5,34.22,5,162.54,116.25,46.29,Debit Card,Express,Completed
O0000662,U000409,S0008463,P000882,2024-02-02,5,73.1,10,328.95,222.85,106.1,UPI,Same Day,Completed
O0000663,U001256,S0005354,P000607,2025-08-25,3,98.13,10,264.95,193.44,71.51,Net Banking,Standard,Completed
O0000664,U000180,S0005355,P000857,2025-08-15,2,187.32,0,374.64,244.14,130.5,UPI,Express,Completed
O0000665,U000292,S0002676,P000964,2025-01-21,3,32.38,20,77.71,63.51,14.2,Credit Card,Same Day,Completed
O0000666,U000049,S0008357,P000406,2025-04-12,4,218.37,5,829.81,645.24,184.57,PayPal,Same Day,Completed
O0000667,U000097,S0004772,P000532,2025-04-20,3,26.23,0,78.69,45.09,33.6,Credit Card,Same Day,Completed
O0000668,U000144,S0003760,P000393,2024-10-15,4,1928.59,5,7328.64,4700.44,2628.2,Net Banking,Express,Returned
O0000669,U000873,S0009949,P000219,2024-05-31,2,246.59,15,419.2,321.72,97.48,Credit Card,Express,Completed
O0000670,U001002,S0003143,P000218,2025-11-18,4,649.92,5,2469.7,1427.76,1041.94,PayPal,Same Day,Returned
O0000671,U001731,S0008230,P000748,2024-11-29,3,32.31,30,67.85,47.58,20.27,UPI,Same Day,Completed
O0000672,U000922,S0007881,P000279,2024-05-02,2,37.86,5,71.93,49.9,22.03,PayPal,Standard,Completed
O0000673,U000346,S0005124,P000682,2024-04-23,5,61.18,5,290.6,153.75,136.85,UPI,Same Day,Completed
O0000674,U001084,S0009445,P000539,2024-09-18,1,279.95,5,265.95,139.26,126.69,Net Banking,Express,Completed
O0000675,U001701,S0007636,P000774,2024-01-07,4,137.3,0,549.2,270.52,278.68,Debit Card,Same Day,Cancelled
O0000676,U001241,S0002029,P000038,2024-07-21,2,34.46,15,58.58,46.24,12.34,Credit Card,Same Day,Completed
O0000677,U001139,S0005992,P000767,2025-03-04,4,55.73,25,167.19,157.96,9.23,UPI,Same Day,Cancelled
O0000678,U000225,S0008504,P000492,2024-11-13,4,225.55,0,902.2,644.44,257.76,UPI,Same Day,Completed
O0000679,U000527,S0006212,P000909,2025-08-08,2,28.37,20,45.39,27.32,18.07,UPI,Express,Returned
O0000680,U001299,S0008780,P000763,2024-01-29,5,112.92,20,451.68,298.2,153.48,Net Banking,Standard,Returned
O0000681,U000717,S0009831,P000604,2024-12-30,2,767.26,10,1381.07,948.16,432.91,Net Banking,Same Day,Completed
O0000682,U001759,S0003546,P000788,2024-08-16,5,117.59,25,440.96,375.8,65.16,Net Banking,Same Day,Completed
O0000683,U000897,S0000609,P000261,2024-06-12,4,239.49,20,766.37,475.4,290.97,Net Banking,Same Day,Returned
O0000684,U001548,S0009310,P000486,2025-07-16,4,144.34,0,577.36,318.64,258.72,UPI,Standard,Completed
O0000685,U001939,S0006365,P000702,2025-10-04,2,30.11,20,48.18,32.58,15.6,Net Banking,Standard,Completed
O0000686,U000385,S0001369,P000132,2025-05-20,5,177.07,25,664.01,602.25,61.76,Debit Card,Same Day,Completed
O0000687,U000681,S0009688,P000763,2024-02-27,5,112.92,5,536.37,298.2,238.17,PayPal,Same Day,Completed
O0000688,U000365,S0006565,P000497,2025-09-27,1,37.71,20,30.17,28.05,2.12,Net Banking,Express,Completed
O0000689,U001564,S0007437,P000257,2025-09-26,2,429.24,0,858.48,560.68,297.8,Credit Card,Express,Completed
O0000690,U001981,S0005075,P000145,2025-04-20,2,457.53,5,869.31,570.86,298.45,Debit Card,Standard,Completed
O0000691,U001812,S0003414,P000429,2025-12-22,5,2419.71,5,11493.62,5639.65,5853.97,UPI,Standard,Completed
O0000692,U000248,S0002722,P000509,2024-04-04,1,324.45,15,275.78,158.78,117.0,Credit Card,Standard,Completed
O0000693,U000073,S0007895,P000464,2024-12-14,1,528.65,30,370.05,337.73,32.32,Credit Card,Same Day,Completed
O0000694,U000886,S0006036,P000847,2024-04-13,2,123.77,10,222.79,182.76,40.03,Debit Card,Standard,Completed
O0000695,U000576,S0002738,P000748,2025-05-02,3,32.31,5,92.08,47.58,44.5,Credit Card,Standard,Completed
O0000696,U000996,S0000857,P000082,2025-04-02,5,334.39,15,1421.16,1208.0,213.16,PayPal,Standard,Completed
O0000697,U001993,S0000953,P000490,2024-09-18,2,68.09,15,115.75,72.12,43.63,PayPal,Express,Completed
O0000698,U001718,S0009734,P000551,2025-04-19,5,96.24,30,336.84,322.75,14.09,PayPal,Standard,Returned
O0000699,U001720,S0009427,P000909,2025-11-15,4,28.37,25,85.11,54.64,30.47,UPI,Standard,Returned
O0000700,U000212,S0006825,P000639,2024-09-05,4,337.54,10,1215.14,766.0,449.14,Credit Card,Same Day,Returned
O0000701,U000573,S0008749,P000532,2024-09-11,2,26.23,25,39.34,30.06,9.28,UPI,Same Day,Completed
O0000702,U001924,S0006331,P000109,2025-08-09,5,182.28,0,911.4,610.35,301.05,Credit Card,Same Day,Completed
O0000703,U001480,S0007006,P000293,2025-02-17,3,37.11,5,105.76,70.68,35.08,PayPal,Same Day,Completed
O0000704,U001634,S0007986,P000396,2024-07-24,5,106.81,10,480.64,276.9,203.74,Credit Card,Express,Completed
O0000705,U000954,S0008910,P000788,2024-11-05,3,117.59,15,299.85,225.48,74.37,Credit Card,Express,Completed
O0000706,U001172,S0008609,P000581,2025-09-19,5,344.37,30,1205.29,934.7,270.59,UPI,Same Day,Completed
O0000707,U001900,S0001690,P000154,2025-07-31,1,453.75,10,408.38,291.78,116.6,UPI,Standard,Cancelled
O0000708,U001216,S0006695,P000653,2025-06-16,3,55.47,20,133.13,76.68,56.45,PayPal,Express,Completed
O0000709,U001604,S0002065,P000789,2025-05-14,5,181.27,25,679.76,660.9,18.86,Credit Card,Standard,Completed
O0000710,U000268,S0001199,P000503,2024-12-15,1,48.29,15,41.05,28.21,12.84,PayPal,Standard,Completed
O0000711,U001839,S0005934,P000886,2025-09-06,2,149.48,20,239.17,191.76,47.41,Net Banking,Same Day,Completed
O0000712,U001352,S0001467,P000530,2024-03-11,5,168.97,15,718.12,446.95,271.17,Net Banking,Express,Completed
O0000713,U000119,S0009364,P000703,2024-08-16,5,134.65,0,673.25,487.65,185.6,Net Banking,Same Day,Cancelled
O0000714,U001997,S0004887,P000334,2024-06-09,3,381.6,5,1087.56,600.96,486.6,UPI,Standard,Completed
O0000715,U000574,S0006473,P000708,2024-10-09,2,182.86,15,310.86,180.6,130.26,Net Banking,Standard,Returned
O0000716,U000399,S0001563,P000793,2024-10-14,5,341.76,15,1452.48,1130.05,322.43,Net Banking,Same Day,Completed
O0000717,U001170,S0002778,P000353,2024-08-14,5,176.36,5,837.71,489.55,348.16,PayPal,Same Day,Completed
O0000718,U001580,S0001716,P000396,2024-09-05,1,106.81,15,90.79,55.38,35.41,PayPal,Express,Completed
O0000719,U001131,S0004328,P000076,2024-05-11,1,70.59,10,63.53,50.01,13.52,PayPal,Same Day,Completed
O0000720,U000488,S0000080,P000541,2024-06-24,1,32.0,20,25.6,18.74,6.86,PayPal,Same Day,Completed
O0000721,U001060,S0004035,P000046,2024-08-24,5,232.05,5,1102.24,724.0,378.24,Debit Card,Express,Completed
O0000722,U000891,S0004906,P000136,2025-06-01,4,79.04,25,237.12,184.32,52.8,Net Banking,Same Day,Completed
O0000723,U000243,S0001456,P000623,2024-06-20,1,27.33,30,19.13,18.21,0.92,Debit Card,Express,Completed
O0000724,U000568,S0000691,P000893,2024-11-15,3,2081.37,10,5619.7,4229.4,1390.3,Net Banking,Express,Completed
O0000725,U001630,S0000235,P000038,2025-01-16,3,34.46,30,72.37,69.36,3.01,Net Banking,Standard,Completed
O0000726,U001185,S0005042,P000222,2025-03-25,2,248.74,30,348.24,247.7,100.54,Net Banking,Express,Cancelled
O0000727,U000248,S0009785,P000184,2024-03-06,5,64.28,15,273.19,147.15,126.04,Debit Card,Same Day,Completed
O0000728,U001971,S0005151,P000750,2025-09-25,1,268.0,20,214.4,152.51,61.89,PayPal,Same Day,Completed
O0000729,U000344,S0008662,P000350,2024-08-17,1,56.64,0,56.64,27.65,28.99,UPI,Express,Returned
O0000730,U001426,S0001689,P000636,2024-06-26,5,153.34,5,728.37,454.55,273.82,UPI,Same Day,Returned
O0000731,U001680,S0006131,P000069,2024-12-26,4,77.12,0,308.48,194.0,114.48,UPI,Express,Completed
O0000732,U001570,S0004011,P000684,2025-12-02,2,56.02,15,95.23,59.74,35.49,Credit Card,Same Day,Completed
O0000733,U000174,S0005933,P000508,2024-11-30,4,766.76,15,2606.98,1523.04,1083.94,Debit Card,Express,Completed
O0000734,U000035,S0004263,P000769,2024-03-08,2,781.26,5,1484.39,813.52,670.87,Debit Card,Same Day,Completed
O0000735,U000442,S0005899,P000279,2025-04-06,3,37.86,0,113.58,74.85,38.73,Debit Card,Express,Cancelled
O0000736,U000233,S0002492,P000214,2024-03-11,3,133.93,5,381.7,293.52,88.18,Debit Card,Express,Completed
O0000737,U000611,S0008641,P000647,2024-06-11,4,12.75,10,45.9,24.08,21.82,Debit Card,Express,Completed
O0000738,U001746,S0004689,P000755,2024-09-26,4,24.02,10,86.47,61.84,24.63,PayPal,Express,Returned
O0000739,U001758,S0007289,P000646,2025-10-26,5,316.84,10,1425.78,797.7,628.08,PayPal,Same Day,Cancelled
O0000740,U001137,S0007032,P000815,2025-12-03,4,17.84,0,71.36,37.8,33.56,Debit Card,Standard,Returned
O0000741,U001090,S0001028,P000760,2024-10-28,5,291.21,0,1456.05,918.25,537.8,Credit Card,Express,Completed
O0000742,U000637,S0002184,P000875,2025-12-29,5,441.77,10,1987.96,1597.35,390.61,Net Banking,Express,Returned
O0000743,U000615,S0006972,P000333,2025-05-07,3,23.62,5,67.32,39.45,27.87,UPI,Express,Completed
O0000744,U001325,S0008222,P000434,2025-11-14,2,341.51,10,614.72,417.4,197.32,Credit Card,Same Day,Completed
O0000745,U000053,S0007311,P000682,2025-10-12,5,61.18,15,260.01,153.75,106.26,Debit Card,Standard,Completed
O0000746,U000081,S0004195,P000183,2024-07-29,2,64.1,10,115.38,84.98,30.4,Credit Card,Express,Completed
O0000747,U001894,S0008290,P000528,2024-10-25,4,100.66,30,281.85,268.68,13.17,Debit Card,Express,Completed
O0000748,U000947,S0005580,P000163,2024-12-02,3,51.64,5,147.17,99.93,47.24,Credit Card,Standard,Completed
O0000749,U000684,S0009334,P000108,2025-05-08,2,119.36,5,226.78,125.38,101.4,Debit Card,Same Day,Completed
O0000750,U000616,S0001819,P000754,2025-01-20,3,85.96,5,244.99,148.83,96.16,Credit Card,Standard,Completed
O0000751,U001713,S0004498,P000678,2025-06-04,3,8.83,5,25.17,17.25,7.92,UPI,Same Day,Completed
O0000752,U000559,S0005366,P000959,2024-01-24,2,1840.06,20,2944.1,2391.26,552.84,Debit Card,Same Day,Cancelled
O0000753,U000816,S0006606,P000001,2024-08-19,3,59.07,5,168.35,85.2,83.15,Net Banking,Express,Cancelled
O0000754,U000488,S0007461,P000716,2024-04-02,1,140.75,5,133.71,71.63,62.08,PayPal,Same Day,Completed
O0000755,U001586,S0000430,P000279,2025-08-10,2,37.86,15,64.36,49.9,14.46,PayPal,Standard,Completed
O0000756,U000918,S0003210,P000374,2024-06-14,1,258.36,10,232.52,184.42,48.1,Net Banking,Express,Completed
O0000757,U000802,S0007505,P000319,2025-10-31,4,21.67,10,78.01,64.36,13.65,Credit Card,Same Day,Completed
O0000758,U001695,S0003435,P000168,2024-12-22,4,151.64,15,515.58,388.64,126.94,PayPal,Same Day,Returned
O0000759,U000750,S0009909,P000359,2024-08-31,1,1560.51,30,1092.36,795.71,296.65,UPI,Express,Completed
O0000760,U000868,S0005650,P000856,2024-12-20,4,610.8,25,1832.4,1701.28,131.12,Debit Card,Same Day,Completed
O0000761,U001466,S0007558,P000347,2025-02-03,2,73.91,5,140.43,103.96,36.47,UPI,Express,Completed
O0000762,U001326,S0009139,P000433,2024-01-24,1,1495.79,15,1271.42,833.79,437.63,PayPal,Express,Completed
O0000763,U001812,S0005221,P000792,2025-07-25,5,183.96,20,735.84,626.0,109.84,Net Banking,Standard,Completed
O0000764,U000804,S0001246,P000604,2024-08-21,4,767.26,10,2762.14,1896.32,865.82,Credit Card,Express,Completed
O0000765,U000536,S0001902,P000386,2025-12-06,1,75.87,15,64.49,37.05,27.44,Net Banking,Standard,Cancelled
O0000766,U000263,S0009723,P000695,2024-07-07,4,405.8,30,1136.24,1085.2,51.04,UPI,Same Day,Completed
O0000767,U001894,S0007545,P000635,2025-11-16,3,20.81,10,56.19,41.85,14.34,UPI,Same Day,Returned
O0000768,U000565,S0004309,P000425,2025-12-16,1,32.98,0,32.98,20.49,12.49,Debit Card,Same Day,Cancelled
O0000769,U000249,S0002742,P000917,2024-03-29,5,29.93,5,142.17,111.75,30.42,Net Banking,Express,Completed
O0000770,U000400,S0008415,P000979,2025-12-17,2,457.17,15,777.19,629.58,147.61,Net Banking,Same Day,Completed
O0000771,U001758,S0004702,P000034,2025-01-11,5,72.9,0,364.5,256.55,107.95,Debit Card,Standard,Returned
O0000772,U000038,S0009922,P000508,2024-01-30,2,766.76,10,1380.17,761.52,618.65,Debit Card,Express,Cancelled
O0000773,U001721,S0000072,P000953,2025-08-19,1,54.42,5,51.7,32.25,19.45,UPI,Standard,Cancelled
O0000774,U001160,S0007409,P000594,2025-05-11,3,47.29,25,106.4,83.46,22.94,PayPal,Same Day,Completed
O0000775,U001469,S0008659,P000564,2025-12-23,4,145.88,20,466.82,421.84,44.98,PayPal,Standard,Completed
O0000776,U000438,S0007818,P000573,2025-01-03,2,85.06,25,127.59,109.28,18.31,PayPal,Same Day,Cancelled
O0000777,U000344,S0000905,P000041,2025-07-21,4,59.02,15,200.67,144.2,56.47,PayPal,Express,Completed
O0000778,U001119,S0003262,P000938,2024-11-06,2,731.77,5,1390.36,975.7,414.66,Credit Card,Same Day,Completed
O0000779,U000013,S0000575,P000605,2025-04-05,2,22.73,5,43.19,23.8,19.39,Debit Card,Express,Completed
O0000780,U001356,S0006180,P000915,2024-11-17,4,52.61,15,178.87,127.72,51.15,UPI,Same Day,Returned
O0000781,U000269,S0000651,P000895,2024-09-20,5,55.08,5,261.63,187.55,74.08,Debit Card,Express,Completed
O0000782,U001045,S0009065,P000869,2025-11-05,3,35.92,25,80.82,48.9,31.92,UPI,Same Day,Completed
O0000783,U000609,S0003963,P000648,2025-06-14,1,1067.64,15,907.49,529.0,378.49,UPI,Standard,Completed
O0000784,U001479,S0004280,P000336,2024-06-02,4,238.41,25,715.23,466.0,249.23,Credit Card,Express,Cancelled
O0000785,U001256,S0005208,P000793,2025-10-23,1,341.76,5,324.67,226.01,98.66,PayPal,Standard,Cancelled
O0000786,U001150,S0004298,P000831,2024-07-03,3,2478.9,0,7436.7,4023.09,3413.61,Debit Card,Express,Completed
O0000787,U001969,S0008305,P000168,2025-02-01,2,151.64,15,257.79,194.32,63.47,Debit Card,Express,Completed
O0000788,U000925,S0008508,P000807,2024-02-13,1,175.77,30,123.04,83.64,39.4,Net Banking,Standard,Cancelled
O0000789,U001769,S0000828,P000720,2024-08-29,3,45.28,30,95.09,100.8,-5.71,Net Banking,Standard,Cancelled
O0000790,U001797,S0008366,P000757,2025-02-03,3,74.56,25,167.76,162.24,5.52,UPI,Same Day,Returned
O0000791,U001399,S0005659,P000315,2024-08-20,3,111.49,10,301.02,209.37,91.65,UPI,Same Day,Completed
O0000792,U001516,S0003204,P000850,2025-04-26,1,179.6,10,161.64,117.57,44.07,UPI,Express,Completed
O0000793,U000665,S0001729,P000438,2024-12-14,3,56.2,10,151.74,101.85,49.89,Debit Card,Standard,Cancelled
O0000794,U000222,S0009985,P000494,2025-01-17,1,560.78,30,392.55,416.63,-24.08,Credit Card,Standard,Completed
O0000795,U001250,S0000561,P000300,2024-01-18,1,40.56,25,30.42,28.43,1.99,Debit Card,Same Day,Completed
O0000796,U001437,S0008933,P000618,2024-12-12,2,243.83,10,438.89,309.5,129.39,PayPal,Same Day,Completed
O0000797,U000421,S0003534,P000500,2025-12-03,2,58.22,10,104.8,80.82,23.98,PayPal,Express,Completed
O0000798,U001095,S0009470,P000358,2024-03-20,3,214.66,30,450.79,395.97,54.82,Debit Card,Express,Completed
O0000799,U000857,S0006680,P000520,2025-04-24,1,212.45,5,201.83,156.26,45.57,Credit Card,Same Day,Completed
O0000800,U000482,S0003496,P000468,2025-01-31,2,6.24,20,9.98,7.58,2.4,Credit Card,Standard,Returned
O0000801,U001004,S0000826,P000606,2025-06-21,4,226.79,25,680.37,421.96,258.41,UPI,Same Day,Completed
O0000802,U000664,S0001877,P000153,2024-06-10,4,55.67,30,155.88,120.92,34.96,Debit Card,Standard,Completed
O0000803,U000331,S0006513,P000160,2024-09-12,2,314.19,20,502.7,447.34,55.36,Net Banking,Same Day,Returned
O0000804,U000918,S0009740,P000424,2024-03-07,2,56.5,15,96.05,82.08,13.97,Debit Card,Same Day,Completed
O0000805,U001321,S0002795,P000621,2025-08-23,2,897.6,0,1795.2,1014.0,781.2,PayPal,Standard,Completed
O0000806,U001925,S0004254,P000903,2024-08-16,1,70.51,30,49.36,46.74,2.62,Credit Card,Same Day,Completed
O0000807,U001053,S0006092,P000303,2025-07-15,4,12.14,10,43.7,24.96,18.74,Credit Card,Standard,Completed
O0000808,U000677,S0005764,P000454,2024-11-05,4,133.44,10,480.38,334.68,145.7,PayPal,Standard,Cancelled
O0000809,U000238,S0000859,P000295,2025-08-21,1,262.77,0,262.77,128.25,134.52,PayPal,Express,Returned
O0000810,U000721,S0002508,P000289,2024-08-11,1,201.01,20,160.81,103.75,57.06,PayPal,Standard,Completed
O0000811,U000308,S0003056,P000213,2025-11-22,3,52.85,25,118.91,73.83,45.08,Debit Card,Express,Cancelled
O0000812,U001172,S0008609,P000829,2025-09-19,4,133.16,25,399.48,324.24,75.24,Debit Card,Same Day,Completed
O0000813,U000181,S0008399,P000091,2025-07-04,1,335.27,20,268.22,173.47,94.75,UPI,Same Day,Completed
O0000814,U000936,S0004350,P000578,2024-06-05,3,274.01,25,616.52,566.34,50.18,UPI,Express,Completed
O0000815,U001400,S0007319,P000689,2025-07-13,5,54.18,25,203.17,185.85,17.32,PayPal,Express,Returned
O0000816,U001628,S0000067,P000575,2024-05-18,3,63.03,15,160.73,101.31,59.42,Credit Card,Express,Completed
O0000817,U001246,S0001391,P000653,2024-02-25,4,55.47,0,221.88,102.24,119.64,Net Banking,Express,Completed
O0000818,U001618,S0003715,P000561,2025-03-10,1,8.96,20,7.17,5.87,1.3,Net Banking,Express,Completed
O0000819,U000791,S0008337,P000312,2024-07-17,1,27.0,15,22.95,17.68,5.27,PayPal,Same Day,Returned
O0000820,U001908,S0005617,P000509,2025-11-03,5,324.45,30,1135.57,793.9,341.67,Debit Card,Standard,Returned
O0000821,U000306,S0003786,P000010,2024-09-15,4,15.72,30,44.02,30.92,13.1,PayPal,Same Day,Completed
O0000822,U000229,S0003426,P000635,2024-04-19,4,20.81,10,74.92,55.8,19.12,Credit Card,Express,Completed
O0000823,U000917,S0008160,P000491,2025-02-26,2,43.14,15,73.34,56.0,17.34,PayPal,Standard,Completed
O0000824,U001778,S0005407,P000545,2024-02-29,5,658.32,0,3291.6,1575.4,1716.2,Net Banking,Express,Completed
O0000825,U001712,S0003060,P000987,2024-08-27,3,69.55,30,146.05,137.37,8.68,Net Banking,Standard,Completed
O0000826,U000748,S0003997,P000082,2024-04-01,2,334.39,25,501.58,483.2,18.38,PayPal,Same Day,Completed
O0000827,U000632,S0007343,P000276,2024-05-15,4,41.08,30,115.02,110.76,4.26,UPI,Standard,Completed
O0000828,U000729,S0005530,P000786,2024-04-20,5,605.76,10,2725.92,1957.25,768.67,Net Banking,Standard,Completed
O0000829,U000580,S0008793,P000476,2024-04-01,2,214.22,20,342.75,232.22,110.53,PayPal,Same Day,Returned
O0000830,U001999,S0007641,P000392,2024-06-14,1,355.46,10,319.91,205.75,114.16,Credit Card,Express,Returned
O0000831,U001438,S0005472,P000335,2024-04-19,5,75.48,0,377.4,215.2,162.2,Debit Card,Standard,Completed
O0000832,U000241,S0006250,P000106,2024-02-28,1,33.6,10,30.24,18.74,11.5,Debit Card,Express,Completed
O0000833,U001924,S0000213,P000801,2024-07-01,5,45.08,15,191.59,167.65,23.94,Credit Card,Same Day,Cancelled
O0000834,U000352,S0000367,P000183,2025-07-15,1,64.1,25,48.07,42.49,5.58,PayPal,Standard,Completed
O0000835,U000292,S0002962,P000600,2024-09-07,1,44.27,30,30.99,30.22,0.77,UPI,Standard,Completed
O0000836,U001249,S0008731,P000965,2025-11-18,5,148.97,0,744.85,367.5,377.35,Credit Card,Standard,Returned
O0000837,U000030,S0008696,P000642,2024-11-08,5,2250.82,30,7877.87,5796.4,2081.47,Net Banking,Express,Returned
O0000838,U001679,S0007023,P000440,2025-07-13,4,112.88,25,338.64,215.04,123.6,PayPal,Express,Returned
O0000839,U001923,S0009792,P000862,2024-07-15,1,17.34,25,13.0,9.42,3.58,UPI,Express,Completed
O0000840,U001906,S0005985,P000296,2025-11-08,5,15.39,30,53.87,49.25,4.62,Net Banking,Same Day,Returned
O0000841,U001923,S0007389,P000634,2025-05-02,4,16.02,30,44.86,38.36,6.5,UPI,Express,Completed
O0000842,U000862,S0007300,P000088,2025-12-13,3,148.63,5,423.6,216.15,207.45,PayPal,Same Day,Completed
O0000843,U001228,S0007669,P000086,2025-02-02,1,2302.77,25,1727.08,1161.62,565.46,PayPal,Express,Cancelled
O0000844,U001686,S0006856,P000556,2024-03-24,4,18.6,5,70.68,45.16,25.52,Net Banking,Standard,Completed
O0000845,U001414,S0002279,P000944,2025-05-28,3,124.29,30,261.01,167.97,93.04,UPI,Express,Completed
O0000846,U001544,S0007869,P000303,2024-12-25,2,12.14,20,19.42,12.48,6.94,PayPal,Same Day,Returned
O0000847,U001141,S0001031,P000704,2025-09-14,4,449.79,30,1259.41,832.4,427.01,Credit Card,Standard,Cancelled
O0000848,U001647,S0007960,P000779,2025-02-05,2,99.55,5,189.14,139.46,49.68,Debit Card,Express,Cancelled
O0000849,U000035,S0001644,P000006,2025-05-05,3,62.98,10,170.05,140.88,29.17,Debit Card,Standard,Cancelled
O0000850,U000879,S0001225,P000266,2024-07-29,3,368.82,10,995.81,662.49,333.32,Debit Card,Standard,Completed
O0000851,U000082,S0000098,P000657,2024-03-04,1,8.75,10,7.88,4.74,3.14,UPI,Express,Completed
O0000852,U000330,S0007816,P000058,2025-03-20,5,227.66,25,853.72,714.35,139.37,Credit Card,Standard,Completed
O0000853,U001265,S0000748,P000295,2025-07-11,3,262.77,5,748.89,384.75,364.14,Credit Card,Standard,Completed
O0000854,U001928,S0005381,P000065,2024-10-27,4,11.59,0,46.36,29.88,16.48,UPI,Standard,Completed
O0000855,U000648,S0008843,P000021,2025-12-26,1,40.45,0,40.45,27.72,12.73,PayPal,Express,Completed
O0000856,U000072,S0009925,P000245,2024-07-10,1,109.34,5,103.87,67.65,36.22,Net Banking,Express,Completed
O0000857,U000457,S0002785,P000103,2024-05-21,2,315.3,25,472.95,413.0,59.95,Debit Card,Same Day,Completed
O0000858,U000797,S0006733,P000628,2025-09-14,1,77.03,15,65.48,36.47,29.01,Debit Card,Standard,Completed
O0000859,U001845,S0006269,P000188,2024-01-10,3,18.21,20,43.7,40.26,3.44,Net Banking,Express,Completed
O0000860,U000539,S0005940,P000890,2024-08-20,5,154.84,20,619.36,366.0,253.36,UPI,Same Day,Completed
O0000861,U001969,S0001954,P000552,2024-01-14,1,25.75,25,19.31,14.78,4.53,Credit Card,Standard,Cancelled
O0000862,U000468,S0001446,P000281,2025-10-10,4,197.01,15,669.83,450.36,219.47,Debit Card,Same Day,Completed
O0000863,U000976,S0001189,P000961,2024-02-06,1,45.7,25,34.28,29.53,4.75,Net Banking,Standard,Completed
O0000864,U001994,S0009843,P000867,2025-07-24,1,223.22,5,212.06,158.35,53.71,UPI,Same Day,Completed
O0000865,U001390,S0009129,P000936,2025-06-21,5,59.4,15,252.45,177.45,75.0,UPI,Standard,Cancelled
O0000866,U000408,S0002318,P000967,2025-07-10,4,22.22,0,88.88,62.6,26.28,UPI,Same Day,Completed
O0000867,U001428,S0008164,P000816,2024-08-08,2,22.11,5,42.01,30.54,11.47,PayPal,Standard,Returned
O0000868,U000663,S0007498,P000181,2024-05-12,4,356.17,0,1424.68,1067.92,356.76,UPI,Standard,Cancelled
O0000869,U001987,S0003340,P000165,2025-10-09,4,27.06,10,97.42,56.44,40.98,PayPal,Same Day,Completed
O0000870,U000448,S0006693,P000929,2024-04-07,5,98.17,0,490.85,230.4,260.45,UPI,Express,Completed
O0000871,U000966,S0008892,P000728,2024-07-28,5,313.49,20,1253.96,895.55,358.41,Net Banking,Express,Completed
O0000872,U001033,S0006112,P000169,2025-11-05,3,42.17,20,101.21,60.87,40.34,Debit Card,Express,Completed
O0000873,U000875,S0005090,P000150,2024-03-26,2,218.13,30,305.38,326.02,-20.64,Debit Card,Standard,Completed
O0000874,U000054,S0006729,P000012,2025-03-31,3,186.99,30,392.68,317.19,75.49,UPI,Standard,Returned
O0000875,U000284,S0000227,P000580,2024-04-09,1,33.92,5,32.22,18.67,13.55,Debit Card,Express,Completed
O0000876,U000151,S0000801,P000656,2025-10-19,5,43.95,15,186.79,108.2,78.59,PayPal,Express,Returned
O0000877,U000580,S0003713,P000008,2024-01-20,2,377.87,30,529.02,401.28,127.74,Net Banking,Same Day,Completed
O0000878,U001716,S0003539,P000788,2025-12-12,2,117.59,20,188.14,150.32,37.82,Credit Card,Express,Cancelled
O0000879,U001239,S0002998,P000836,2025-07-01,4,46.27,25,138.81,119.16,19.65,Net Banking,Standard,Completed
O0000880,U001391,S0005164,P000311,2024-07-10,2,163.14,20,261.02,153.78,107.24,Debit Card,Same Day,Completed
O0000881,U000485,S0000348,P000731,2025-08-16,1,102.2,0,102.2,61.26,40.94,Debit Card,Standard,Completed
O0000882,U001038,S0008421,P000665,2024-10-04,2,32.14,5,61.07,43.6,17.47,Net Banking,Express,Returned
O0000883,U001561,S0008328,P000830,2024-12-10,4,1563.76,15,5316.78,3581.56,1735.22,Net Banking,Express,Completed
O0000884,U001991,S0000062,P000126,2025-07-19,5,430.81,5,2046.35,1389.95,656.4,UPI,Standard,Completed
O0000885,U000685,S0002067,P000215,2025-12-07,4,72.05,5,273.79,179.32,94.47,Debit Card,Same Day,Completed
O0000886,U001560,S0007047,P000532,2025-01-03,1,26.23,20,20.98,15.03,5.95,PayPal,Same Day,Returned
O0000887,U001853,S0002985,P000572,2025-07-13,1,48.36,15,41.11,30.58,10.53,UPI,Express,Completed
O0000888,U001191,S0007088,P000320,2025-11-04,4,27.12,10,97.63,57.12,40.51,Credit Card,Express,Returned
O0000889,U001639,S0003094,P000379,2025-04-12,3,202.21,0,606.63,313.71,292.92,PayPal,Express,Returned
O0000890,U001800,S0007670,P000201,2025-04-07,3,29.19,5,83.19,48.15,35.04,PayPal,Same Day,Returned
O0000891,U000074,S0009735,P000972,2025-07-03,1,116.05,0,116.05,69.02,47.03,UPI,Express,Completed
O0000892,U001325,S0008222,P000662,2025-11-14,3,2326.42,30,4885.48,4620.42,265.06,Debit Card,Express,Cancelled
O0000893,U001052,S0005775,P000021,2024-06-06,4,40.45,5,153.71,110.88,42.83,Credit Card,Standard,Completed
O0000894,U000240,S0005514,P000221,2025-03-22,1,777.44,20,621.95,426.73,195.22,UPI,Express,Completed
O0000895,U001274,S0005426,P000879,2024-12-12,3,68.57,20,164.57,107.76,56.81,Net Banking,Standard,Completed
O0000896,U000432,S0006322,P000832,2025-09-03,5,712.91,5,3386.32,1834.6,1551.72,Credit Card,Same Day,Completed
O0000897,U001574,S0005227,P000062,2025-10-18,3,155.41,5,442.92,344.61,98.31,UPI,Standard,Completed
O0000898,U001529,S0005405,P000427,2024-03-29,4,168.72,0,674.88,456.28,218.6,UPI,Same Day,Completed
O0000899,U001203,S0007316,P000285,2024-07-10,2,142.13,10,255.83,137.9,117.93,PayPal,Express,Completed
O0000900,U001440,S0002897,P000990,2024-10-29,1,237.86,5,225.97,117.48,108.49,Net Banking,Same Day,Completed
O0000901,U001236,S0005767,P000289,2025-11-07,3,201.01,10,542.73,311.25,231.48,PayPal,Standard,Completed
O0000902,U000793,S0007251,P000431,2025-11-06,2,592.04,0,1184.08,575.24,608.84,UPI,Standard,Completed
O0000903,U001724,S0002671,P000308,2025-12-14,5,224.4,10,1009.8,623.25,386.55,UPI,Standard,Completed
O0000904,U000786,S0007236,P000613,2024-12-04,5,159.01,0,795.05,488.45,306.6,Credit Card,Same Day,Completed
O0000905,U001529,S0000925,P000662,2024-04-01,5,2326.42,15,9887.28,7700.7,2186.58,PayPal,Standard,Completed
O0000906,U000075,S0004953,P000026,2024-07-30,4,1786.99,30,5003.57,4783.08,220.49,Credit Card,Express,Completed
O0000907,U001123,S0000611,P000628,2024-11-08,1,77.03,5,73.18,36.47,36.71,Net Banking,Same Day,Cancelled
O0000908,U000356,S0000679,P000403,2025-03-11,1,583.01,5,553.86,420.6,133.26,Credit Card,Same Day,Completed
O0000909,U000005,S0007099,P000006,2025-04-30,2,62.98,15,107.07,93.92,13.15,UPI,Same Day,Completed
O0000910,U001041,S0004954,P000133,2025-04-18,3,175.22,5,499.38,290.13,209.25,UPI,Express,Completed
O0000911,U000253,S0005779,P000169,2025-07-25,3,42.17,5,120.18,60.87,59.31,UPI,Express,Completed
O0000912,U000575,S0001700,P000893,2024-07-02,3,2081.37,10,5619.7,4229.4,1390.3,Net Banking,Standard,Completed
O0000913,U001611,S0007395,P000251,2025-03-21,2,2307.41,5,4384.08,2802.66,1581.42,Debit Card,Express,Returned
O0000914,U001863,S0002573,P000104,2025-02-23,4,24.15,30,67.62,43.76,23.86,Net Banking,Express,Cancelled
O0000915,U000678,S0009088,P000242,2025-08-27,2,263.45,5,500.55,289.74,210.81,Credit Card,Express,Completed
O0000916,U001009,S0008759,P000229,2025-07-17,2,70.39,5,133.74,69.08,64.66,UPI,Same Day,Returned
O0000917,U000866,S0002376,P000442,2025-10-27,5,193.14,30,675.99,653.55,22.44,Credit Card,Express,Completed
O0000918,U000707,S0000499,P000163,2025-04-16,5,51.64,25,193.65,166.55,27.1,PayPal,Same Day,Completed
O0000919,U001653,S0006478,P000425,2025-03-21,2,32.98,0,65.96,40.98,24.98,Debit Card,Same Day,Completed
O0000920,U000222,S0009636,P000990,2024-03-10,4,237.86,5,903.87,469.92,433.95,Net Banking,Standard,Completed
O0000921,U000068,S0006677,P000370,2025-08-31,1,356.02,15,302.62,164.35,138.27,Credit Card,Same Day,Completed
O0000922,U000285,S0005633,P000558,2025-11-11,1,1701.88,10,1531.69,1104.34,427.35,Net Banking,Same Day,Completed
O0000923,U000999,S0009024,P000869,2025-01-12,3,35.92,0,107.76,48.9,58.86,Net Banking,Express,Cancelled
O0000924,U000917,S0008160,P000783,2025-02-26,2,24.9,15,42.33,33.34,8.99,Debit Card,Express,Completed
O0000925,U001077,S0002885,P000981,2024-05-19,2,18.5,20,29.6,22.8,6.8,UPI,Standard,Returned
O0000926,U001053,S0006431,P000134,2025-09-15,5,146.05,10,657.23,348.7,308.53,Credit Card,Same Day,Completed
O0000927,U000261,S0008173,P000538,2025-03-02,5,60.11,15,255.47,176.6,78.87,Credit Card,Same Day,Completed
O0000928,U001737,S0008309,P000825,2025-10-28,1,50.38,0,50.38,31.33,19.05,Net Banking,Express,Completed
O0000929,U001400,S0007319,P000078,2025-07-13,3,49.71,25,111.85,94.77,17.08,Debit Card,Express,Cancelled
O0000930,U001968,S0000635,P000446,2025-06-15,3,130.34,15,332.37,240.18,92.19,Debit Card,Standard,Cancelled
O0000931,U001594,S0006040,P000018,2024-03-11,2,38.16,5,72.5,41.48,31.02,PayPal,Same Day,Cancelled
O0000932,U000217,S0004708,P000142,2025-08-04,1,184.88,0,184.88,112.26,72.62,Net Banking,Standard,Cancelled
O0000933,U001711,S0008229,P000519,2024-11-29,3,21.29,0,63.87,36.78,27.09,Debit Card,Standard,Completed
O0000934,U001577,S0001064,P000829,2025-02-20,2,133.16,5,253.0,162.12,90.88,Debit Card,Same Day,Completed
O0000935,U001216,S0003709,P000659,2024-05-11,3,86.42,20,207.41,141.69,65.72,Credit Card,Same Day,Completed
O0000936,U001354,S0007880,P000331,2025-04-13,4,150.5,25,451.5,344.32,107.18,Net Banking,Standard,Completed
O0000937,U000143,S0002606,P000070,2025-05-01,2,41.64,25,62.46,56.42,6.04,Credit Card,Same Day,Completed
O0000938,U000616,S0001819,P000250,2025-01-20,4,108.72,20,347.9,197.88,150.02,Net Banking,Same Day,Returned
O0000939,U001296,S0007999,P000214,2024-08-24,4,133.93,15,455.36,391.36,64.0,Credit Card,Standard,Cancelled
O0000940,U000020,S0006685,P000822,2025-12-21,2,275.03,5,522.56,372.46,150.1,UPI,Express,Returned
O0000941,U000125,S0009508,P000980,2025-01-31,3,18.95,30,39.79,39.87,-0.08,PayPal,Standard,Completed
O0000942,U000890,S0001402,P000160,2024-07-06,5,314.19,25,1178.21,1118.35,59.86,Credit Card,Standard,Completed
O0000943,U000805,S0003561,P000836,2025-09-14,3,46.27,30,97.17,89.37,7.8,Net Banking,Express,Returned
O0000944,U001986,S0009402,P000061,2024-05-14,2,508.1,15,863.77,495.76,368.01,UPI,Express,Completed
O0000945,U000728,S0006727,P000687,2024-08-19,4,357.63,20,1144.42,856.72,287.7,Debit Card,Express,Returned
O0000946,U000648,S0002362,P000310,2025-06-04,4,381.49,0,1525.96,821.96,704.0,Debit Card,Standard,Completed
O0000947,U000027,S0001485,P000249,2025-07-24,4,307.96,25,923.88,782.64,141.24,UPI,Standard,Completed
O0000948,U000890,S0003648,P000271,2025-01-30,2,79.92,20,127.87,105.16,22.71,UPI,Express,Completed
O0000949,U001891,S0006782,P000030,2025-03-10,3,154.84,20,371.62,227.28,144.34,Debit Card,Standard,Returned
O0000950,U000510,S0009440,P000793,2025-10-14,5,341.76,10,1537.92,1130.05,407.87,Credit Card,Same Day,Completed
O0000951,U001013,S0006148,P000458,2025-04-09,4,11.27,20,36.06,25.28,10.78,Credit Card,Same Day,Returned
O0000952,U001900,S0001558,P000235,2025-03-08,2,1922.81,30,2691.93,2625.86,66.07,PayPal,Standard,Returned
O0000953,U000264,S0004226,P000653,2025-07-23,1,55.47,5,52.7,25.56,27.14,Credit Card,Express,Returned
O0000954,U000509,S0009544,P000086,2025-07-14,2,2302.77,30,3223.88,2323.24,900.64,PayPal,Express,Completed
O0000955,U001710,S0006408,P000770,2025-06-03,2,219.15,30,306.81,325.36,-18.55,Debit Card,Same Day,Completed
O0000956,U000929,S0005388,P000437,2024-01-23,2,111.36,20,178.18,101.88,76.3,Debit Card,Express,Completed
O0000957,U001706,S0009447,P000851,2024-10-21,5,246.11,10,1107.5,775.05,332.45,Net Banking,Standard,Completed
O0000958,U000535,S0004326,P000314,2025-10-23,2,99.68,15,169.46,121.86,47.6,UPI,Standard,Cancelled
O0000959,U001761,S0006476,P000128,2024-01-02,5,43.71,25,163.91,129.45,34.46,Debit Card,Express,Completed
O0000960,U000109,S0001571,P000433,2024-09-29,1,1495.79,15,1271.42,833.79,437.63,Debit Card,Standard,Completed
O0000961,U000704,S0008368,P000545,2024-10-24,2,658.32,10,1184.98,630.16,554.82,Credit Card,Standard,Returned
O0000962,U000783,S0009490,P000701,2025-04-04,3,38.19,5,108.84,57.18,51.66,UPI,Standard,Completed
O0000963,U001832,S0007015,P000601,2024-11-23,5,319.26,10,1436.67,1132.5,304.17,PayPal,Express,Completed
O0000964,U001052,S0006382,P000545,2025-12-30,4,658.32,10,2369.95,1260.32,1109.63,PayPal,Express,Completed
O0000965,U000686,S0003915,P000492,2024-04-23,1,225.55,25,169.16,161.11,8.05,Credit Card,Express,Completed
O0000966,U001083,S0003984,P000857,2024-08-18,3,187.32,10,505.76,366.21,139.55,Net Banking,Express,Returned
O0000967,U001998,S0005316,P000957,2025-12-27,1,543.35,15,461.85,333.96,127.89,UPI,Standard,Cancelled
O0000968,U001988,S0006353,P000363,2024-05-14,1,2187.2,30,1531.04,1295.8,235.24,Credit Card,Standard,Completed
O0000969,U000378,S0003393,P000333,2024-06-22,1,23.62,5,22.44,13.15,9.29,UPI,Same Day,Completed
O0000970,U000854,S0008153,P000604,2024-08-05,3,767.26,25,1726.33,1422.24,304.09,Debit Card,Same Day,Completed
O0000971,U001544,S0000466,P000878,2024-06-04,2,96.38,25,144.57,143.14,1.43,Debit Card,Same Day,Returned
O0000972,U000821,S0008195,P000977,2024-10-01,4,14.35,20,45.92,36.88,9.04,Credit Card,Express,Completed
O0000973,U001262,S0007440,P000756,2025-03-27,1,52.92,10,47.63,34.94,12.69,UPI,Same Day,Completed
O0000974,U001004,S0009348,P000797,2024-10-09,5,51.34,15,218.2,116.75,101.45,Credit Card,Express,Cancelled
O0000975,U001191,S0006553,P000170,2024-04-02,2,653.6,5,1241.84,656.9,584.94,PayPal,Express,Cancelled
O0000976,U000345,S0001657,P000694,2024-09-10,3,60.71,25,136.6,106.98,29.62,Net Banking,Same Day,Completed
O0000977,U000152,S0001566,P000777,2025-03-01,4,234.28,25,702.84,494.88,207.96,PayPal,Standard,Completed
O0000978,U001053,S0002481,P000413,2024-07-28,3,122.18,10,329.89,214.23,115.66,Debit Card,Same Day,Returned
O0000979,U000073,S0000973,P000630,2024-05-14,5,382.23,25,1433.36,1276.8,156.56,Net Banking,Standard,Completed
O0000980,U001745,S0005751,P000725,2025-10-26,1,42.95,0,42.95,24.43,18.52,Debit Card,Same Day,Completed
O0000981,U000713,S0008225,P000919,2024-01-12,3,14.06,20,33.74,21.69,12.05,Credit Card,Express,Completed
O0000982,U000766,S0007520,P000054,2024-08-02,4,134.95,10,485.82,277.56,208.26,Debit Card,Standard,Completed
O0000983,U001523,S0000589,P000061,2025-08-27,2,508.1,10,914.58,495.76,418.82,Debit Card,Same Day,Completed
O0000984,U000643,S0006085,P000212,2024-02-18,5,468.52,30,1639.82,1543.45,96.37,Credit Card,Standard,Completed
O0000985,U001424,S0004101,P000791,2024-05-25,2,20.71,0,41.42,19.2,22.22,Debit Card,Same Day,Cancelled
O0000986,U001005,S0005425,P000281,2024-09-16,4,197.01,20,630.43,450.36,180.07,PayPal,Standard,Cancelled
O0000987,U000952,S0009893,P000374,2025-01-14,3,258.36,30,542.56,553.26,-10.7,Credit Card,Same Day,Completed
O0000988,U001490,S0004175,P000273,2025-09-22,3,138.25,25,311.06,301.53,9.53,Net Banking,Standard,Returned
O0000989,U001116,S0003324,P000751,2024-12-08,1,74.97,15,63.72,45.48,18.24,Debit Card,Standard,Completed
O0000990,U000682,S0001469,P000993,2025-04-03,4,647.78,25,1943.34,1692.88,250.46,Debit Card,Same Day,Returned
O0000991,U000555,S0007509,P000741,2024-02-22,5,33.31,20,133.24,124.7,8.54,PayPal,Standard,Completed
O0000992,U001671,S0008811,P000483,2025-12-30,3,18.42,5,52.5,25.11,27.39,Credit Card,Same Day,Completed
O0000993,U000434,S0009674,P000430,2025-11-21,4,50.25,30,140.7,137.24,3.46,PayPal,Standard,Completed
O0000994,U001613,S0008740,P000946,2024-11-25,1,654.28,10,588.85,330.86,257.99,Credit Card,Standard,Cancelled
O0000995,U001436,S0007369,P000611,2025-01-16,4,37.09,10,133.52,88.08,45.44,UPI,Same Day,Completed
O0000996,U001038,S0001883,P000451,2024-06-20,5,24.29,20,97.16,83.3,13.86,Credit Card,Same Day,Cancelled
O0000997,U000744,S0008789,P000701,2025-05-10,5,38.19,0,190.95,95.3,95.65,Debit Card,Standard,Completed
O0000998,U000375,S0001377,P000837,2025-03-31,3,478.93,25,1077.59,880.11,197.48,Net Banking,Standard,Completed
O0000999,U001062,S0007076,P000369,2025-02-01,5,127.25,20,509.0,379.0,130.0,Debit Card,Same Day,Completed
O0001000,U000144,S0007676,P000117,2025-08-26,5,32.2,0,161.0,119.85,41.15,Debit Card,Express,Completed
O0001001,U000546,S0006701,P000444,2025-10-02,1,31.89,20,25.51,16.45,9.06,Debit Card,Express,Completed
O0001002,U001890,S0007330,P000735,2025-12-11,4,90.25,25,270.75,202.12,68.63,Credit Card,Standard,Returned
O0001003,U000924,S0007937,P000917,2024-12-27,4,29.93,25,89.79,89.4,0.39,PayPal,Standard,Completed
O0001004,U001339,S0008968,P000547,2024-11-05,3,1382.3,0,4146.9,2263.35,1883.55,Net Banking,Standard,Cancelled
O0001005,U000691,S0000614,P000967,2025-12-18,1,22.22,0,22.22,15.65,6.57,Debit Card,Express,Completed
O0001006,U001628,S0002226,P000483,2025-05-31,1,18.42,20,14.74,8.37,6.37,UPI,Express,Completed
O0001007,U000192,S0006124,P000544,2025-12-30,2,461.4,30,645.96,618.54,27.42,UPI,Standard,Completed
O0001008,U001821,S0009705,P000457,2024-06-13,4,759.74,10,2735.06,1968.72,766.34,PayPal,Standard,Completed
O0001009,U000328,S0002448,P000839,2024-07-29,1,29.03,20,23.22,18.19,5.03,Net Banking,Express,Cancelled
O0001010,U000431,S0002984,P000539,2024-07-07,2,279.95,5,531.9,278.52,253.38,Debit Card,Same Day,Completed
O0001011,U000837,S0004761,P000763,2024-10-23,3,112.92,25,254.07,178.92,75.15,Net Banking,Standard,Completed
O0001012,U001735,S0003833,P000814,2025-02-19,1,58.58,30,41.01,41.27,-0.26,Net Banking,Same Day,Cancelled
O0001013,U001349,S0006168,P000714,2025-11-26,4,776.54,25,2329.62,1558.24,771.38,PayPal,Same Day,Returned
O0001014,U000068,S0007565,P000360,2025-12-21,4,131.29,20,420.13,313.36,106.77,Credit Card,Standard,Completed
O0001015,U000585,S0008845,P000998,2025-03-17,3,2204.73,0,6614.19,4885.56,1728.63,PayPal,Same Day,Completed
O0001016,U000032,S0004346,P000122,2024-10-25,1,1902.31,5,1807.19,1127.83,679.36,PayPal,Express,Completed
O0001017,U001409,S0008976,P000068,2025-03-09,2,170.37,30,238.52,187.72,50.8,Credit Card,Standard,Completed
O0001018,U001725,S0009700,P000887,2024-12-03,4,22.58,30,63.22,46.56,16.66,Credit Card,Standard,Cancelled
O0001019,U000769,S0007415,P000813,2025-06-24,3,138.27,10,373.33,223.02,150.31,Net Banking,Standard,Returned
O0001020,U000778,S0004817,P000842,2024-10-15,2,287.48,20,459.97,326.0,133.97,Net Banking,Same Day,Completed
O0001021,U000127,S0009271,P000452,2025-08-13,5,442.61,20,1770.44,1303.15,467.29,Credit Card,Express,Completed
O0001022,U000952,S0003057,P000668,2024-02-20,1,1995.91,15,1696.52,1188.6,507.92,Debit Card,Same Day,Cancelled
O0001023,U001645,S0009696,P000790,2024-03-27,5,99.85,20,399.4,243.8,155.6,Net Banking,Express,Completed
O0001024,U000318,S0004369,P000177,2025-08-06,1,200.76,15,170.65,138.59,32.06,PayPal,Same Day,Returned
O0001025,U001167,S0005983,P000635,2025-03-23,5,20.81,20,83.24,69.75,13.49,PayPal,Standard,Cancelled
O0001026,U001828,S0006471,P000909,2025-09-20,2,28.37,30,39.72,27.32,12.4,PayPal,Express,Completed
O0001027,U000383,S0008320,P000374,2025-10-22,4,258.36,10,930.1,737.68,192.42,PayPal,Same Day,Completed
O0001028,U000638,S0000410,P000471,2025-10-19,5,70.05,5,332.74,256.2,76.54,Credit Card,Standard,Completed
O0001029,U001921,S0007847,P000198,2024-08-01,2,116.94,25,175.41,130.92,44.49,UPI,Express,Completed
O0001030,U001540,S0006399,P000084,2024-03-19,1,71.29,20,57.03,44.87,12.16,Credit Card,Standard,Cancelled
O0001031,U000666,S0001671,P000033,2024-09-01,4,378.94,25,1136.82,752.76,384.06,PayPal,Same Day,Completed
O0001032,U001861,S0007026,P000489,2024-03-03,5,118.99,30,416.46,427.35,-10.89,Credit Card,Standard,Cancelled
O0001033,U000161,S0001790,P000938,2024-10-20,3,731.77,0,2195.31,1463.55,731.76,Net Banking,Same Day,Cancelled
O0001034,U001637,S0003410,P000438,2024-11-29,2,56.2,20,89.92,67.9,22.02,PayPal,Same Day,Completed
O0001035,U000162,S0003168,P000867,2025-07-28,3,223.22,25,502.25,475.05,27.2,PayPal,Standard,Cancelled
O0001036,U000894,S0007038,P000420,2025-10-30,1,142.77,10,128.49,82.78,45.71,PayPal,Same Day,Completed
O0001037,U000592,S0000978,P000759,2025-02-11,4,279.42,0,1117.68,614.52,503.16,Net Banking,Express,Cancelled
O0001038,U001556,S0008798,P000832,2024-03-17,1,712.91,20,570.33,366.92,203.41,PayPal,Same Day,Returned
O0001039,U001811,S0008408,P000118,2024-03-23,3,2086.85,25,4695.41,2989.44,1705.97,PayPal,Same Day,Returned
O0001040,U001685,S0009531,P000250,2025-08-31,4,108.72,5,413.14,197.88,215.26,Credit Card,Standard,Cancelled
O0001041,U000458,S0005863,P000246,2025-12-12,2,138.11,20,220.98,171.52,49.46,PayPal,Same Day,Completed
O0001042,U000746,S0005456,P000206,2024-09-01,4,137.26,15,466.68,315.08,151.6,Credit Card,Express,Cancelled
O0001043,U001539,S0001724,P000672,2025-12-01,1,14.54,20,11.63,9.56,2.07,UPI,Same Day,Completed
O0001044,U001601,S0005691,P000298,2024-03-08,2,1788.63,10,3219.53,2522.08,697.45,Credit Card,Standard,Completed
O0001045,U001133,S0002379,P000732,2025-04-02,5,889.21,25,3334.54,2502.7,831.84,Net Banking,Standard,Completed
O0001046,U001396,S0006986,P000348,2024-03-03,4,308.27,5,1171.43,903.32,268.11,Debit Card,Standard,Returned
O0001047,U000058,S0009108,P000422,2025-04-23,4,65.7,5,249.66,145.28,104.38,Credit Card,Express,Cancelled
O0001048,U000341,S0008143,P000267,2025-10-04,4,675.67,0,2702.68,1524.24,1178.44,Debit Card,Express,Completed
O0001049,U001356,S0002095,P000230,2025-12-12,3,12.17,30,25.56,27.0,-1.44,PayPal,Express,Completed
O0001050,U000891,S0006999,P000322,2025-12-08,2,138.22,0,276.44,150.94,125.5,Debit Card,Same Day,Completed
O0001051,U001418,S0003811,P000872,2025-09-20,1,243.49,20,194.79,180.45,14.34,Debit Card,Standard,Cancelled
O0001052,U000546,S0003037,P000320,2025-05-11,5,27.12,25,101.7,71.4,30.3,Debit Card,Standard,Completed
O0001053,U001684,S0007481,P000360,2025-06-23,1,131.29,15,111.6,78.34,33.26,Net Banking,Same Day,Completed
O0001054,U001596,S0003600,P000851,2024-09-26,2,246.11,5,467.61,310.02,157.59,PayPal,Express,Completed
O0001055,U001150,S0008293,P000811,2025-11-24,5,1361.16,20,5444.64,4429.55,1015.09,PayPal,Express,Completed
O0001056,U001086,S0000733,P000213,2024-07-20,3,52.85,15,134.77,73.83,60.94,Debit Card,Express,Cancelled
O0001057,U000136,S0001820,P000316,2025-01-02,3,464.58,10,1254.37,675.69,578.68,UPI,Same Day,Completed
O0001058,U001837,S0000419,P000174,2024-08-09,3,79.65,20,191.16,173.79,17.37,Debit Card,Standard,Returned
O0001059,U001092,S0009499,P000052,2024-07-27,3,130.61,5,372.24,229.23,143.01,Net Banking,Express,Cancelled
O0001060,U000541,S0006906,P000803,2025-02-21,4,48.23,0,192.92,118.84,74.08,PayPal,Express,Completed
O0001061,U001053,S0002481,P000341,2024-07-28,1,119.4,10,107.46,66.05,41.41,Debit Card,Standard,Cancelled
O0001062,U000928,S0003506,P000166,2025-12-05,3,24.6,5,70.11,44.61,25.5,Net Banking,Same Day,Completed
O0001063,U001220,S0004684,P000975,2024-05-09,2,44.3,0,88.6,43.02,45.58,Net Banking,Express,Completed
O0001064,U000966,S0008892,P000245,2024-07-28,3,109.34,30,229.61,202.95,26.66,UPI,Express,Completed
O0001065,U000763,S0002501,P000912,2024-08-27,3,31.99,25,71.98,45.57,26.41,Credit Card,Same Day,Completed
O0001066,U000845,S0005559,P000248,2025-07-17,4,1946.2,15,6617.08,4466.28,2150.8,Debit Card,Express,Completed
O0001067,U001197,S0007204,P000694,2025-04-23,1,60.71,20,48.57,35.66,12.91,UPI,Same Day,Completed
O0001068,U000484,S0008887,P000326,2025-11-20,4,440.11,20,1408.35,1128.04,280.31,Net Banking,Standard,Cancelled
O0001069,U000894,S0004997,P000382,2025-09-20,5,22.4,20,89.6,72.45,17.15,Credit Card,Express,Completed
O0001070,U000983,S0007633,P000394,2025-09-26,5,33.77,15,143.52,105.8,37.72,Credit Card,Express,Completed
O0001071,U000573,S0001636,P000960,2025-08-21,4,86.0,25,258.0,226.2,31.8,UPI,Standard,Completed
O0001072,U001974,S0001884,P000206,2024-05-07,1,137.26,30,96.08,78.77,17.31,Debit Card,Same Day,Completed
O0001073,U001582,S0002802,P000708,2024-10-30,2,182.86,30,256.0,180.6,75.4,Debit Card,Standard,Completed
O0001074,U001124,S0007823,P000747,2024-06-06,5,120.2,30,420.7,314.75,105.95,UPI,Same Day,Completed
O0001075,U001363,S0004170,P000588,2024-10-29,1,47.85,30,33.49,35.59,-2.1,Debit Card,Same Day,Completed
O0001076,U001806,S0002694,P000985,2025-01-13,5,59.67,30,208.84,210.9,-2.06,Debit Card,Standard,Completed
O0001077,U000066,S0003940,P000568,2024-03-31,3,42.31,5,120.58,94.65,25.93,Credit Card,Standard,Completed
O0001078,U000255,S0003535,P000194,2025-06-28,4,31.38,15,106.69,61.8,44.89,Credit Card,Express,Completed
O0001079,U001805,S0005882,P000752,2024-10-25,1,195.57,0,195.57,106.39,89.18,PayPal,Express,Completed
O0001080,U001561,S0008328,P000842,2024-12-10,3,287.48,10,776.2,489.0,287.2,PayPal,Express,Cancelled
O0001081,U001469,S0008659,P000427,2025-12-23,4,168.72,5,641.14,456.28,184.86,UPI,Express,Completed
O0001082,U000473,S0006122,P000581,2024-11-24,4,344.37,20,1101.98,747.76,354.22,Credit Card,Same Day,Completed
O0001083,U000883,S0006220,P000810,2024-05-17,2,14.28,5,27.13,14.78,12.35,Net Banking,Same Day,Completed
O0001084,U000241,S0004916,P000655,2025-01-29,2,1102.94,25,1654.41,1132.72,521.69,Debit Card,Standard,Completed
O0001085,U001757,S0008483,P000285,2025-12-18,1,142.13,30,99.49,68.95,30.54,Credit Card,Standard,Completed
O0001086,U000081,S0002702,P000791,2024-01-06,1,20.71,25,15.53,9.6,5.93,Debit Card,Express,Completed
O0001087,U001743,S0008425,P000987,2025-12-11,2,69.55,30,97.37,91.58,5.79,Debit Card,Express,Returned
O0001088,U001414,S0005416,P000377,2025-06-21,4,43.82,15,148.99,93.88,55.11,UPI,Express,Completed
O0001089,U000732,S0004444,P000383,2025-04-28,4,65.41,5,248.56,180.72,67.84,Credit Card,Standard,Completed
O0001090,U001179,S0002074,P000434,2024-10-10,3,341.51,0,1024.53,626.1,398.43,PayPal,Same Day,Cancelled
O0001091,U000466,S0005156,P000665,2024-01-01,5,32.14,0,160.7,109.0,51.7,Debit Card,Same Day,Completed
O0001092,U001422,S0006165,P000178,2024-07-10,4,196.84,25,590.52,440.84,149.68,Credit Card,Standard,Completed
O0001093,U001135,S0007423,P000801,2025-11-20,2,45.08,20,72.13,67.06,5.07,Debit Card,Express,Completed
O0001094,U000553,S0004517,P000605,2025-12-10,2,22.73,30,31.82,23.8,8.02,PayPal,Express,Cancelled
O0001095,U000801,S0001536,P000776,2024-09-21,2,59.72,10,107.5,81.12,26.38,UPI,Express,Returned
O0001096,U001222,S0009337,P000201,2025-03-15,2,29.19,5,55.46,32.1,23.36,Debit Card,Express,Returned
O0001097,U000390,S0000216,P000760,2025-05-09,1,291.21,25,218.41,183.65,34.76,Credit Card,Express,Completed
O0001098,U001805,S0002216,P000854,2025-12-04,5,74.78,30,261.73,273.25,-11.52,Debit Card,Standard,Cancelled
O0001099,U000710,S0000063,P000104,2024-05-15,1,24.15,25,18.11,10.94,7.17,UPI,Express,Returned
O0001100,U001825,S0005063,P000528,2025-08-29,4,100.66,10,362.38,268.68,93.7,Net Banking,Express,Completed
O0001101,U001509,S0008846,P000062,2024-11-09,2,155.41,25,233.12,229.74,3.38,Net Banking,Same Day,Completed
O0001102,U000248,S0008499,P000803,2024-08-22,2,48.23,10,86.81,59.42,27.39,Net Banking,Same Day,Returned
O0001103,U000972,S0007599,P000364,2024-01-22,5,272.13,30,952.46,939.05,13.41,Net Banking,Express,Completed
O0001104,U000236,S0006591,P000440,2025-10-12,4,112.88,25,338.64,215.04,123.6,UPI,Express,Completed
O0001105,U001227,S0007189,P000410,2024-08-29,1,40.15,5,38.14,23.28,14.86,UPI,Standard,Completed
O0001106,U000119,S0007106,P000497,2024-04-19,1,37.71,0,37.71,28.05,9.66,UPI,Standard,Completed
O0001107,U001694,S0000681,P000067,2025-08-01,2,74.41,30,104.17,105.0,-0.83,Credit Card,Same Day,Completed
O0001108,U001656,S0003846,P000448,2025-06-20,4,604.57,30,1692.8,1806.52,-113.72,UPI,Same Day,Completed
O0001109,U000121,S0001230,P000764,2024-04-08,2,214.94,25,322.41,242.1,80.31,UPI,Same Day,Returned
O0001110,U000782,S0001829,P000810,2025-04-29,2,14.28,15,24.28,14.78,9.5,PayPal,Same Day,Completed
O0001111,U000210,S0009072,P000879,2024-03-13,4,68.57,20,219.42,143.68,75.74,PayPal,Standard,Cancelled
O0001112,U001061,S0003609,P000414,2025-08-14,3,135.45,0,406.35,250.77,155.58,Net Banking,Express,Completed
O0001113,U000130,S0005392,P000390,2025-04-20,5,715.88,5,3400.43,2670.2,730.23,Net Banking,Express,Completed
O0001114,U001601,S0009434,P000806,2025-11-20,4,768.45,25,2305.35,2151.44,153.91,UPI,Same Day,Cancelled
O0001115,U000836,S0002629,P000644,2024-02-17,1,749.9,15,637.41,481.16,156.25,Net Banking,Standard,Completed
O0001116,U000369,S0004277,P000029,2025-04-05,3,48.42,5,138.0,67.11,70.89,Debit Card,Same Day,Completed
O0001117,U001973,S0002381,P000554,2024-04-19,3,553.01,0,1659.03,824.19,834.84,Debit Card,Standard,Completed
O0001118,U001791,S0005873,P000859,2025-03-06,2,51.08,25,76.62,66.84,9.78,UPI,Standard,Completed
O0001119,U000556,S0004181,P000052,2024-05-23,4,130.61,0,522.44,305.64,216.8,Credit Card,Standard,Returned
O0001120,U001170,S0009377,P000317,2024-12-22,2,565.68,30,791.95,564.72,227.23,Credit Card,Same Day,Returned
O0001121,U001331,S0001253,P000069,2024-07-20,3,77.12,30,161.95,145.5,16.45,Net Banking,Standard,Returned
O0001122,U000573,S0001800,P000949,2025-07-28,4,1377.49,5,5234.46,2491.48,2742.98,Credit Card,Standard,Completed
O0001123,U000353,S0008304,P000306,2025-05-18,2,19.58,30,27.41,24.24,3.17,UPI,Express,Completed
O0001124,U000323,S0005334,P000329,2025-01-15,5,460.74,30,1612.59,1337.3,275.29,Debit Card,Standard,Returned
O0001125,U001866,S0006509,P000712,2025-10-18,4,62.29,25,186.87,149.76,37.11,Net Banking,Same Day,Completed
O0001126,U001345,S0007550,P000821,2025-03-05,3,12.38,10,33.43,22.71,10.72,Credit Card,Standard,Cancelled
O0001127,U000584,S0003212,P000240,2025-06-26,3,465.12,15,1186.06,729.57,456.49,UPI,Standard,Completed
O0001128,U001430,S0006016,P000619,2024-03-28,4,303.88,5,1154.74,769.96,384.78,Debit Card,Same Day,Returned
O0001129,U000890,S0001402,P000046,2024-07-06,5,232.05,20,928.2,724.0,204.2,UPI,Express,Completed
O0001130,U001275,S0003514,P000584,2024-07-10,1,66.51,30,46.56,34.07,12.49,Net Banking,Express,Completed
O0001131,U001893,S0001382,P000011,2024-12-03,2,149.63,20,239.41,147.08,92.33,Debit Card,Same Day,Completed
O0001132,U001849,S0004342,P000604,2025-08-08,5,767.26,5,3644.49,2370.4,1274.09,PayPal,Express,Completed
O0001133,U001377,S0000271,P000788,2024-10-09,3,117.59,15,299.85,225.48,74.37,PayPal,Standard,Completed
O0001134,U001050,S0008697,P000782,2025-06-05,4,570.55,5,2168.09,1355.52,812.57,Net Banking,Standard,Completed
O0001135,U001891,S0008318,P000024,2024-08-15,3,216.72,5,617.65,399.9,217.75,UPI,Same Day,Returned
O0001136,U001102,S0009274,P000775,2024-05-06,4,77.9,15,264.86,222.2,42.66,Debit Card,Same Day,Cancelled
O0001137,U001962,S0001720,P000804,2024-01-02,2,93.22,5,177.12,122.92,54.2,UPI,Standard,Completed
O0001138,U001732,S0009703,P000576,2024-08-01,4,582.28,25,1746.84,1127.2,619.64,Credit Card,Same Day,Completed
O0001139,U000791,S0008770,P000681,2025-01-22,1,164.13,15,139.51,118.67,20.84,Credit Card,Express,Cancelled
O0001140,U000192,S0005850,P000684,2025-05-20,2,56.02,10,100.84,59.74,41.1,Credit Card,Standard,Completed
O0001141,U000997,S0007399,P000673,2024-07-07,2,92.46,5,175.67,132.38,43.29,UPI,Same Day,Completed
O0001142,U000656,S0006338,P000828,2025-08-20,5,373.91,15,1589.12,1075.15,513.97,Net Banking,Express,Completed
O0001143,U001825,S0005063,P000420,2025-08-29,3,142.77,0,428.31,248.34,179.97,Debit Card,Express,Completed
O0001144,U000120,S0000184,P000116,2025-06-11,2,399.14,25,598.71,456.96,141.75,Debit Card,Same Day,Cancelled
O0001145,U000601,S0002475,P000369,2024-04-26,1,127.25,20,101.8,75.8,26.0,Credit Card,Standard,Completed
O0001146,U000002,S0008165,P000388,2025-10-22,2,52.26,20,83.62,61.78,21.84,PayPal,Same Day,Completed
O0001147,U000451,S0000745,P000483,2025-09-01,5,18.42,5,87.5,41.85,45.65,Net Banking,Standard,Completed
O0001148,U001163,S0006997,P000377,2024-11-29,1,43.82,25,32.87,23.47,9.4,UPI,Express,Completed
O0001149,U000598,S0000555,P000106,2024-02-18,5,33.6,15,142.8,93.7,49.1,Net Banking,Express,Cancelled
O0001150,U001082,S0000064,P000913,2025-09-29,1,673.22,25,504.92,425.54,79.38,UPI,Express,Completed
O0001151,U000303,S0005297,P000907,2024-06-10,4,107.79,15,366.49,206.36,160.13,UPI,Same Day,Completed
O0001152,U001437,S0002928,P000324,2025-06-02,5,33.75,5,160.31,86.1,74.21,UPI,Standard,Completed
O0001153,U001921,S0005123,P000542,2024-11-14,5,171.16,25,641.85,442.1,199.75,Debit Card,Express,Completed
O0001154,U001953,S0000548,P000645,2024-09-01,5,48.41,0,242.05,136.7,105.35,PayPal,Express,Cancelled
O0001155,U000049,S0009419,P000505,2025-03-23,5,107.77,25,404.14,348.05,56.09,Credit Card,Express,Completed
O0001156,U001261,S0009805,P000872,2025-10-05,2,243.49,15,413.93,360.9,53.03,Credit Card,Standard,Completed
O0001157,U001028,S0005851,P000639,2025-12-02,4,337.54,5,1282.65,766.0,516.65,Net Banking,Same Day,Returned
O0001158,U001984,S0004921,P000407,2024-05-07,3,107.46,15,274.02,150.75,123.27,UPI,Express,Completed
O0001159,U000691,S0006943,P000163,2024-03-01,5,51.64,20,206.56,166.55,40.01,Credit Card,Express,Cancelled
O0001160,U001575,S0005044,P000256,2025-05-13,4,128.19,10,461.48,357.0,104.48,UPI,Same Day,Completed
O0001161,U000814,S0006418,P000957,2024-04-18,1,543.35,0,543.35,333.96,209.39,Credit Card,Express,Completed
O0001162,U001149,S0003556,P000364,2024-09-19,4,272.13,0,1088.52,751.24,337.28,Debit Card,Express,Completed
O0001163,U001030,S0008148,P000143,2025-03-27,1,52.49,15,44.62,31.98,12.64,PayPal,Same Day,Completed
O0001164,U000529,S0001105,P000084,2025-07-13,3,71.29,15,181.79,134.61,47.18,Credit Card,Same Day,Completed
O0001165,U000576,S0008666,P000820,2025-12-01,3,126.41,20,303.38,232.59,70.79,UPI,Standard,Completed
O0001166,U000506,S0009046,P000803,2024-01-17,2,48.23,5,91.64,59.42,32.22,Debit Card,Same Day,Cancelled
O0001167,U000038,S0009851,P000359,2025-08-21,4,1560.51,10,5617.84,3182.84,2435.0,Net Banking,Express,Completed
O0001168,U000103,S0007594,P000022,2024-06-02,2,150.77,20,241.23,201.64,39.59,Credit Card,Standard,Completed
O0001169,U001655,S0001755,P000526,2024-12-13,3,407.44,30,855.62,801.57,54.05,PayPal,Same Day,Completed
O0001170,U001384,S0002572,P000454,2025-07-05,3,133.44,15,340.27,251.01,89.26,UPI,Express,Completed
O0001171,U000522,S0004879,P000998,2025-10-12,3,2204.73,10,5952.77,4885.56,1067.21,Net Banking,Express,Completed
O0001172,U000072,S0002163,P000348,2024-08-13,5,308.27,5,1464.28,1129.15,335.13,PayPal,Same Day,Returned
O0001173,U000863,S0007542,P000959,2025-01-31,5,1840.06,20,7360.24,5978.15,1382.09,Net Banking,Standard,Returned
O0001174,U001957,S0006386,P000845,2025-04-25,5,728.84,25,2733.15,2246.35,486.8,Credit Card,Express,Completed
O0001175,U000296,S0009370,P000620,2025-03-05,5,360.58,15,1532.46,1255.25,277.21,PayPal,Same Day,Completed
O0001176,U000353,S0007777,P000316,2024-11-15,3,464.58,30,975.62,675.69,299.93,UPI,Same Day,Returned
O0001177,U001906,S0005985,P000560,2025-11-08,3,742.18,5,2115.21,1016.31,1098.9,Net Banking,Express,Cancelled
O0001178,U000033,S0009775,P000054,2024-06-01,1,134.95,10,121.45,69.39,52.06,Credit Card,Express,Completed
O0001179,U000932,S0003618,P000363,2024-01-10,5,2187.2,20,8748.8,6479.0,2269.8,Debit Card,Same Day,Returned
O0001180,U001462,S0007734,P000502,2024-08-09,3,37.85,25,85.16,70.71,14.45,Net Banking,Express,Returned
O0001181,U000589,S0006038,P000407,2024-06-04,2,107.46,0,214.92,100.5,114.42,Net Banking,Standard,Completed
O0001182,U001725,S0009700,P000526,2024-12-03,4,407.44,20,1303.81,1068.76,235.05,Debit Card,Express,Completed
O0001183,U001142,S0004130,P000541,2025-12-12,4,32.0,10,115.2,74.96,40.24,PayPal,Standard,Completed
O0001184,U001458,S0007428,P000452,2024-11-21,1,442.61,0,442.61,260.63,181.98,Credit Card,Express,Returned
O0001185,U001710,S0005701,P000245,2025-10-18,5,109.34,15,464.7,338.25,126.45,UPI,Express,Completed
O0001186,U000409,S0008463,P000368,2024-02-02,4,184.62,25,553.86,500.32,53.54,Credit Card,Standard,Cancelled
O0001187,U001426,S0008193,P000241,2024-12-19,1,209.06,15,177.7,97.31,80.39,PayPal,Express,Cancelled
O0001188,U000740,S0000887,P000513,2024-12-15,3,21.53,10,58.13,46.92,11.21,UPI,Express,Cancelled
O0001189,U001291,S0004688,P000207,2025-08-02,1,913.87,10,822.48,592.8,229.68,Net Banking,Standard,Completed
O0001190,U001344,S0007508,P000798,2025-09-05,3,23.13,25,52.04,48.75,3.29,Net Banking,Express,Completed
O0001191,U000339,S0007278,P000654,2025-12-15,4,83.86,30,234.81,204.68,30.13,UPI,Standard,Cancelled
O0001192,U000148,S0007062,P000270,2024-01-20,4,308.35,10,1110.06,756.92,353.14,Debit Card,Same Day,Completed
O0001193,U001536,S0003482,P000831,2024-12-16,4,2478.9,10,8924.04,5364.12,3559.92,PayPal,Express,Completed
O0001194,U000883,S0009451,P000896,2025-09-30,5,148.6,5,705.85,362.95,342.9,PayPal,Same Day,Completed
O0001195,U001443,S0005812,P000608,2024-11-23,4,35.74,15,121.52,106.08,15.44,Debit Card,Same Day,Returned
O0001196,U000527,S0006938,P000750,2025-05-28,2,268.0,15,455.6,305.02,150.58,Debit Card,Express,Completed
O0001197,U000619,S0007435,P000681,2025-08-31,2,164.13,15,279.02,237.34,41.68,Credit Card,Express,Completed
O0001198,U000229,S0002347,P000699,2024-09-03,2,43.37,5,82.4,40.5,41.9,PayPal,Standard,Completed
O0001199,U001956,S0005050,P000751,2024-03-13,2,74.97,5,142.44,90.96,51.48,Net Banking,Express,Completed
O0001200,U001679,S0000678,P000743,2024-01-20,2,124.04,20,198.46,141.58,56.88,PayPal,Same Day,Completed
O0001201,U000590,S0006881,P000619,2025-11-08,5,303.88,25,1139.55,962.45,177.1,Net Banking,Express,Completed
O0001202,U001778,S0009444,P000333,2025-04-23,4,23.62,5,89.76,52.6,37.16,PayPal,Same Day,Completed
O0001203,U000086,S0007220,P000430,2025-07-27,1,50.25,30,35.17,34.31,0.86,PayPal,Standard,Completed
O0001204,U000681,S0004658,P000313,2024-03-06,5,243.59,0,1217.95,570.15,647.8,UPI,Express,Completed
O0001205,U001059,S0000176,P000867,2025-07-31,5,223.22,25,837.07,791.75,45.32,UPI,Express,Completed
O0001206,U001673,S0005162,P000044,2025-06-06,4,40.4,30,113.12,104.88,8.24,UPI,Express,Returned
O0001207,U000605,S0001324,P000399,2024-01-25,2,326.25,20,522.0,352.56,169.44,Credit Card,Standard,Cancelled
O0001208,U001755,S0008717,P000770,2024-09-26,1,219.15,30,153.41,162.68,-9.27,UPI,Standard,Completed
O0001209,U001082,S0005943,P000109,2024-07-09,5,182.28,25,683.55,610.35,73.2,PayPal,Express,Returned
O0001210,U000092,S0003013,P000971,2024-01-12,1,61.42,20,49.14,38.33,10.81,Credit Card,Standard,Completed
O0001211,U001951,S0001174,P000890,2025-04-20,5,154.84,25,580.65,366.0,214.65,Net Banking,Same Day,Completed
O0001212,U001000,S0009193,P000443,2024-08-18,4,43.67,5,165.95,110.4,55.55,PayPal,Express,Cancelled
O0001213,U001509,S0008162,P000236,2025-11-29,2,24.67,25,37.01,26.66,10.35,UPI,Express,Returned
O0001214,U001416,S0007722,P000397,2024-07-11,1,1821.11,0,1821.11,1252.26,568.85,PayPal,Express,Completed
O0001215,U001779,S0001232,P000088,2025-09-23,4,148.63,25,445.89,288.2,157.69,Credit Card,Express,Returned
O0001216,U001006,S0000307,P000348,2024-02-04,3,308.27,5,878.57,677.49,201.08,PayPal,Same Day,Completed
O0001217,U001577,S0003295,P000897,2025-10-05,3,43.66,15,111.33,74.79,36.54,UPI,Same Day,Cancelled
O0001218,U000380,S0009886,P000544,2024-02-02,5,461.4,20,1845.6,1546.35,299.25,Credit Card,Same Day,Completed
O0001219,U001143,S0004930,P000749,2024-07-20,5,629.05,25,2358.94,1467.55,891.39,UPI,Express,Completed
O0001220,U000699,S0004348,P000594,2025-07-06,5,47.29,5,224.63,139.1,85.53,Credit Card,Express,Returned
O0001221,U000231,S0003794,P000727,2024-05-10,4,51.89,20,166.05,118.56,47.49,PayPal,Same Day,Completed
O0001222,U001561,S0001244,P000765,2024-03-15,1,765.19,10,688.67,539.88,148.79,Debit Card,Express,Returned
O0001223,U000426,S0008926,P000740,2024-10-18,5,16.66,15,70.8,44.95,25.85,PayPal,Express,Cancelled
O0001224,U000097,S0002330,P000745,2025-11-23,3,247.37,20,593.69,387.45,206.24,UPI,Standard,Completed
O0001225,U000217,S0004708,P000412,2025-08-04,3,274.75,20,659.4,439.68,219.72,Debit Card,Express,Returned
O0001226,U000373,S0007489,P000261,2025-07-02,5,239.49,10,1077.71,594.25,483.46,Debit Card,Same Day,Completed
O0001227,U001897,S0006056,P000423,2025-04-02,1,417.15,20,333.72,293.22,40.5,PayPal,Express,Completed
O0001228,U000829,S0000849,P000311,2025-07-20,1,163.14,25,122.35,76.89,45.46,UPI,Express,Cancelled
O0001229,U001746,S0001108,P000098,2024-06-17,5,183.39,15,779.41,525.4,254.01,Credit Card,Same Day,Returned
O0001230,U000291,S0000391,P000202,2025-02-08,3,323.47,0,970.41,616.17,354.24,Credit Card,Express,Completed
O0001231,U000426,S0008067,P000277,2025-03-04,2,173.09,15,294.25,227.48,66.77,Debit Card,Same Day,Completed
O0001232,U000309,S0003061,P000828,2025-09-23,3,373.91,10,1009.56,645.09,364.47,Debit Card,Express,Completed
O0001233,U000845,S0003837,P000507,2025-01-29,1,11.0,5,10.45,5.5,4.95,Debit Card,Standard,Completed
O0001234,U000085,S0000166,P000599,2024-09-07,2,144.26,0,288.52,132.0,156.52,PayPal,Standard,Returned
O0001235,U001837,S0009591,P000311,2025-08-11,2,163.14,10,293.65,153.78,139.87,Debit Card,Standard,Completed
O0001236,U001519,S0003541,P000257,2025-11-05,5,429.24,10,1931.58,1401.7,529.88,PayPal,Same Day,Cancelled
O0001237,U001713,S0004498,P000857,2025-06-04,2,187.32,10,337.18,244.14,93.04,UPI,Same Day,Completed
O0001238,U001950,S0000746,P000825,2025-06-12,4,50.38,15,171.29,125.32,45.97,UPI,Standard,Returned
O0001239,U000248,S0003699,P000852,2024-06-09,2,557.81,30,780.93,688.04,92.89,Debit Card,Same Day,Completed
O0001240,U001353,S0008677,P000165,2025-11-19,1,27.06,5,25.71,14.11,11.6,Net Banking,Standard,Completed
O0001241,U000650,S0000254,P000228,2025-02-24,2,90.96,5,172.82,84.34,88.48,UPI,Same Day,Cancelled
O0001242,U000263,S0007477,P000645,2024-11-17,1,48.41,10,43.57,27.34,16.23,UPI,Standard,Cancelled
O0001243,U000889,S0008384,P000309,2024-02-06,1,46.5,20,37.2,29.3,7.9,Net Banking,Standard,Completed
O0001244,U001975,S0006378,P000255,2024-07-15,2,25.33,15,43.06,36.84,6.22,PayPal,Standard,Completed
O0001245,U000428,S0003154,P000561,2024-06-06,2,8.96,20,14.34,11.74,2.6,UPI,Same Day,Completed
O0001246,U001800,S0003661,P000746,2024-08-15,4,38.5,30,107.8,88.36,19.44,UPI,Express,Completed
O0001247,U001454,S0004925,P000594,2025-11-20,5,47.29,25,177.34,139.1,38.24,PayPal,Express,Cancelled
O0001248,U000691,S0000614,P000445,2025-12-18,4,307.91,20,985.31,905.04,80.27,PayPal,Express,Completed
O0001249,U000393,S0008192,P000663,2024-05-20,5,163.56,5,776.91,496.35,280.56,Credit Card,Same Day,Returned
O0001250,U000414,S0005852,P000476,2024-05-31,1,214.22,30,149.95,116.11,33.84,Net Banking,Standard,Completed
O0001251,U000455,S0005180,P000199,2024-04-11,5,34.22,0,171.1,116.25,54.85,Debit Card,Express,Returned
O0001252,U000901,S0006849,P000720,2024-07-04,3,45.28,25,101.88,100.8,1.08,UPI,Standard,Completed
O0001253,U000769,S0003886,P000304,2024-03-14,4,206.11,0,824.44,615.4,209.04,Credit Card,Standard,Cancelled
O0001254,U000322,S0002454,P000627,2025-01-31,1,787.18,10,708.46,538.16,170.3,UPI,Standard,Completed
O0001255,U000630,S0002305,P000811,2024-03-24,2,1361.16,0,2722.32,1771.82,950.5,PayPal,Express,Completed
O0001256,U001869,S0005319,P000668,2024-05-25,1,1995.91,30,1397.14,1188.6,208.54,Net Banking,Same Day,Returned
O0001257,U001316,S0004637,P000280,2025-01-12,1,209.6,15,178.16,104.65,73.51,UPI,Standard,Completed
O0001258,U001904,S0008407,P000370,2025-06-25,1,356.02,25,267.01,164.35,102.66,Credit Card,Express,Completed
O0001259,U000750,S0009909,P000676,2024-08-31,4,117.6,15,399.84,216.44,183.4,Debit Card,Express,Completed
O0001260,U000033,S0009775,P000799,2024-06-01,4,138.13,15,469.64,267.92,201.72,UPI,Standard,Completed
O0001261,U000457,S0009657,P000226,2024-06-05,5,106.25,5,504.69,271.8,232.89,Net Banking,Express,Cancelled
O0001262,U001170,S0009901,P000222,2025-04-10,1,248.74,30,174.12,123.85,50.27,Debit Card,Same Day,Returned
O0001263,U001084,S0002372,P000058,2025-12-05,2,227.66,15,387.02,285.74,101.28,Debit Card,Same Day,Completed
O0001264,U000832,S0001845,P000315,2024-10-08,4,111.49,5,423.66,279.16,144.5,Net Banking,Same Day,Completed
O0001265,U000165,S0007721,P000111,2024-01-14,3,698.26,30,1466.35,1448.07,18.28,PayPal,Same Day,Returned
O0001266,U000202,S0001006,P000186,2025-04-14,3,145.99,25,328.48,286.44,42.04,Credit Card,Standard,Returned
O0001267,U000732,S0000898,P000233,2024-12-29,3,340.29,10,918.78,647.73,271.05,UPI,Express,Completed
O0001268,U001441,S0002113,P000245,2025-03-05,2,109.34,30,153.08,135.3,17.78,Debit Card,Same Day,Completed
O0001269,U001045,S0004325,P000464,2025-04-12,4,528.65,5,2008.87,1350.92,657.95,Credit Card,Express,Completed
O0001270,U001130,S0002248,P000203,2025-09-22,3,205.78,5,586.47,346.02,240.45,PayPal,Same Day,Completed
O0001271,U000603,S0007988,P000779,2025-11-11,1,99.55,5,94.57,69.73,24.84,PayPal,Express,Completed
O0001272,U000372,S0007337,P000395,2025-11-22,2,276.34,30,386.88,320.6,66.28,PayPal,Same Day,Completed
O0001273,U001820,S0004131,P000430,2025-02-18,3,50.25,0,150.75,102.93,47.82,UPI,Same Day,Completed
O0001274,U000948,S0000248,P000147,2024-12-25,5,35.93,25,134.74,125.65,9.09,PayPal,Same Day,Returned
O0001275,U001057,S0005623,P000246,2025-02-18,3,138.11,0,414.33,257.28,157.05,PayPal,Same Day,Completed
O0001276,U000075,S0004953,P000165,2024-07-30,1,27.06,20,21.65,14.11,7.54,UPI,Standard,Returned
O0001277,U001220,S0005995,P000652,2024-04-24,2,54.56,15,92.75,58.88,33.87,Net Banking,Same Day,Completed
O0001278,U000839,S0003256,P000415,2024-09-20,5,9.07,25,34.01,23.45,10.56,Credit Card,Standard,Completed
O0001279,U000001,S0005606,P000635,2025-12-30,3,20.81,15,53.07,41.85,11.22,UPI,Same Day,Cancelled
O0001280,U001336,S0004565,P000960,2025-04-30,2,86.0,0,172.0,113.1,58.9,Credit Card,Standard,Cancelled
O0001281,U001898,S0008442,P000702,2024-08-31,2,30.11,10,54.2,32.58,21.62,PayPal,Express,Completed
O0001282,U001263,S0002614,P000496,2025-02-23,3,32.44,0,97.32,58.35,38.97,Debit Card,Standard,Completed
O0001283,U001933,S0007341,P000700,2024-05-13,2,49.85,0,99.7,55.38,44.32,Net Banking,Standard,Returned
O0001284,U001773,S0007650,P000316,2024-07-04,5,464.58,15,1974.46,1126.15,848.31,Debit Card,Express,Completed
O0001285,U000206,S0004104,P000058,2024-11-06,5,227.66,0,1138.3,714.35,423.95,PayPal,Standard,Completed
O0001286,U001501,S0007517,P000632,2025-04-23,5,98.67,0,493.35,348.95,144.4,Credit Card,Express,Completed
O0001287,U001089,S0004595,P000631,2025-03-11,4,649.98,10,2339.93,1656.92,683.01,PayPal,Same Day,Completed
O0001288,U001351,S0002848,P000926,2024-10-28,3,139.28,0,417.84,263.01,154.83,Debit Card,Express,Completed
O0001289,U000435,S0003924,P000824,2025-11-28,4,180.28,20,576.9,325.64,251.26,PayPal,Express,Completed
O0001290,U001806,S0006264,P000924,2025-12-04,2,80.48,20,128.77,106.46,22.31,Debit Card,Express,Completed
O0001291,U000708,S0002891,P000728,2024-07-28,5,313.49,0,1567.45,895.55,671.9,UPI,Same Day,Completed
O0001292,U001006,S0003789,P000486,2025-11-01,1,144.34,25,108.25,79.66,28.59,PayPal,Same Day,Completed
O0001293,U001965,S0000620,P000229,2024-02-26,4,70.39,10,253.4,138.16,115.24,UPI,Express,Completed
O0001294,U000420,S0000056,P000664,2025-08-04,5,1623.9,0,8119.5,5560.05,2559.45,Credit Card,Express,Completed
O0001295,U000366,S0003531,P000797,2025-01-05,1,51.34,15,43.64,23.35,20.29,UPI,Same Day,Completed
O0001296,U001658,S0002713,P000428,2025-08-15,5,177.16,25,664.35,461.75,202.6,PayPal,Same Day,Cancelled
O0001297,U000615,S0003291,P000607,2024-12-17,1,98.13,10,88.32,64.48,23.84,Debit Card,Standard,Cancelled
O0001298,U001601,S0005765,P000576,2024-02-07,5,582.28,15,2474.69,1409.0,1065.69,Debit Card,Same Day,Completed
O0001299,U000890,S0001402,P000454,2024-07-06,4,133.44,25,400.32,334.68,65.64,Debit Card,Express,Completed
O0001300,U000442,S0007412,P000985,2025-03-01,4,59.67,10,214.81,168.72,46.09,UPI,Same Day,Completed
O0001301,U000156,S0009336,P000338,2025-10-04,3,40.06,25,90.14,60.84,29.3,Debit Card,Same Day,Completed
O0001302,U001889,S0001468,P000607,2024-09-23,3,98.13,20,235.51,193.44,42.07,Credit Card,Express,Completed
O0001303,U001990,S0004822,P000115,2025-03-02,4,123.88,15,421.19,364.12,57.07,Credit Card,Same Day,Returned
O0001304,U001677,S0005293,P000125,2025-03-02,5,22.3,5,105.92,71.35,34.57,Net Banking,Standard,Returned
O0001305,U001861,S0004852,P000375,2024-09-26,2,1805.89,20,2889.42,1922.16,967.26,UPI,Express,Completed
O0001306,U001708,S0000370,P000473,2024-07-20,4,379.51,25,1138.53,686.36,452.17,Credit Card,Standard,Completed
O0001307,U000863,S0009930,P000630,2025-10-23,1,382.23,20,305.78,255.36,50.42,Credit Card,Same Day,Completed
O0001308,U000461,S0005536,P000381,2024-04-07,2,186.26,25,279.39,199.22,80.17,Debit Card,Same Day,Completed
O0001309,U001798,S0003062,P000185,2024-07-10,1,327.56,5,311.18,217.85,93.33,PayPal,Standard,Completed
O0001310,U000530,S0008932,P000397,2025-05-13,3,1821.11,10,4917.0,3756.78,1160.22,UPI,Express,Completed
O0001311,U000248,S0002722,P000153,2024-04-04,5,55.67,15,236.6,151.15,85.45,Debit Card,Express,Completed
O0001312,U001229,S0006470,P000493,2025-11-07,5,603.88,20,2415.52,1474.9,940.62,Net Banking,Express,Completed
O0001313,U001739,S0001084,P000024,2025-04-26,2,216.72,15,368.42,266.6,101.82,Debit Card,Same Day,Completed
O0001314,U001882,S0009435,P000735,2025-08-20,2,90.25,5,171.47,101.06,70.41,PayPal,Express,Returned
O0001315,U001306,S0001623,P000716,2025-10-09,3,140.75,15,358.91,214.89,144.02,Debit Card,Same Day,Completed
O0001316,U000163,S0007564,P000120,2025-04-10,2,52.64,30,73.7,51.94,21.76,Debit Card,Express,Completed
O0001317,U001868,S0002334,P000538,2025-05-11,5,60.11,0,300.55,176.6,123.95,Net Banking,Express,Completed
O0001318,U000489,S0000766,P000071,2025-08-09,3,107.06,15,273.0,167.97,105.03,Net Banking,Express,Cancelled
O0001319,U001064,S0004349,P000811,2024-12-01,3,1361.16,10,3675.13,2657.73,1017.4,Credit Card,Express,Completed
O0001320,U001556,S0002015,P000328,2024-11-25,2,359.4,30,503.16,403.78,99.38,UPI,Same Day,Returned
O0001321,U000303,S0007646,P000115,2025-02-24,2,123.88,15,210.6,182.06,28.54,UPI,Same Day,Completed
O0001322,U001419,S0005522,P000924,2025-09-18,5,80.48,20,321.92,266.15,55.77,Credit Card,Standard,Completed
O0001323,U001525,S0005241,P000128,2025-06-22,5,43.71,0,218.55,129.45,89.1,Debit Card,Same Day,Cancelled
O0001324,U001407,S0001900,P000900,2024-09-27,5,69.74,25,261.52,243.35,18.17,Net Banking,Standard,Cancelled
O0001325,U000163,S0006193,P000752,2024-08-16,3,195.57,20,469.37,319.17,150.2,Debit Card,Same Day,Completed
O0001326,U000585,S0008239,P000029,2024-11-05,3,48.42,0,145.26,67.11,78.15,PayPal,Same Day,Cancelled
O0001327,U001389,S0007441,P000903,2025-09-22,3,70.51,30,148.07,140.22,7.85,PayPal,Express,Completed
O0001328,U000308,S0003056,P000251,2025-11-22,2,2307.41,15,3922.6,2802.66,1119.94,UPI,Same Day,Completed
O0001329,U001683,S0009725,P000620,2024-06-05,5,360.58,25,1352.17,1255.25,96.92,Credit Card,Express,Returned
O0001330,U000566,S0002820,P000179,2025-10-21,3,363.49,20,872.38,515.85,356.53,Credit Card,Same Day,Completed
O0001331,U000383,S0003512,P000739,2025-12-11,2,37.77,15,64.21,52.32,11.89,Credit Card,Same Day,Completed
O0001332,U000131,S0000448,P000642,2024-02-24,3,2250.82,30,4726.72,3477.84,1248.88,Credit Card,Standard,Cancelled
O0001333,U000457,S0000802,P000223,2024-12-13,1,81.36,0,81.36,39.87,41.49,UPI,Same Day,Cancelled
O0001334,U001201,S0006538,P000387,2025-06-11,2,19.61,20,31.38,27.9,3.48,UPI,Same Day,Completed
O0001335,U000196,S0000979,P000336,2025-12-24,3,238.41,25,536.42,349.5,186.92,PayPal,Same Day,Completed
O0001336,U001428,S0008916,P000366,2025-07-17,2,73.31,0,146.62,106.18,40.44,UPI,Express,Completed
O0001337,U001074,S0003646,P000099,2024-12-01,4,105.4,20,337.28,199.88,137.4,Net Banking,Same Day,Cancelled
O0001338,U000765,S0008036,P000633,2025-01-03,4,152.69,0,610.76,418.24,192.52,UPI,Standard,Completed
O0001339,U000728,S0006727,P000557,2024-08-19,1,550.25,5,522.74,294.5,228.24,UPI,Same Day,Returned
O0001340,U000162,S0001197,P000025,2024-02-20,2,154.78,5,294.08,219.6,74.48,PayPal,Express,Completed
O0001341,U000388,S0005999,P000472,2024-03-02,2,13.08,0,26.16,12.82,13.34,Debit Card,Standard,Returned
O0001342,U001375,S0001631,P000743,2024-07-31,5,124.04,0,620.2,353.95,266.25,Net Banking,Standard,Completed
O0001343,U001168,S0009599,P000961,2024-12-14,4,45.7,5,173.66,118.12,55.54,PayPal,Same Day,Completed
O0001344,U001771,S0004670,P000851,2025-05-01,4,246.11,5,935.22,620.04,315.18,UPI,Standard,Completed
O0001345,U000637,S0001326,P000899,2025-05-17,3,64.1,10,173.07,113.91,59.16,UPI,Standard,Returned
O0001346,U001987,S0003340,P000564,2025-10-09,5,145.88,15,619.99,527.3,92.69,UPI,Express,Completed
O0001347,U000072,S0009416,P000013,2025-07-10,2,1914.56,15,3254.75,2606.02,648.73,PayPal,Standard,Completed
O0001348,U001964,S0008018,P000611,2025-07-03,3,37.09,10,100.14,66.06,34.08,Net Banking,Standard,Completed
O0001349,U000604,S0003667,P000707,2025-03-20,2,149.46,30,209.24,185.24,24.0,Credit Card,Same Day,Completed
O0001350,U001399,S0008828,P000137,2024-03-29,2,58.32,30,81.65,56.36,25.29,Debit Card,Same Day,Completed
O0001351,U000644,S0006458,P000046,2024-05-27,5,232.05,15,986.21,724.0,262.21,UPI,Same Day,Completed
O0001352,U000458,S0001500,P000883,2024-06-24,4,69.08,20,221.06,148.72,72.34,Credit Card,Same Day,Cancelled
O0001353,U001821,S0000977,P000978,2024-06-25,5,200.64,15,852.72,505.95,346.77,Net Banking,Same Day,Returned
O0001354,U001752,S0006496,P000037,2024-05-06,5,147.28,0,736.4,354.1,382.3,Debit Card,Express,Completed
O0001355,U001938,S0009181,P000765,2025-08-03,5,765.19,30,2678.16,2699.4,-21.24,UPI,Same Day,Returned
O0001356,U001203,S0007316,P000883,2024-07-10,1,69.08,25,51.81,37.18,14.63,PayPal,Express,Cancelled
O0001357,U001443,S0002986,P000024,2025-12-01,1,216.72,15,184.21,133.3,50.91,Net Banking,Same Day,Completed
O0001358,U001321,S0006826,P000340,2024-04-20,2,445.79,15,757.84,541.86,215.98,UPI,Express,Completed
O0001359,U000214,S0001518,P000724,2025-04-02,2,492.93,15,837.98,570.22,267.76,PayPal,Same Day,Completed
O0001360,U000477,S0008842,P000967,2024-03-10,1,22.22,10,20.0,15.65,4.35,UPI,Same Day,Completed
O0001361,U000261,S0008173,P000882,2025-03-02,1,73.1,30,51.17,44.57,6.6,Net Banking,Express,Cancelled
O0001362,U001832,S0001932,P000980,2025-04-01,3,18.95,0,56.85,39.87,16.98,UPI,Same Day,Completed
O0001363,U001746,S0004145,P000059,2025-04-23,2,312.6,5,593.94,321.04,272.9,Debit Card,Express,Returned
O0001364,U001398,S0004459,P000103,2025-07-28,3,315.3,10,851.31,619.5,231.81,UPI,Standard,Completed
O0001365,U001445,S0005116,P000675,2024-07-22,2,1170.48,30,1638.67,1209.62,429.05,Net Banking,Standard,Cancelled
O0001366,U000418,S0001240,P000397,2024-04-20,2,1821.11,25,2731.66,2504.52,227.14,Debit Card,Express,Completed
O0001367,U001937,S0001750,P000168,2024-12-19,2,151.64,25,227.46,194.32,33.14,Net Banking,Same Day,Completed
O0001368,U001234,S0005057,P000431,2025-09-17,3,592.04,20,1420.9,862.86,558.04,Credit Card,Express,Returned
O0001369,U000650,S0000424,P000645,2025-07-16,3,48.41,10,130.71,82.02,48.69,UPI,Express,Completed
O0001370,U001495,S0001524,P000496,2025-08-21,2,32.44,15,55.15,38.9,16.25,UPI,Standard,Completed
O0001371,U001461,S0004177,P000908,2024-05-09,4,538.33,15,1830.32,1012.12,818.2,Net Banking,Standard,Completed
O0001372,U001239,S0005957,P000875,2025-09-02,4,441.77,30,1236.96,1277.88,-40.92,Net Banking,Same Day,Completed
O0001373,U001203,S0007316,P000079,2024-07-10,1,146.47,30,102.53,68.56,33.97,Net Banking,Standard,Completed
O0001374,U001458,S0006459,P000485,2024-12-18,1,71.82,5,68.23,38.66,29.57,UPI,Standard,Cancelled
O0001375,U000675,S0007647,P000704,2024-04-15,5,449.79,10,2024.06,1040.5,983.56,Debit Card,Standard,Completed
O0001376,U000849,S0009610,P000243,2024-10-15,4,57.17,5,217.25,151.2,66.05,Net Banking,Same Day,Completed
O0001377,U001902,S0004214,P000910,2024-06-24,5,20.71,15,88.02,47.45,40.57,UPI,Express,Cancelled
O0001378,U000365,S0009261,P000640,2025-03-28,3,28.5,15,72.67,38.76,33.91,Net Banking,Same Day,Completed
O0001379,U001459,S0006123,P000381,2025-02-07,3,186.26,30,391.15,298.83,92.32,PayPal,Standard,Completed
O0001380,U001841,S0000993,P000008,2024-09-12,3,377.87,15,963.57,601.92,361.65,PayPal,Express,Completed
O0001381,U001206,S0005581,P000593,2024-01-27,2,126.49,5,240.33,128.56,111.77,UPI,Same Day,Completed
O0001382,U001216,S0000508,P000708,2025-04-29,1,182.86,30,128.0,90.3,37.7,Net Banking,Express,Completed
O0001383,U001140,S0001123,P000940,2025-10-03,1,130.68,5,124.15,68.51,55.64,Credit Card,Standard,Completed
O0001384,U000297,S0001096,P000952,2024-10-01,1,223.11,30,156.18,109.69,46.49,Net Banking,Standard,Completed
O0001385,U001557,S0001479,P000114,2025-06-09,2,52.67,20,84.27,48.84,35.43,Debit Card,Same Day,Completed
O0001386,U001257,S0004273,P000416,2025-07-14,2,47.48,10,85.46,49.04,36.42,Debit Card,Standard,Completed
O0001387,U001396,S0006986,P000690,2024-03-03,1,83.56,25,62.67,57.39,5.28,Credit Card,Standard,Returned
O0001388,U001123,S0007064,P000532,2024-07-31,3,26.23,15,66.89,45.09,21.8,UPI,Same Day,Completed
O0001389,U000974,S0008524,P000785,2025-10-31,3,290.21,25,652.97,617.85,35.12,Debit Card,Standard,Completed
O0001390,U000864,S0004869,P000500,2025-08-22,3,58.22,25,131.0,121.23,9.77,Credit Card,Standard,Completed
O0001391,U000248,S0006975,P000257,2025-06-08,5,429.24,0,2146.2,1401.7,744.5,PayPal,Express,Completed
O0001392,U001749,S0001013,P000819,2025-12-12,1,440.57,5,418.54,293.62,124.92,Debit Card,Standard,Completed
O0001393,U000734,S0006549,P000628,2024-08-21,4,77.03,5,292.71,145.88,146.83,Credit Card,Express,Completed
O0001394,U000536,S0002270,P000958,2024-06-12,4,67.72,0,270.88,198.64,72.24,Net Banking,Same Day,Cancelled
O0001395,U000082,S0007905,P000815,2025-06-19,1,17.84,5,16.95,9.45,7.5,UPI,Standard,Completed
O0001396,U000187,S0009750,P000908,2025-04-11,2,538.33,15,915.16,506.06,409.1,UPI,Standard,Completed
O0001397,U000445,S0006546,P000558,2025-09-03,3,1701.88,30,3573.95,3313.02,260.93,Net Banking,Standard,Completed
O0001398,U000838,S0007817,P000549,2024-11-07,4,57.06,25,171.18,135.28,35.9,Credit Card,Standard,Cancelled
O0001399,U000248,S0003699,P000842,2024-06-09,3,287.48,0,862.44,489.0,373.44,Debit Card,Same Day,Cancelled
O0001400,U000915,S0004140,P000239,2024-01-13,5,429.19,20,1716.76,1159.3,557.46,PayPal,Express,Returned
O0001401,U000750,S0004576,P000788,2024-07-10,5,117.59,25,440.96,375.8,65.16,Net Banking,Express,Completed
O0001402,U001191,S0006485,P000380,2024-09-09,5,40.55,25,152.06,109.6,42.46,PayPal,Express,Completed
O0001403,U000512,S0000999,P000705,2025-08-14,4,16.44,25,49.32,29.64,19.68,Net Banking,Standard,Completed
O0001404,U000844,S0004385,P000736,2024-12-23,5,59.58,20,238.32,170.85,67.47,Debit Card,Express,Completed
O0001405,U001807,S0009597,P000956,2025-08-10,3,219.34,25,493.51,467.82,25.69,Credit Card,Express,Completed
O0001406,U000868,S0009372,P000574,2024-04-24,4,139.09,20,445.09,414.56,30.53,Debit Card,Express,Cancelled
O0001407,U001035,S0009382,P000267,2024-08-19,5,675.67,0,3378.35,1905.3,1473.05,UPI,Express,Completed
O0001408,U001114,S0005053,P000755,2025-07-02,3,24.02,5,68.46,46.38,22.08,Credit Card,Express,Returned
O0001409,U001391,S0005164,P000352,2024-07-10,3,71.4,10,192.78,102.09,90.69,Credit Card,Express,Cancelled
O0001410,U000772,S0002559,P000009,2024-05-31,4,24.4,5,92.72,51.76,40.96,UPI,Express,Completed
O0001411,U000743,S0000743,P000353,2024-01-06,3,176.36,5,502.63,293.73,208.9,PayPal,Standard,Completed
O0001412,U000923,S0003129,P000460,2024-03-05,5,306.21,5,1454.5,1101.55,352.95,UPI,Express,Completed
O0001413,U000003,S0009840,P000797,2025-05-02,2,51.34,20,82.14,46.7,35.44,Net Banking,Same Day,Completed
O0001414,U001224,S0008766,P000472,2024-01-25,2,13.08,5,24.85,12.82,12.03,UPI,Same Day,Cancelled
O0001415,U000754,S0004759,P000544,2025-01-18,3,461.4,5,1314.99,927.81,387.18,Credit Card,Standard,Completed
O0001416,U000063,S0005964,P000894,2024-12-20,1,39.38,20,31.5,20.48,11.02,UPI,Standard,Completed
O0001417,U001098,S0005727,P000318,2025-11-27,3,700.67,15,1786.71,1408.11,378.6,PayPal,Express,Cancelled
O0001418,U000996,S0006792,P000771,2025-01-02,4,23.34,20,74.69,43.64,31.05,PayPal,Same Day,Returned
O0001419,U000417,S0001172,P000793,2024-09-13,3,341.76,20,820.22,678.03,142.19,Debit Card,Same Day,Returned
O0001420,U001999,S0003329,P000912,2024-12-17,3,31.99,30,67.18,45.57,21.61,PayPal,Express,Cancelled
O0001421,U000299,S0004407,P000522,2024-06-09,3,79.59,15,202.95,121.71,81.24,Credit Card,Express,Completed
O0001422,U001204,S0000266,P000092,2025-09-21,2,162.48,15,276.22,172.88,103.34,Credit Card,Same Day,Completed
O0001423,U000616,S0005976,P000031,2024-08-24,4,298.91,0,1195.64,564.32,631.32,UPI,Standard,Completed
O0001424,U000834,S0000557,P000008,2025-11-17,4,377.87,5,1435.91,802.56,633.35,Debit Card,Standard,Returned
O0001425,U001749,S0001880,P000607,2025-01-06,5,98.13,15,417.05,322.4,94.65,Credit Card,Standard,Completed
O0001426,U001941,S0005512,P000492,2025-11-22,3,225.55,30,473.66,483.33,-9.67,Debit Card,Standard,Returned
O0001427,U000562,S0000006,P000695,2025-02-02,1,405.8,5,385.51,271.3,114.21,Net Banking,Same Day,Cancelled
O0001428,U000875,S0000366,P000805,2024-12-29,1,62.73,20,50.18,45.34,4.84,Credit Card,Same Day,Completed
O0001429,U001218,S0007445,P000108,2025-11-13,1,119.36,10,107.42,62.69,44.73,Debit Card,Express,Completed
O0001430,U000165,S0008654,P000143,2024-10-29,1,52.49,0,52.49,31.98,20.51,Net Banking,Same Day,Completed
O0001431,U000321,S0004204,P000063,2025-10-14,3,348.35,10,940.55,770.67,169.88,Credit Card,Express,Cancelled
O0001432,U001364,S0007149,P000894,2025-04-29,2,39.38,0,78.76,40.96,37.8,Credit Card,Standard,Returned
O0001433,U001762,S0006573,P000403,2024-08-22,3,583.01,5,1661.58,1261.8,399.78,PayPal,Same Day,Completed
O0001434,U000790,S0006196,P000486,2025-04-05,3,144.34,0,433.02,238.98,194.04,UPI,Same Day,Completed
O0001435,U000040,S0009204,P000083,2024-12-28,2,461.83,15,785.11,495.62,289.49,PayPal,Express,Cancelled
O0001436,U000350,S0006163,P000590,2025-08-09,3,180.06,20,432.14,401.76,30.38,Credit Card,Standard,Cancelled
O0001437,U000081,S0002702,P000023,2024-01-06,2,600.24,20,960.38,733.36,227.02,Net Banking,Express,Completed
O0001438,U000432,S0004032,P000135,2024-11-20,3,183.18,5,522.06,375.36,146.7,Debit Card,Standard,Completed
O0001439,U001466,S0004221,P000740,2025-12-22,2,16.66,30,23.32,17.98,5.34,Net Banking,Standard,Cancelled
O0001440,U000843,S0006515,P000401,2025-11-04,1,57.76,25,43.32,31.11,12.21,Net Banking,Express,Completed
O0001441,U000959,S0007648,P000259,2025-08-13,3,59.61,30,125.18,106.8,18.38,PayPal,Same Day,Returned
O0001442,U001322,S0006503,P000398,2024-03-11,1,196.39,30,137.47,129.01,8.46,UPI,Standard,Completed
O0001443,U001098,S0007240,P000277,2025-11-06,2,173.09,10,311.56,227.48,84.08,Debit Card,Same Day,Cancelled
O0001444,U000546,S0003037,P000518,2025-05-11,2,2434.98,10,4382.96,2603.64,1779.32,PayPal,Express,Returned
O0001445,U001099,S0001153,P000309,2024-07-18,5,46.5,20,186.0,146.5,39.5,UPI,Express,Completed
O0001446,U000648,S0007597,P000922,2025-03-14,3,212.63,10,574.1,463.98,110.12,Net Banking,Express,Completed
O0001447,U001191,S0005016,P000669,2024-02-26,5,57.7,10,259.65,188.4,71.25,PayPal,Express,Returned
O0001448,U000677,S0004764,P000787,2025-10-16,2,202.7,15,344.59,206.74,137.85,Debit Card,Standard,Completed
O0001449,U001476,S0006517,P000987,2025-06-30,2,69.55,0,139.1,91.58,47.52,Credit Card,Standard,Completed
O0001450,U000618,S0003336,P000188,2024-07-01,2,18.21,15,30.96,26.84,4.12,Debit Card,Express,Completed
O0001451,U000568,S0000691,P000527,2024-11-15,1,2009.95,30,1406.96,980.35,426.61,UPI,Express,Completed
O0001452,U001516,S0007581,P000488,2025-11-03,1,108.11,20,86.49,57.19,29.3,Net Banking,Express,Completed
O0001453,U001803,S0005100,P000409,2024-01-12,5,360.94,15,1533.99,846.4,687.59,Debit Card,Express,Completed
O0001454,U000690,S0006711,P000506,2025-03-16,1,483.8,30,338.66,277.8,60.86,Net Banking,Same Day,Completed
O0001455,U000433,S0004808,P000744,2025-08-19,4,1323.13,30,3704.76,3430.84,273.92,PayPal,Express,Completed
O0001456,U000806,S0002718,P000606,2024-10-06,4,226.79,15,771.09,421.96,349.13,UPI,Same Day,Completed
O0001457,U000282,S0001658,P000424,2025-04-11,3,56.5,15,144.07,123.12,20.95,Credit Card,Standard,Returned
O0001458,U000989,S0002360,P000721,2025-03-23,2,43.02,5,81.74,41.48,40.26,Debit Card,Same Day,Returned
O0001459,U000214,S0002272,P000676,2024-07-16,1,117.6,0,117.6,54.11,63.49,Debit Card,Express,Completed
O0001460,U000861,S0009220,P000810,2025-01-24,4,14.28,15,48.55,29.56,18.99,Credit Card,Same Day,Completed
O0001461,U001914,S0000638,P000558,2025-06-17,3,1701.88,15,4339.79,3313.02,1026.77,Net Banking,Standard,Completed
O0001462,U001791,S0005873,P000195,2025-03-06,2,28.45,5,54.05,38.64,15.41,Debit Card,Standard,Completed
O0001463,U001531,S0006265,P000195,2024-12-19,4,28.45,25,85.35,77.28,8.07,PayPal,Same Day,Completed
O0001464,U000011,S0002966,P000212,2025-05-20,5,468.52,15,1991.21,1543.45,447.76,UPI,Standard,Returned
O0001465,U001253,S0006499,P000682,2024-03-30,4,61.18,30,171.3,123.0,48.3,UPI,Same Day,Returned
O0001466,U001806,S0002734,P000048,2025-03-11,5,135.58,0,677.9,345.55,332.35,UPI,Express,Completed
O0001467,U000783,S0009490,P000077,2025-04-04,1,22.87,15,19.44,11.32,8.12,Debit Card,Express,Completed
O0001468,U000061,S0003304,P000887,2025-09-23,3,22.58,10,60.97,34.92,26.05,PayPal,Express,Cancelled
O0001469,U001836,S0008409,P000432,2025-10-18,3,274.49,15,699.95,545.88,154.07,Net Banking,Express,Returned
O0001470,U001908,S0009939,P000382,2025-06-16,2,22.4,15,38.08,28.98,9.1,PayPal,Same Day,Completed
O0001471,U000984,S0003311,P000815,2025-05-25,4,17.84,10,64.22,37.8,26.42,Net Banking,Same Day,Completed
O0001472,U001705,S0005520,P000076,2025-10-07,5,70.59,25,264.71,250.05,14.66,Net Banking,Same Day,Completed
O0001473,U001758,S0001603,P000819,2025-11-21,2,440.57,0,881.14,587.24,293.9,UPI,Standard,Returned
O0001474,U000621,S0003695,P000162,2024-05-06,5,136.17,10,612.76,387.35,225.41,PayPal,Same Day,Cancelled
O0001475,U001254,S0000721,P000513,2024-04-20,3,21.53,0,64.59,46.92,17.67,PayPal,Same Day,Completed
O0001476,U000583,S0007488,P000852,2025-08-08,1,557.81,30,390.47,344.02,46.45,Net Banking,Standard,Returned
O0001477,U000215,S0001353,P000338,2025-03-09,1,40.06,30,28.04,20.28,7.76,Credit Card,Express,Completed
O0001478,U000095,S0003281,P000158,2024-04-22,2,182.7,25,274.05,270.72,3.33,UPI,Standard,Completed
O0001479,U001512,S0009758,P000023,2025-10-01,1,600.24,0,600.24,366.68,233.56,Credit Card,Express,Completed
O0001480,U000210,S0003990,P000645,2024-12-26,3,48.41,30,101.66,82.02,19.64,Net Banking,Standard,Completed
O0001481,U000211,S0008048,P000036,2024-05-30,2,253.69,0,507.38,316.98,190.4,PayPal,Same Day,Cancelled
O0001482,U000763,S0002472,P000893,2024-05-13,5,2081.37,15,8845.82,7049.0,1796.82,Debit Card,Same Day,Cancelled
O0001483,U001539,S0005753,P000462,2025-05-16,4,164.43,30,460.4,337.72,122.68,Credit Card,Same Day,Completed
O0001484,U001437,S0008933,P000364,2024-12-12,3,272.13,20,653.11,563.43,89.68,Credit Card,Express,Completed
O0001485,U001124,S0006885,P000767,2025-09-28,3,55.73,25,125.39,118.47,6.92,PayPal,Same Day,Completed
O0001486,U000360,S0003791,P000315,2024-05-19,3,111.49,0,334.47,209.37,125.1,PayPal,Express,Cancelled
O0001487,U000504,S0003059,P000702,2024-11-17,2,30.11,30,42.15,32.58,9.57,Debit Card,Standard,Completed
O0001488,U000466,S0002105,P000241,2025-02-01,3,209.06,0,627.18,291.93,335.25,Debit Card,Standard,Completed
O0001489,U000743,S0002186,P000159,2025-10-16,3,19.55,5,55.72,38.34,17.38,Debit Card,Express,Returned
O0001490,U000118,S0003666,P000619,2025-02-16,3,303.88,10,820.48,577.47,243.01,UPI,Same Day,Completed
O0001491,U001564,S0001320,P000459,2025-04-19,1,147.28,10,132.55,80.59,51.96,UPI,Standard,Completed
O0001492,U000128,S0001847,P000331,2024-02-10,1,150.5,5,142.97,86.08,56.89,PayPal,Standard,Cancelled
O0001493,U001785,S0004913,P000740,2025-04-01,4,16.66,0,66.64,35.96,30.68,Debit Card,Standard,Completed
O0001494,U001062,S0001221,P000781,2024-08-21,3,14.34,30,30.11,24.18,5.93,UPI,Same Day,Returned
O0001495,U001687,S0005841,P000703,2025-01-13,1,134.65,10,121.19,97.53,23.66,Credit Card,Standard,Completed
O0001496,U000887,S0006398,P000011,2024-11-11,5,149.63,10,673.34,367.7,305.64,UPI,Express,Completed
O0001497,U000279,S0001043,P000366,2025-01-15,4,73.31,20,234.59,212.36,22.23,Debit Card,Standard,Completed
O0001498,U000246,S0008881,P000473,2025-04-06,2,379.51,10,683.12,343.18,339.94,Net Banking,Standard,Completed
O0001499,U000426,S0008067,P000184,2025-03-04,2,64.28,25,96.42,58.86,37.56,Credit Card,Same Day,Returned
O0001500,U001748,S0000682,P000908,2024-12-09,5,538.33,10,2422.49,1265.15,1157.34,Debit Card,Standard,Completed
O0001501,U000961,S0007906,P000622,2024-11-13,3,316.91,10,855.66,691.5,164.16,PayPal,Express,Returned
O0001502,U000369,S0001634,P000812,2025-12-01,4,197.72,0,790.88,580.68,210.2,Debit Card,Express,Completed
O0001503,U001170,S0008448,P000877,2025-08-06,1,5.74,20,4.59,3.2,1.39,UPI,Same Day,Completed
O0001504,U001660,S0008847,P000275,2024-03-03,3,787.13,5,2243.32,1542.57,700.75,Debit Card,Standard,Completed
O0001505,U000140,S0003995,P000908,2025-07-21,4,538.33,30,1507.32,1012.12,495.2,Debit Card,Same Day,Completed
O0001506,U001570,S0007013,P000247,2024-09-04,1,403.64,0,403.64,202.13,201.51,Net Banking,Standard,Returned
O0001507,U001461,S0004291,P000410,2024-05-27,5,40.15,30,140.52,116.4,24.12,PayPal,Same Day,Completed
O0001508,U001283,S0003607,P000103,2024-05-24,4,315.3,20,1008.96,826.0,182.96,Credit Card,Standard,Completed
O0001509,U001622,S0003116,P000153,2025-07-29,1,55.67,25,41.75,30.23,11.52,PayPal,Express,Cancelled
O0001510,U001222,S0001596,P000106,2025-11-05,5,33.6,10,151.2,93.7,57.5,Debit Card,Standard,Completed
O0001511,U001688,S0002287,P000606,2024-07-24,2,226.79,5,430.9,210.98,219.92,Net Banking,Standard,Returned
O0001512,U001706,S0009447,P000305,2024-10-21,2,245.67,5,466.77,236.32,230.45,Net Banking,Standard,Completed
O0001513,U001770,S0007970,P000221,2025-01-11,5,777.44,30,2721.04,2133.65,587.39,PayPal,Standard,Completed
O0001514,U001605,S0000050,P000034,2025-02-25,4,72.9,30,204.12,205.24,-1.12,UPI,Standard,Returned
O0001515,U001813,S0001213,P000222,2025-02-20,3,248.74,15,634.29,371.55,262.74,UPI,Standard,Completed
O0001516,U001417,S0001349,P000743,2025-06-17,5,124.04,30,434.14,353.95,80.19,PayPal,Standard,Returned
O0001517,U000782,S0006523,P000730,2025-07-26,2,189.28,20,302.85,207.48,95.37,Net Banking,Same Day,Completed
O0001518,U001742,S0003101,P000267,2024-02-17,1,675.67,15,574.32,381.06,193.26,Net Banking,Standard,Completed
O0001519,U001627,S0002749,P000834,2025-12-31,1,116.67,15,99.17,70.17,29.0,Net Banking,Standard,Completed
O0001520,U000822,S0000938,P000839,2025-10-11,1,29.03,10,26.13,18.19,7.94,Net Banking,Express,Completed
O0001521,U000477,S0000083,P000700,2024-08-27,1,49.85,0,49.85,27.69,22.16,Net Banking,Same Day,Completed
O0001522,U000062,S0005770,P000006,2025-10-25,3,62.98,0,188.94,140.88,48.06,Debit Card,Express,Completed
O0001523,U001185,S0007283,P000415,2024-08-10,2,9.07,0,18.14,9.38,8.76,UPI,Express,Completed
O0001524,U001087,S0003033,P000433,2025-05-30,2,1495.79,25,2243.68,1667.58,576.1,Net Banking,Standard,Completed
O0001525,U001426,S0005150,P000453,2024-10-27,4,251.4,20,804.48,721.4,83.08,Credit Card,Same Day,Completed
O0001526,U001561,S0007010,P000266,2024-01-26,1,368.82,0,368.82,220.83,147.99,Credit Card,Express,Completed
O0001527,U001866,S0001681,P000083,2025-02-22,3,461.83,10,1246.94,743.43,503.51,Net Banking,Standard,Completed
O0001528,U000133,S0001360,P000291,2024-06-10,1,36.41,20,29.13,27.2,1.93,Debit Card,Same Day,Completed
O0001529,U001187,S0003616,P000221,2025-03-07,5,777.44,0,3887.2,2133.65,1753.55,UPI,Express,Returned
O0001530,U001271,S0006321,P000529,2024-03-21,1,127.62,30,89.33,79.13,10.2,Net Banking,Express,Completed
O0001531,U000860,S0002596,P000846,2024-02-01,5,197.89,30,692.61,487.5,205.11,Debit Card,Same Day,Returned
O0001532,U000493,S0002613,P000036,2024-12-16,3,253.69,30,532.75,475.47,57.28,Credit Card,Express,Completed
O0001533,U000183,S0006518,P000449,2025-08-13,1,302.88,25,227.16,222.76,4.4,UPI,Same Day,Completed
O0001534,U000924,S0007937,P000919,2024-12-27,3,14.06,10,37.96,21.69,16.27,UPI,Same Day,Returned
O0001535,U001996,S0003372,P000761,2025-12-22,3,163.98,0,491.94,314.37,177.57,Net Banking,Standard,Completed
O0001536,U001336,S0009281,P000487,2025-06-08,1,1639.11,5,1557.15,1226.48,330.67,Credit Card,Express,Completed
O0001537,U000091,S0005741,P000033,2025-09-04,1,378.94,0,378.94,188.19,190.75,PayPal,Express,Completed
O0001538,U001067,S0009374,P000531,2025-11-05,3,501.85,30,1053.88,822.33,231.55,Net Banking,Standard,Completed
O0001539,U000539,S0008382,P000909,2024-02-02,4,28.37,30,79.44,54.64,24.8,UPI,Standard,Returned
O0001540,U001333,S0008805,P000785,2024-02-23,2,290.21,20,464.34,411.9,52.44,PayPal,Express,Returned
O0001541,U000204,S0006327,P000195,2025-03-25,4,28.45,0,113.8,77.28,36.52,Debit Card,Express,Completed
O0001542,U000160,S0002831,P000129,2024-08-17,5,123.65,10,556.43,381.4,175.03,Net Banking,Express,Completed
O0001543,U001465,S0003203,P000769,2025-01-27,1,781.26,25,585.94,406.76,179.18,PayPal,Same Day,Completed
O0001544,U001371,S0008168,P000139,2025-01-08,1,232.41,20,185.93,113.59,72.34,Credit Card,Same Day,Completed
O0001545,U001796,S0000433,P000950,2024-03-06,5,90.77,15,385.77,297.05,88.72,PayPal,Same Day,Completed
O0001546,U001400,S0007319,P000921,2025-07-13,2,1557.34,30,2180.28,2320.22,-139.94,UPI,Same Day,Completed
O0001547,U001971,S0007605,P000782,2024-09-10,4,570.55,10,2053.98,1355.52,698.46,Debit Card,Same Day,Completed
O0001548,U000852,S0009856,P000240,2025-08-28,2,465.12,15,790.7,486.38,304.32,Net Banking,Express,Completed
O0001549,U000246,S0004367,P000945,2025-09-10,1,33.89,30,23.72,19.06,4.66,PayPal,Standard,Returned
O0001550,U001381,S0007882,P000980,2025-09-29,2,18.95,25,28.42,26.58,1.84,Credit Card,Standard,Returned
O0001551,U001214,S0002699,P000784,2024-12-03,5,64.86,5,308.08,218.3,89.78,Credit Card,Same Day,Completed
O0001552,U001496,S0008559,P000810,2025-05-28,2,14.28,30,19.99,14.78,5.21,Debit Card,Express,Cancelled
O0001553,U001625,S0009162,P000581,2024-05-22,4,344.37,30,964.24,747.76,216.48,Net Banking,Standard,Completed
O0001554,U001628,S0007327,P000254,2024-02-17,3,630.74,20,1513.78,1172.73,341.05,Debit Card,Same Day,Cancelled
O0001555,U001615,S0006367,P000663,2024-10-07,1,163.56,15,139.03,99.27,39.76,Credit Card,Same Day,Completed
O0001556,U000724,S0003111,P000525,2024-02-28,1,14.22,20,11.38,9.77,1.61,PayPal,Standard,Completed
O0001557,U001837,S0005781,P000290,2025-10-23,3,616.25,25,1386.56,1136.82,249.74,PayPal,Same Day,Completed
O0001558,U001945,S0008639,P000766,2025-12-22,5,85.15,20,340.6,283.35,57.25,Debit Card,Same Day,Completed
O0001559,U001957,S0002079,P000159,2025-07-23,4,19.55,30,54.74,51.12,3.62,PayPal,Express,Completed
O0001560,U001861,S0006142,P000030,2025-12-19,3,154.84,25,348.39,227.28,121.11,UPI,Express,Completed
O0001561,U000172,S0007185,P000876,2024-09-17,5,22.93,20,91.72,76.85,14.87,Debit Card,Same Day,Completed
O0001562,U000581,S0004078,P000187,2025-04-10,5,112.47,5,534.23,278.85,255.38,UPI,Standard,Completed
O0001563,U000627,S0007969,P000223,2025-05-07,2,81.36,5,154.58,79.74,74.84,Credit Card,Same Day,Completed
O0001564,U001734,S0000584,P000047,2024-12-08,2,200.5,30,280.7,295.92,-15.22,PayPal,Standard,Completed
O0001565,U001520,S0008125,P000944,2025-11-22,2,124.29,30,174.01,111.98,62.03,PayPal,Same Day,Completed
O0001566,U000129,S0001375,P000507,2025-02-09,4,11.0,10,39.6,22.0,17.6,PayPal,Express,Returned
O0001567,U001023,S0004060,P000616,2024-03-31,1,24.02,5,22.82,13.73,9.09,Debit Card,Standard,Completed
O0001568,U001820,S0009280,P000354,2024-09-15,5,1308.74,15,5562.14,3688.1,1874.04,Debit Card,Standard,Completed
O0001569,U001055,S0009450,P000215,2025-09-11,1,72.05,20,57.64,44.83,12.81,Debit Card,Standard,Completed
O0001570,U001712,S0002280,P000673,2024-02-23,3,92.46,25,208.03,198.57,9.46,UPI,Standard,Completed
O0001571,U001145,S0002766,P000558,2025-05-21,3,1701.88,0,5105.64,3313.02,1792.62,Debit Card,Express,Completed
O0001572,U001338,S0009166,P000066,2025-08-08,1,148.73,25,111.55,73.75,37.8,Credit Card,Standard,Completed
O0001573,U000671,S0004739,P000372,2024-01-26,4,144.07,10,518.65,402.08,116.57,Net Banking,Standard,Completed
O0001574,U000355,S0001751,P000529,2025-12-25,3,127.62,10,344.57,237.39,107.18,Debit Card,Express,Completed
O0001575,U000165,S0001275,P000506,2025-08-08,5,483.8,25,1814.25,1389.0,425.25,Debit Card,Same Day,Returned
O0001576,U000262,S0003477,P000277,2024-07-04,2,173.09,25,259.63,227.48,32.15,Net Banking,Same Day,Completed
O0001577,U001353,S0008314,P000244,2025-04-28,1,174.96,30,122.47,97.61,24.86,UPI,Express,Completed
O0001578,U001032,S0002476,P000234,2025-05-31,5,7.52,10,33.84,23.65,10.19,Net Banking,Standard,Completed
O0001579,U000553,S0000324,P000597,2025-11-22,5,119.53,20,478.12,324.2,153.92,PayPal,Express,Completed
O0001580,U000556,S0008543,P000807,2024-12-19,4,175.77,30,492.16,334.56,157.6,Net Banking,Same Day,Completed
O0001581,U000183,S0002447,P000136,2024-07-07,5,79.04,10,355.68,230.4,125.28,Credit Card,Same Day,Completed
O0001582,U001666,S0005288,P000751,2024-03-16,4,74.97,25,224.91,181.92,42.99,Debit Card,Same Day,Completed
O0001583,U000419,S0004577,P000382,2025-10-25,5,22.4,0,112.0,72.45,39.55,Credit Card,Same Day,Cancelled
O0001584,U000991,S0004722,P000359,2025-09-13,1,1560.51,30,1092.36,795.71,296.65,Debit Card,Express,Completed
O0001585,U000680,S0008911,P000860,2024-08-28,3,1748.41,15,4458.45,3094.56,1363.89,Debit Card,Express,Returned
O0001586,U000900,S0006712,P000828,2025-03-03,4,373.91,25,1121.73,860.12,261.61,Credit Card,Same Day,Completed
O0001587,U000045,S0004377,P000953,2025-03-07,5,54.42,0,272.1,161.25,110.85,Debit Card,Same Day,Completed
O0001588,U001589,S0009872,P000311,2025-02-05,5,163.14,30,570.99,384.45,186.54,Credit Card,Standard,Completed
O0001589,U000151,S0001840,P000104,2025-01-01,5,24.15,15,102.64,54.7,47.94,PayPal,Express,Returned
O0001590,U001073,S0007116,P000861,2024-03-17,1,38.66,25,28.99,17.46,11.53,Credit Card,Same Day,Completed
O0001591,U000404,S0005881,P000602,2024-10-03,5,165.76,5,787.36,536.8,250.56,Debit Card,Express,Returned
O0001592,U000564,S0000889,P000727,2025-09-07,3,51.89,5,147.89,88.92,58.97,UPI,Express,Completed
O0001593,U001666,S0009223,P000355,2024-01-12,4,68.43,15,232.66,147.4,85.26,UPI,Standard,Completed
O0001594,U000687,S0008684,P000097,2025-07-04,1,145.08,30,101.56,70.78,30.78,PayPal,Standard,Completed
O0001595,U001190,S0004270,P000328,2025-05-13,2,359.4,0,718.8,403.78,315.02,Debit Card,Express,Returned
O0001596,U001822,S0002412,P000794,2025-10-25,4,204.4,25,613.2,419.68,193.52,Net Banking,Standard,Completed
O0001597,U000795,S0003269,P000134,2024-08-30,4,146.05,15,496.57,278.96,217.61,Credit Card,Express,Completed
O0001598,U000515,S0008822,P000813,2024-06-09,4,138.27,10,497.77,297.36,200.41,UPI,Express,Completed
O0001599,U001742,S0008084,P000143,2024-06-06,1,52.49,15,44.62,31.98,12.64,PayPal,Same Day,Returned
O0001600,U001715,S0004917,P000148,2024-02-09,2,113.45,30,158.83,104.9,53.93,UPI,Express,Returned
O0001601,U000274,S0007784,P000627,2024-07-22,4,787.18,30,2204.1,2152.64,51.46,UPI,Standard,Cancelled
O0001602,U001718,S0009734,P000997,2025-04-19,4,72.37,5,275.01,137.16,137.85,Debit Card,Same Day,Completed
O0001603,U001081,S0006111,P000259,2024-02-05,2,59.61,0,119.22,71.2,48.02,UPI,Same Day,Completed
O0001604,U000537,S0000722,P000547,2025-06-24,2,1382.3,20,2211.68,1508.9,702.78,PayPal,Same Day,Completed
O0001605,U001244,S0003943,P000063,2025-06-25,5,348.35,0,1741.75,1284.45,457.3,Net Banking,Standard,Completed
O0001606,U001749,S0001074,P000849,2025-12-19,2,62.87,30,88.02,59.96,28.06,PayPal,Same Day,Completed
O0001607,U000068,S0007565,P000354,2025-12-21,2,1308.74,30,1832.24,1475.24,357.0,Debit Card,Standard,Completed
O0001608,U000173,S0002709,P000445,2024-10-02,5,307.91,15,1308.62,1131.3,177.32,Credit Card,Express,Completed
O0001609,U000237,S0003001,P000226,2025-07-09,2,106.25,30,148.75,108.72,40.03,Debit Card,Same Day,Completed
O0001610,U001747,S0003332,P000123,2024-02-27,2,184.54,5,350.63,266.7,83.93,UPI,Same Day,Completed
O0001611,U001321,S0001005,P000317,2025-10-05,2,565.68,30,791.95,564.72,227.23,Debit Card,Same Day,Completed
O0001612,U000911,S0006048,P000037,2025-05-21,2,147.28,25,220.92,141.64,79.28,Debit Card,Same Day,Completed
O0001613,U000713,S0005974,P000070,2024-08-22,4,41.64,10,149.9,112.84,37.06,PayPal,Express,Completed
O0001614,U001484,S0008908,P000017,2025-06-12,1,55.21,0,55.21,35.77,19.44,PayPal,Same Day,Cancelled
O0001615,U000256,S0000190,P000670,2025-07-29,4,29.45,0,117.8,60.08,57.72,PayPal,Standard,Cancelled
O0001616,U001143,S0004575,P000925,2024-02-26,3,67.31,25,151.45,99.21,52.24,PayPal,Standard,Completed
O0001617,U001729,S0000001,P000498,2024-06-01,2,98.55,20,157.68,145.4,12.28,Debit Card,Standard,Completed
O0001618,U001341,S0004625,P000472,2024-11-05,3,13.08,5,37.28,19.23,18.05,Debit Card,Standard,Completed
O0001619,U001999,S0003329,P000833,2024-12-17,4,32.51,10,117.04,77.28,39.76,Debit Card,Express,Completed
O0001620,U000155,S0002451,P000870,2025-08-18,2,345.49,20,552.78,461.16,91.62,Debit Card,Standard,Completed
O0001621,U001375,S0000729,P000414,2024-09-27,2,135.45,15,230.26,167.18,63.08,Debit Card,Same Day,Completed
O0001622,U001130,S0007184,P000555,2024-04-04,5,956.69,5,4544.28,3306.7,1237.58,Debit Card,Same Day,Completed
O0001623,U001413,S0003169,P000624,2024-05-01,2,214.71,0,429.42,313.08,116.34,UPI,Same Day,Returned
O0001624,U000611,S0006692,P000598,2025-04-28,3,242.4,25,545.4,534.66,10.74,Credit Card,Express,Completed
O0001625,U000817,S0001814,P000529,2024-03-31,1,127.62,30,89.33,79.13,10.2,Net Banking,Standard,Completed
O0001626,U001898,S0007568,P000358,2024-11-23,4,214.66,25,643.98,527.96,116.02,Net Banking,Same Day,Returned
O0001627,U001051,S0003614,P000081,2025-11-23,3,179.67,10,485.11,356.22,128.89,Credit Card,Same Day,Completed
O0001628,U000660,S0005618,P000737,2024-03-15,3,9.91,10,26.76,16.11,10.65,PayPal,Standard,Completed
O0001629,U000624,S0000378,P000407,2024-08-16,1,107.46,30,75.22,50.25,24.97,Debit Card,Same Day,Returned
O0001630,U001166,S0004633,P000453,2024-03-06,3,251.4,30,527.94,541.05,-13.11,Credit Card,Standard,Cancelled
O0001631,U000910,S0000523,P000719,2025-01-13,3,20.57,10,55.54,38.34,17.2,PayPal,Standard,Cancelled
O0001632,U001536,S0007910,P000981,2024-10-23,4,18.5,25,55.5,45.6,9.9,Credit Card,Standard,Completed
O0001633,U001693,S0001432,P000834,2025-04-05,4,116.67,15,396.68,280.68,116.0,Debit Card,Same Day,Cancelled
O0001634,U000800,S0008849,P000662,2025-05-02,1,2326.42,10,2093.78,1540.14,553.64,UPI,Standard,Completed
O0001635,U001111,S0002142,P000617,2025-06-03,5,12.71,15,54.02,44.15,9.87,PayPal,Same Day,Completed
O0001636,U001981,S0005075,P000949,2025-04-20,3,1377.49,15,3512.6,1868.61,1643.99,Net Banking,Same Day,Completed
O0001637,U001850,S0009600,P000051,2025-04-27,5,247.09,30,864.81,776.65,88.16,UPI,Standard,Returned
O0001638,U001217,S0006598,P000152,2024-09-14,2,128.24,5,243.66,134.8,108.86,PayPal,Standard,Completed
O0001639,U001522,S0008735,P000421,2024-04-02,5,531.15,25,1991.81,1678.05,313.76,UPI,Standard,Completed
O0001640,U001159,S0003039,P000783,2024-10-24,4,24.9,15,84.66,66.68,17.98,UPI,Standard,Completed
O0001641,U000695,S0008185,P000549,2024-11-09,2,57.06,5,108.41,67.64,40.77,Debit Card,Standard,Completed
O0001642,U000691,S0000614,P000031,2025-12-18,1,298.91,30,209.24,141.08,68.16,Net Banking,Express,Completed
O0001643,U000867,S0008472,P000126,2024-10-16,3,430.81,5,1227.81,833.97,393.84,PayPal,Standard,Completed
O0001644,U001315,S0007463,P000683,2024-01-16,1,524.5,20,419.6,352.05,67.55,Net Banking,Express,Completed
O0001645,U000766,S0009044,P000540,2025-08-18,3,47.74,15,121.74,82.95,38.79,PayPal,Standard,Returned
O0001646,U000051,S0008323,P000868,2024-03-13,3,158.62,25,356.89,262.62,94.27,Debit Card,Standard,Completed
O0001647,U000035,S0001644,P000801,2025-05-05,3,45.08,10,121.72,100.59,21.13,Net Banking,Standard,Completed
O0001648,U001910,S0007604,P000516,2025-05-05,5,44.9,10,202.05,119.15,82.9,UPI,Same Day,Cancelled
O0001649,U001532,S0007109,P000790,2025-11-28,3,99.85,5,284.57,146.28,138.29,PayPal,Standard,Completed
O0001650,U001385,S0001236,P000398,2024-06-24,5,196.39,15,834.66,645.05,189.61,Net Banking,Same Day,Completed
O0001651,U001868,S0006671,P000603,2025-12-16,5,25.75,25,96.56,70.25,26.31,UPI,Same Day,Completed
O0001652,U000287,S0005676,P000906,2025-02-03,2,39.88,0,79.76,55.28,24.48,Credit Card,Express,Completed
O0001653,U000943,S0000139,P000364,2025-07-21,5,272.13,5,1292.62,939.05,353.57,UPI,Express,Cancelled
O0001654,U000823,S0005346,P000443,2025-10-01,5,43.67,10,196.52,138.0,58.52,Debit Card,Standard,Completed
O0001655,U001610,S0000464,P000818,2025-06-28,2,28.45,15,48.36,26.24,22.12,Credit Card,Standard,Returned
O0001656,U000413,S0000178,P000040,2024-01-01,5,42.32,30,148.12,120.5,27.62,Credit Card,Same Day,Cancelled
O0001657,U001926,S0003847,P000436,2024-02-04,3,191.84,5,546.74,366.24,180.5,Credit Card,Standard,Completed
O0001658,U000579,S0007626,P000571,2025-04-22,5,386.15,30,1351.52,907.15,444.37,Debit Card,Same Day,Cancelled
O0001659,U000750,S0000405,P000234,2025-01-06,5,7.52,25,28.2,23.65,4.55,Credit Card,Same Day,Completed
O0001660,U001370,S0000771,P000077,2024-05-29,2,22.87,0,45.74,22.64,23.1,Credit Card,Express,Completed
O0001661,U000685,S0003879,P000075,2025-08-01,3,1919.06,10,5181.46,2767.92,2413.54,UPI,Same Day,Completed
O0001662,U001072,S0002807,P000742,2025-10-16,4,178.6,30,500.08,435.28,64.8,PayPal,Same Day,Completed
O0001663,U000681,S0004658,P000673,2024-03-06,5,92.46,30,323.61,330.95,-7.34,UPI,Same Day,Returned
O0001664,U000313,S0006005,P000226,2025-05-30,2,106.25,25,159.38,108.72,50.66,Net Banking,Standard,Completed
O0001665,U000343,S0004155,P000392,2025-01-21,5,355.46,15,1510.7,1028.75,481.95,Net Banking,Express,Completed
O0001666,U000587,S0006834,P000776,2024-06-22,5,59.72,25,223.95,202.8,21.15,Debit Card,Express,Completed
O0001667,U000772,S0001493,P000673,2025-09-27,3,92.46,15,235.77,198.57,37.2,Credit Card,Express,Completed
O0001668,U000008,S0000639,P000815,2024-07-24,1,17.84,10,16.06,9.45,6.61,UPI,Same Day,Completed
O0001669,U000329,S0005503,P000683,2024-02-18,4,524.5,0,2098.0,1408.2,689.8,UPI,Express,Cancelled
O0001670,U000751,S0008277,P000011,2025-08-04,4,149.63,15,508.74,294.16,214.58,Credit Card,Standard,Completed
O0001671,U001834,S0000502,P000062,2024-04-24,2,155.41,20,248.66,229.74,18.92,Net Banking,Same Day,Completed
O0001672,U000481,S0004638,P000950,2025-03-08,5,90.77,25,340.39,297.05,43.34,Credit Card,Standard,Completed
O0001673,U000312,S0008516,P000371,2025-05-26,3,943.99,0,2831.97,1948.68,883.29,UPI,Standard,Completed
O0001674,U000568,S0003467,P000346,2025-10-28,2,197.61,20,316.18,203.8,112.38,Credit Card,Standard,Completed
O0001675,U000490,S0008967,P000357,2024-05-21,1,519.19,20,415.35,249.41,165.94,Net Banking,Same Day,Completed
O0001676,U000713,S0008188,P000568,2025-05-04,2,42.31,30,59.23,63.1,-3.87,Debit Card,Standard,Cancelled
O0001677,U000318,S0001331,P000550,2024-08-20,5,358.0,30,1253.0,1214.7,38.3,Credit Card,Same Day,Completed
O0001678,U000055,S0003615,P000475,2024-07-02,2,216.8,30,303.52,221.62,81.9,Debit Card,Standard,Returned
O0001679,U001050,S0005348,P000918,2025-10-28,4,17.53,5,66.61,40.28,26.33,Debit Card,Express,Returned
O0001680,U001030,S0008148,P000041,2025-03-27,1,59.02,5,56.07,36.05,20.02,PayPal,Same Day,Completed
O0001681,U001984,S0005190,P000785,2024-12-17,2,290.21,20,464.34,411.9,52.44,Debit Card,Express,Completed
O0001682,U000669,S0007228,P000224,2024-10-28,2,85.25,30,119.35,110.7,8.65,UPI,Standard,Completed
O0001683,U000843,S0001676,P000130,2025-02-09,4,138.42,0,553.68,401.28,152.4,UPI,Same Day,Completed
O0001684,U001411,S0007978,P000097,2025-02-20,2,145.08,10,261.14,141.56,119.58,UPI,Same Day,Completed
O0001685,U001596,S0009837,P000671,2025-02-12,2,232.69,15,395.57,272.94,122.63,UPI,Express,Completed
O0001686,U001850,S0008066,P000775,2025-02-17,2,77.9,15,132.43,111.1,21.33,Credit Card,Same Day,Completed
O0001687,U000938,S0007822,P000051,2025-04-15,3,247.09,15,630.08,465.99,164.09,Credit Card,Same Day,Cancelled
O0001688,U001910,S0007604,P000118,2025-05-05,1,2086.85,10,1878.16,996.48,881.68,Net Banking,Express,Completed
O0001689,U001356,S0002095,P000818,2025-12-12,5,28.45,5,135.14,65.6,69.54,Debit Card,Express,Completed
O0001690,U001420,S0005460,P000243,2024-03-09,5,57.17,15,242.97,189.0,53.97,UPI,Express,Completed
O0001691,U001117,S0004642,P000673,2024-02-25,2,92.46,20,147.94,132.38,15.56,PayPal,Express,Returned
O0001692,U001035,S0006241,P000795,2024-12-09,5,52.67,0,263.35,132.1,131.25,PayPal,Same Day,Completed
O0001693,U001955,S0007746,P000352,2025-12-04,2,71.4,5,135.66,68.06,67.6,PayPal,Same Day,Cancelled
O0001694,U000107,S0003631,P000061,2024-01-28,2,508.1,5,965.39,495.76,469.63,Net Banking,Express,Completed
O0001695,U000125,S0006720,P000255,2025-10-01,4,25.33,25,75.99,73.68,2.31,UPI,Same Day,Completed
O0001696,U000245,S0002788,P000942,2025-08-03,1,408.01,0,408.01,248.87,159.14,Debit Card,Standard,Completed
O0001697,U000238,S0007268,P000433,2025-08-08,3,1495.79,10,4038.63,2501.37,1537.26,UPI,Express,Completed
O0001698,U000981,S0006226,P000618,2025-07-30,4,243.83,30,682.72,619.0,63.72,Credit Card,Standard,Completed
O0001699,U001261,S0009513,P000148,2025-01-24,4,113.45,10,408.42,209.8,198.62,UPI,Standard,Cancelled
O0001700,U000940,S0006569,P000653,2024-07-07,4,55.47,10,199.69,102.24,97.45,Debit Card,Express,Returned
O0001701,U001769,S0004775,P000182,2025-05-31,4,204.52,5,777.18,605.6,171.58,Net Banking,Standard,Completed
O0001702,U001577,S0001279,P000508,2025-04-11,1,766.76,25,575.07,380.76,194.31,PayPal,Same Day,Completed
O0001703,U000829,S0002934,P000087,2025-11-25,4,109.9,5,417.62,211.6,206.02,Net Banking,Standard,Completed
O0001704,U000386,S0007125,P000313,2024-11-13,4,243.59,10,876.92,456.12,420.8,PayPal,Standard,Cancelled
O0001705,U000192,S0003907,P000455,2024-01-27,1,63.59,0,63.59,43.35,20.24,Debit Card,Standard,Completed
O0001706,U000169,S0006974,P000125,2024-12-20,3,22.3,10,60.21,42.81,17.4,Credit Card,Standard,Cancelled
O0001707,U001132,S0005101,P000242,2024-12-31,2,263.45,25,395.17,289.74,105.43,Debit Card,Same Day,Cancelled
O0001708,U001946,S0005872,P000072,2024-01-17,4,26.29,30,73.61,61.64,11.97,Credit Card,Same Day,Completed
O0001709,U000672,S0000533,P000676,2024-08-30,5,117.6,15,499.8,270.55,229.25,UPI,Standard,Completed
O0001710,U001448,S0006450,P000038,2025-01-10,4,34.46,10,124.06,92.48,31.58,Credit Card,Standard,Completed
O0001711,U000197,S0002598,P000446,2024-09-28,5,130.34,0,651.7,400.3,251.4,Debit Card,Same Day,Cancelled
O0001712,U001802,S0004630,P000325,2024-11-20,3,196.21,0,588.63,394.23,194.4,PayPal,Same Day,Completed
O0001713,U001619,S0000951,P000341,2024-09-28,5,119.4,25,447.75,330.25,117.5,Debit Card,Same Day,Completed
O0001714,U000539,S0008382,P000634,2024-02-02,4,16.02,10,57.67,38.36,19.31,PayPal,Standard,Cancelled
O0001715,U001713,S0007692,P000200,2025-09-11,3,789.63,30,1658.22,1462.44,195.78,Debit Card,Express,Returned
O0001716,U000185,S0007598,P000756,2024-08-09,1,52.92,30,37.04,34.94,2.1,PayPal,Standard,Completed
O0001717,U000267,S0000319,P000497,2024-02-02,2,37.71,30,52.79,56.1,-3.31,Debit Card,Express,Completed
O0001718,U000849,S0003655,P000487,2025-08-29,4,1639.11,20,5245.15,4905.92,339.23,Net Banking,Express,Completed
O0001719,U001831,S0005258,P000937,2025-12-30,2,19.97,0,39.94,28.58,11.36,Net Banking,Same Day,Cancelled
O0001720,U001876,S0009081,P000936,2024-09-09,3,59.4,25,133.65,106.47,27.18,UPI,Express,Completed
O0001721,U000191,S0009431,P000316,2024-08-29,2,464.58,20,743.33,450.46,292.87,PayPal,Express,Completed
O0001722,U001035,S0009522,P000559,2025-04-25,4,1345.07,10,4842.25,3566.64,1275.61,Net Banking,Same Day,Cancelled
O0001723,U000900,S0005577,P000180,2024-12-04,3,9.35,10,25.24,14.19,11.05,PayPal,Standard,Completed
O0001724,U001662,S0005496,P000741,2024-02-24,2,33.31,5,63.29,49.88,13.41,Credit Card,Same Day,Completed
O0001725,U000709,S0004469,P000681,2025-02-14,1,164.13,30,114.89,118.67,-3.78,Debit Card,Express,Completed
O0001726,U001086,S0007819,P000387,2024-12-16,4,19.61,15,66.67,55.8,10.87,Credit Card,Same Day,Returned
O0001727,U001215,S0008459,P000572,2025-06-06,1,48.36,5,45.94,30.58,15.36,Credit Card,Same Day,Cancelled
O0001728,U000426,S0004235,P000089,2025-12-28,4,96.83,25,290.49,262.2,28.29,Credit Card,Same Day,Completed
O0001729,U001376,S0001247,P000431,2024-05-17,1,592.04,20,473.63,287.62,186.01,Credit Card,Same Day,Cancelled
O0001730,U000203,S0000382,P000569,2025-06-09,2,10.96,30,15.34,15.0,0.34,UPI,Same Day,Cancelled
O0001731,U001318,S0008652,P000824,2025-11-12,1,180.28,5,171.27,81.41,89.86,PayPal,Express,Completed
O0001732,U000351,S0003988,P000477,2024-06-11,2,365.58,25,548.37,482.42,65.95,Net Banking,Same Day,Completed
O0001733,U000669,S0006468,P000354,2024-09-14,4,1308.74,20,4187.97,2950.48,1237.49,PayPal,Express,Completed
O0001734,U000530,S0000389,P000496,2024-07-15,4,32.44,5,123.27,77.8,45.47,Debit Card,Same Day,Returned
O0001735,U001135,S0006736,P000107,2025-11-24,5,2182.91,30,7640.18,7460.0,180.18,Debit Card,Express,Completed
O0001736,U000664,S0005640,P000206,2025-04-17,2,137.26,0,274.52,157.54,116.98,Net Banking,Standard,Completed
O0001737,U000426,S0008067,P000319,2025-03-04,1,21.67,10,19.5,16.09,3.41,Credit Card,Standard,Completed
O0001738,U001129,S0004386,P000699,2024-05-31,1,43.37,20,34.7,20.25,14.45,Credit Card,Express,Returned
O0001739,U000084,S0007485,P000677,2024-08-26,3,190.74,10,515.0,376.5,138.5,PayPal,Standard,Completed
O0001740,U001970,S0008155,P000243,2024-06-24,3,57.17,15,145.78,113.4,32.38,UPI,Standard,Completed
O0001741,U000870,S0009375,P000039,2025-07-07,5,33.69,5,160.03,77.75,82.28,Credit Card,Same Day,Cancelled
O0001742,U000727,S0001708,P000104,2025-09-29,3,24.15,5,68.83,32.82,36.01,UPI,Express,Completed
O0001743,U001469,S0005517,P000369,2025-11-09,1,127.25,10,114.53,75.8,38.73,Debit Card,Express,Completed
O0001744,U000059,S0004859,P000696,2024-06-10,5,38.05,20,152.2,87.05,65.15,UPI,Same Day,Completed
O0001745,U001379,S0003625,P000060,2025-02-16,5,382.04,25,1432.65,889.45,543.2,Credit Card,Standard,Completed
O0001746,U001679,S0009880,P000495,2025-09-12,3,914.78,5,2607.12,1739.46,867.66,Net Banking,Standard,Cancelled
O0001747,U000242,S0004038,P000353,2025-10-02,4,176.36,30,493.81,391.64,102.17,Net Banking,Same Day,Cancelled
O0001748,U000956,S0002374,P000124,2025-08-25,2,403.71,25,605.56,535.9,69.66,UPI,Express,Completed
O0001749,U000596,S0005104,P000096,2025-04-13,4,69.2,10,249.12,158.68,90.44,Credit Card,Express,Completed
O0001750,U000491,S0003779,P000562,2024-10-13,5,495.47,10,2229.62,1816.5,413.12,Debit Card,Express,Completed
O0001751,U001097,S0005033,P000604,2025-10-10,2,767.26,25,1150.89,948.16,202.73,Debit Card,Express,Completed
O0001752,U001481,S0009295,P000087,2025-05-11,3,109.9,10,296.73,158.7,138.03,UPI,Express,Cancelled
O0001753,U000459,S0002348,P000579,2024-02-18,1,218.04,10,196.24,145.66,50.58,PayPal,Express,Completed
O0001754,U000476,S0007253,P000618,2025-12-15,4,243.83,5,926.55,619.0,307.55,UPI,Standard,Returned
O0001755,U001249,S0007627,P000261,2025-09-28,1,239.49,25,179.62,118.85,60.77,PayPal,Express,Completed
O0001756,U001816,S0003971,P000879,2024-10-10,2,68.57,0,137.14,71.84,65.3,PayPal,Same Day,Returned
O0001757,U000942,S0006080,P000197,2024-11-18,1,1687.51,20,1350.01,997.62,352.39,PayPal,Standard,Completed
O0001758,U000814,S0004045,P000637,2025-08-08,2,46.77,20,74.83,56.98,17.85,Net Banking,Standard,Cancelled
O0001759,U001166,S0003300,P000129,2025-08-26,2,123.65,15,210.21,152.56,57.65,Credit Card,Standard,Completed
O0001760,U000908,S0009708,P000591,2024-09-11,4,113.46,10,408.46,280.52,127.94,Credit Card,Express,Returned
O0001761,U000030,S0009069,P000846,2025-09-01,4,197.89,15,672.83,390.0,282.83,PayPal,Same Day,Cancelled
O0001762,U001009,S0008759,P000233,2025-07-17,3,340.29,20,816.7,647.73,168.97,UPI,Express,Returned
O0001763,U000772,S0007318,P000036,2025-05-03,5,253.69,30,887.91,792.45,95.46,Credit Card,Express,Cancelled
O0001764,U001196,S0008688,P000737,2025-11-27,5,9.91,15,42.12,26.85,15.27,UPI,Same Day,Completed
O0001765,U000854,S0001982,P000125,2025-02-10,2,22.3,15,37.91,28.54,9.37,Debit Card,Standard,Returned
O0001766,U001388,S0003903,P000086,2024-08-03,2,2302.77,10,4144.99,2323.24,1821.75,Debit Card,Express,Cancelled
O0001767,U001420,S0003909,P000986,2024-11-03,1,29.94,0,29.94,18.41,11.53,Credit Card,Standard,Completed
O0001768,U000217,S0008070,P000836,2024-12-29,4,46.27,0,185.08,119.16,65.92,Credit Card,Standard,Completed
O0001769,U001965,S0006694,P000696,2024-01-23,3,38.05,5,108.44,52.23,56.21,UPI,Standard,Completed
O0001770,U001925,S0004254,P000323,2024-08-16,4,245.21,10,882.76,730.16,152.6,UPI,Same Day,Completed
O0001771,U001195,S0002952,P000738,2025-07-26,2,2268.31,20,3629.3,2404.34,1224.96,UPI,Standard,Completed
O0001772,U000838,S0007143,P000366,2024-04-14,3,73.31,15,186.94,159.27,27.67,Net Banking,Express,Completed
O0001773,U001806,S0002734,P000073,2025-03-11,5,76.32,5,362.52,250.75,111.77,UPI,Standard,Completed
O0001774,U000893,S0006239,P000606,2024-08-24,3,226.79,10,612.33,316.47,295.86,PayPal,Standard,Completed
O0001775,U000315,S0000104,P000038,2024-07-25,5,34.46,5,163.69,115.6,48.09,UPI,Same Day,Returned
O0001776,U001752,S0006496,P000310,2024-05-06,2,381.49,25,572.24,410.98,161.26,Credit Card,Express,Completed
O0001777,U000605,S0002486,P000856,2025-10-16,1,610.8,15,519.18,425.32,93.86,UPI,Standard,Completed
O0001778,U001613,S0003765,P000315,2024-04-15,3,111.49,20,267.58,209.37,58.21,Credit Card,Standard,Completed
O0001779,U000406,S0009214,P000682,2025-11-27,2,61.18,20,97.89,61.5,36.39,Net Banking,Standard,Completed
O0001780,U001973,S0008045,P000299,2025-03-09,3,125.97,15,321.22,208.35,112.87,PayPal,Express,Completed
O0001781,U000583,S0009788,P000721,2024-01-01,2,43.02,25,64.53,41.48,23.05,Net Banking,Standard,Completed
O0001782,U001546,S0004831,P000820,2024-12-02,1,126.41,25,94.81,77.53,17.28,Debit Card,Express,Completed
O0001783,U001631,S0008833,P000510,2025-05-11,4,36.11,25,108.33,76.8,31.53,PayPal,Express,Completed
O0001784,U001165,S0000269,P000945,2024-06-03,3,33.89,5,96.59,57.18,39.41,UPI,Express,Completed
O0001785,U000719,S0007667,P000449,2024-08-09,1,302.88,15,257.45,222.76,34.69,Net Banking,Standard,Cancelled
O0001786,U001674,S0002154,P000840,2024-11-10,4,52.7,20,168.64,114.92,53.72,Debit Card,Express,Cancelled
O0001787,U001450,S0006257,P000310,2025-07-26,2,381.49,10,686.68,410.98,275.7,Debit Card,Standard,Completed
O0001788,U000299,S0004089,P000016,2025-06-15,3,203.63,0,610.89,318.78,292.11,Debit Card,Express,Completed
O0001789,U001321,S0006826,P000578,2024-04-20,3,274.01,30,575.42,566.34,9.08,Debit Card,Same Day,Returned
O0001790,U000237,S0001315,P000295,2024-04-29,5,262.77,5,1248.16,641.25,606.91,Net Banking,Express,Completed
O0001791,U001134,S0006940,P000114,2024-05-01,5,52.67,15,223.85,122.1,101.75,Debit Card,Standard,Completed
O0001792,U001792,S0006032,P000437,2025-07-16,3,111.36,20,267.26,152.82,114.44,Debit Card,Standard,Completed
O0001793,U000291,S0004111,P000284,2025-07-05,1,38.52,10,34.67,21.35,13.32,UPI,Express,Completed
O0001794,U001081,S0007983,P000780,2025-11-13,5,36.23,20,144.92,85.7,59.22,UPI,Express,Completed
O0001795,U001154,S0000839,P000121,2025-02-18,3,241.2,5,687.42,377.28,310.14,PayPal,Same Day,Completed
O0001796,U001340,S0004978,P000684,2024-01-09,1,56.02,5,53.22,29.87,23.35,Net Banking,Standard,Completed
O0001797,U000745,S0003272,P000344,2024-12-07,5,22.74,20,90.96,62.0,28.96,UPI,Express,Returned
O0001798,U001409,S0001444,P000115,2025-10-17,2,123.88,30,173.43,182.06,-8.63,Debit Card,Same Day,Completed
O0001799,U001361,S0009510,P000273,2025-01-17,5,138.25,20,553.0,502.55,50.45,UPI,Same Day,Completed
O0001800,U000334,S0008668,P000804,2024-08-23,1,93.22,5,88.56,61.46,27.1,Net Banking,Express,Completed
