Session_ID,User_ID,Date,Device,Operating_System,Browser,Traffic_Source,Session_Duration_Min,Page_Views,Bounce,Converted
S0000001,U001729,2024-06-01,Mobile,macOS,Firefox,Instagram,11,5,False,False
S0000002,U000974,2024-12-09,Mobile,iOS,Edge,Referral,44,11,False,False
S0000003,U001486,2025-10-09,Mobile,iOS,Chrome,Referral,35,1,True,False
S0000004,U001848,2025-04-02,Desktop,Windows,Safari,Instagram,41,10,False,False
S0000005,U000391,2025-01-16,Desktop,Android,Chrome,Email,26,10,False,False
S0000006,U000562,2025-02-02,Mobile,iOS,Safari,Paid Search,43,12,False,False
S0000007,U001586,2024-12-28,Desktop,Android,Chrome,Direct,10,6,False,False
S0000008,U001857,2024-10-06,Tablet,iOS,Safari,Instagram,55,4,False,True
S0000009,U000530,2025-09-24,Mobile,Android,Firefox,Direct,51,10,False,False
S0000010,U000965,2024-02-18,Mobile,Windows,Firefox,Referral,22,7,False,False
S0000011,U001673,2024-12-08,Tablet,Windows,Edge,Organic Search,52,9,False,False
S0000012,U000528,2025-12-05,Mobile,macOS,Firefox,Email,13,5,False,True
S0000013,U001331,2025-01-23,Desktop,iOS,Safari,Referral,9,10,False,False
S0000014,U000309,2025-02-21,Mobile,macOS,Chrome,Organic Search,53,1,True,False
S0000015,U000097,2025-04-07,Mobile,iOS,Edge,Email,32,5,False,False
S0000016,U001684,2025-06-15,Mobile,iOS,Chrome,Referral,56,8,False,True
S0000017,U000181,2024-03-01,Tablet,macOS,Chrome,YouTube,20,5,False,False
S0000018,U001625,2024-01-02,Desktop,macOS,Edge,Paid Search,16,9,False,False
S0000019,U000310,2025-02-25,Tablet,macOS,Firefox,Organic Search,59,6,False,False
S0000020,U000755,2024-09-13,Desktop,macOS,Safari,Paid Search,48,6,False,False
S0000021,U000002,2024-12-02,Tablet,macOS,Firefox,Paid Search,34,3,False,False
S0000022,U001631,2025-10-11,Desktop,Android,Chrome,Facebook,18,3,False,False
S0000023,U001250,2025-03-26,Tablet,macOS,Edge,YouTube,7,12,False,False
S0000024,U001661,2025-08-23,Tablet,Android,Chrome,Direct,14,12,False,False
S0000025,U000665,2024-02-11,Tablet,Android,Chrome,Instagram,9,4,False,False
S0000026,U000774,2025-02-17,Tablet,Windows,Edge,Direct,37,1,True,True
S0000027,U001511,2025-12-24,Tablet,iOS,Firefox,Instagram,43,12,False,True
S0000028,U000856,2025-12-18,Desktop,Windows,Firefox,Facebook,27,8,False,False
S0000029,U001250,2024-03-14,Tablet,macOS,Safari,Organic Search,8,12,False,False
S0000030,U001071,2024-02-10,Tablet,Android,Chrome,Paid Search,19,6,False,False
S0000031,U000395,2024-04-21,Desktop,iOS,Safari,YouTube,26,11,False,False
S0000032,U001023,2024-03-19,Desktop,iOS,Safari,YouTube,32,11,False,False
S0000033,U000951,2024-05-19,Desktop,macOS,Chrome,Instagram,25,7,False,False
S0000034,U001797,2025-08-19,Tablet,iOS,Edge,YouTube,9,1,True,False
S0000035,U001149,2024-03-12,Mobile,Windows,Safari,Instagram,20,6,False,False
S0000036,U001108,2025-10-08,Tablet,macOS,Edge,Referral,4,5,False,False
S0000037,U000760,2025-12-15,Tablet,iOS,Edge,Direct,10,8,False,False
S0000038,U001305,2025-02-23,Tablet,iOS,Chrome,YouTube,1,7,False,True
S0000039,U000968,2025-01-19,Tablet,macOS,Edge,YouTube,57,10,False,False
S0000040,U001108,2024-03-05,Mobile,macOS,Safari,Direct,51,11,False,False
S0000041,U001312,2024-07-25,Desktop,Android,Chrome,Email,20,7,False,False
S0000042,U001130,2025-06-21,Mobile,Android,Chrome,Email,11,2,False,False
S0000043,U001517,2024-08-17,Mobile,Windows,Chrome,Paid Search,37,4,False,False
S0000044,U001489,2025-02-21,Mobile,macOS,Firefox,Facebook,52,9,False,False
S0000045,U000581,2024-01-21,Tablet,macOS,Firefox,Instagram,33,9,False,False
S0000046,U000283,2025-07-18,Mobile,macOS,Chrome,Instagram,9,12,False,False
S0000047,U001369,2024-11-14,Tablet,macOS,Firefox,Instagram,5,5,False,False
S0000048,U001803,2025-10-02,Mobile,iOS,Chrome,Referral,30,12,False,False
S0000049,U000636,2024-12-04,Tablet,macOS,Chrome,Email,37,9,False,False
S0000050,U001605,2025-02-25,Desktop,macOS,Edge,Email,22,6,False,False
S0000051,U001330,2024-07-09,Tablet,iOS,Safari,Facebook,52,9,False,False
S0000052,U001672,2024-08-11,Mobile,iOS,Safari,Organic Search,5,8,False,False
S0000053,U001716,2025-07-05,Tablet,Windows,Safari,Direct,45,2,False,False
S0000054,U000003,2025-10-03,Desktop,macOS,Safari,Direct,17,7,False,False
S0000055,U000645,2024-06-26,Tablet,iOS,Edge,YouTube,38,4,False,False
S0000056,U000420,2025-08-04,Desktop,macOS,Edge,YouTube,34,6,False,False
S0000057,U001581,2025-10-05,Tablet,Windows,Chrome,Organic Search,31,10,False,False
S0000058,U001855,2024-03-31,Desktop,Windows,Chrome,Instagram,9,11,False,False
S0000059,U000675,2025-06-01,Mobile,Windows,Edge,Referral,55,12,False,False
S0000060,U000070,2024-03-08,Mobile,iOS,Chrome,Organic Search,11,2,False,False
S0000061,U001989,2024-12-02,Tablet,macOS,Edge,Facebook,41,5,False,False
S0000062,U001991,2025-07-19,Tablet,Android,Edge,Organic Search,53,12,False,False
S0000063,U000710,2024-05-15,Desktop,Android,Edge,Email,7,7,False,False
S0000064,U001082,2025-09-29,Mobile,iOS,Edge,Direct,44,6,False,True
S0000065,U001718,2025-06-02,Tablet,Windows,Firefox,Organic Search,25,3,False,False
S0000066,U000320,2025-04-23,Desktop,iOS,Firefox,Paid Search,16,1,True,False
S0000067,U001628,2024-05-18,Mobile,Android,Firefox,Facebook,44,5,False,False
S0000068,U000455,2024-09-12,Desktop,iOS,Chrome,Email,13,6,False,True
S0000069,U001731,2024-12-10,Tablet,Windows,Safari,Organic Search,48,4,False,False
S0000070,U001113,2024-12-14,Desktop,Android,Chrome,Organic Search,9,5,False,False
S0000071,U000592,2024-08-12,Desktop,Windows,Edge,Email,59,10,False,True
S0000072,U001721,2025-08-19,Mobile,Android,Safari,Referral,44,6,False,False
S0000073,U001640,2025-05-28,Desktop,iOS,Firefox,Facebook,41,11,False,False
S0000074,U000918,2025-02-11,Mobile,macOS,Firefox,Referral,29,7,False,True
S0000075,U000769,2025-06-26,Tablet,Windows,Firefox,Referral,15,6,False,False
S0000076,U000565,2024-05-27,Desktop,macOS,Chrome,Instagram,7,3,False,False
S0000077,U000622,2024-05-07,Mobile,Android,Firefox,Direct,58,11,False,False
S0000078,U001567,2024-08-20,Mobile,Windows,Firefox,Organic Search,30,12,False,True
S0000079,U000904,2024-08-31,Desktop,Android,Edge,Organic Search,60,11,False,True
S0000080,U000488,2024-06-24,Tablet,iOS,Edge,Facebook,28,3,False,False
S0000081,U001501,2025-02-11,Mobile,Windows,Edge,Organic Search,52,8,False,False
S0000082,U000948,2025-12-31,Tablet,Windows,Edge,Referral,15,8,False,False
S0000083,U000477,2024-08-27,Tablet,iOS,Firefox,Referral,23,10,False,False
S0000084,U001253,2024-03-29,Mobile,Windows,Chrome,YouTube,43,2,False,False
S0000085,U000399,2024-06-13,Mobile,macOS,Firefox,Paid Search,44,3,False,False
S0000086,U001406,2025-06-04,Desktop,Android,Safari,Facebook,3,1,True,False
S0000087,U001642,2024-09-12,Desktop,iOS,Edge,Direct,57,4,False,False
S0000088,U000803,2024-05-19,Desktop,Windows,Firefox,Direct,48,10,False,False
S0000089,U000059,2024-03-16,Tablet,Windows,Chrome,Referral,11,12,False,False
S0000090,U001022,2025-02-16,Desktop,macOS,Edge,Instagram,41,3,False,False
S0000091,U001417,2024-10-27,Tablet,macOS,Firefox,Referral,11,8,False,False
S0000092,U000152,2024-02-11,Mobile,Android,Firefox,Email,7,1,True,False
S0000093,U000788,2025-12-10,Mobile,Windows,Safari,Email,3,1,True,True
S0000094,U001025,2024-08-30,Tablet,macOS,Safari,Referral,41,3,False,False
S0000095,U001183,2025-02-18,Desktop,macOS,Chrome,Referral,57,6,False,False
S0000096,U000559,2024-01-28,Desktop,Windows,Edge,Facebook,11,9,False,False
S0000097,U000011,2025-09-21,Mobile,Android,Firefox,YouTube,18,7,False,False
S0000098,U000082,2024-03-04,Tablet,macOS,Firefox,Paid Search,23,11,False,False
S0000099,U001149,2025-06-13,Tablet,Android,Firefox,Paid Search,22,5,False,False
S0000100,U001865,2024-09-24,Desktop,Windows,Firefox,Paid Search,30,6,False,False
S0000101,U001108,2025-04-14,Desktop,macOS,Safari,Instagram,51,12,False,False
S0000102,U000768,2025-08-06,Tablet,macOS,Firefox,YouTube,46,10,False,False
S0000103,U000012,2024-12-25,Tablet,Android,Edge,Referral,1,1,True,False
S0000104,U000315,2024-07-25,Tablet,macOS,Firefox,Facebook,48,6,False,False
S0000105,U000194,2025-07-05,Tablet,Android,Edge,Direct,41,3,False,True
S0000106,U000991,2024-03-01,Desktop,iOS,Safari,Instagram,21,2,False,False
S0000107,U001404,2024-01-31,Tablet,Android,Edge,Referral,54,12,False,False
S0000108,U000059,2024-11-12,Mobile,iOS,Edge,YouTube,26,7,False,True
S0000109,U000977,2024-01-02,Tablet,macOS,Chrome,Paid Search,20,4,False,True
S0000110,U000411,2025-02-03,Tablet,Android,Chrome,Organic Search,15,8,False,False
S0000111,U000420,2024-01-28,Mobile,iOS,Edge,Direct,40,4,False,False
S0000112,U001236,2025-07-17,Mobile,Windows,Firefox,YouTube,11,10,False,False
S0000113,U001963,2025-09-20,Mobile,macOS,Safari,Instagram,58,3,False,False
S0000114,U000771,2024-02-28,Tablet,macOS,Edge,Facebook,13,10,False,True
S0000115,U000674,2025-11-01,Tablet,Windows,Chrome,Referral,49,8,False,False
S0000116,U001437,2024-02-05,Desktop,macOS,Safari,YouTube,33,3,False,False
S0000117,U001321,2024-08-07,Mobile,macOS,Chrome,Facebook,39,5,False,False
S0000118,U001891,2024-07-10,Mobile,iOS,Chrome,Instagram,14,9,False,False
S0000119,U001753,2024-04-17,Tablet,macOS,Edge,Referral,22,10,False,False
S0000120,U001473,2025-05-11,Tablet,Android,Edge,Direct,51,3,False,False
S0000121,U000895,2025-12-18,Mobile,macOS,Edge,Facebook,21,8,False,False
S0000122,U001793,2025-06-28,Tablet,Android,Safari,Organic Search,46,7,False,False
S0000123,U001215,2025-06-01,Mobile,Android,Edge,Facebook,47,11,False,False
S0000124,U001416,2024-01-11,Desktop,macOS,Safari,Paid Search,41,5,False,False
S0000125,U000288,2025-10-11,Desktop,macOS,Chrome,Organic Search,3,6,False,False
S0000126,U000580,2024-09-17,Tablet,macOS,Safari,Direct,25,9,False,False
S0000127,U000280,2025-05-02,Desktop,Windows,Edge,Instagram,18,5,False,False
S0000128,U000685,2024-03-20,Tablet,iOS,Safari,Paid Search,6,9,False,False
S0000129,U000504,2024-10-03,Mobile,Android,Edge,Paid Search,15,11,False,False
S0000130,U000504,2025-09-30,Mobile,macOS,Edge,Facebook,35,4,False,False
S0000131,U000492,2024-11-12,Mobile,Android,Safari,Referral,31,7,False,False
S0000132,U000186,2024-03-20,Tablet,Windows,Chrome,Direct,39,4,False,False
S0000133,U000142,2024-03-26,Mobile,Windows,Firefox,Direct,11,1,True,True
S0000134,U000776,2025-09-08,Mobile,Windows,Firefox,Direct,2,1,True,False
S0000135,U000818,2025-02-20,Mobile,macOS,Edge,Paid Search,14,2,False,False
S0000136,U000960,2025-05-10,Mobile,Windows,Edge,Referral,19,1,True,False
S0000137,U001193,2024-03-10,Tablet,macOS,Safari,Direct,3,3,False,False
S0000138,U001590,2025-10-22,Desktop,Windows,Edge,Paid Search,3,2,False,False
S0000139,U000943,2025-07-21,Desktop,macOS,Chrome,Organic Search,43,8,False,False
S0000140,U000085,2025-02-06,Tablet,Windows,Safari,YouTube,45,1,True,False
S0000141,U000210,2025-04-04,Mobile,Android,Firefox,Facebook,56,6,False,False
S0000142,U001451,2025-08-21,Mobile,macOS,Chrome,Instagram,34,4,False,False
S0000143,U000195,2024-05-12,Tablet,macOS,Firefox,YouTube,59,2,False,False
S0000144,U001605,2025-07-21,Tablet,Windows,Safari,Organic Search,40,2,False,False
S0000145,U000375,2025-05-23,Mobile,Windows,Firefox,Organic Search,9,8,False,False
S0000146,U001440,2024-06-06,Tablet,Windows,Edge,Facebook,3,10,False,False
S0000147,U000674,2025-11-17,Mobile,Android,Edge,Direct,41,12,False,False
S0000148,U001082,2024-04-04,Mobile,Windows,Firefox,Email,8,7,False,False
S0000149,U001035,2024-05-17,Tablet,Android,Edge,Instagram,12,5,False,False
S0000150,U001306,2024-05-26,Mobile,iOS,Edge,Organic Search,12,12,False,False
S0000151,U001877,2025-07-22,Mobile,Windows,Safari,Referral,57,3,False,True
S0000152,U001637,2025-04-16,Mobile,Android,Edge,YouTube,37,6,False,False
S0000153,U001156,2025-02-24,Tablet,Windows,Safari,Referral,32,11,False,True
S0000154,U000610,2025-08-11,Desktop,macOS,Safari,Direct,33,2,False,False
S0000155,U000132,2024-02-25,Mobile,iOS,Edge,YouTube,39,1,True,False
S0000156,U000795,2024-08-01,Desktop,macOS,Edge,Organic Search,56,5,False,False
S0000157,U000914,2025-01-13,Tablet,iOS,Chrome,Referral,11,3,False,True
S0000158,U001909,2025-06-16,Mobile,iOS,Chrome,Instagram,44,6,False,False
S0000159,U000891,2024-08-05,Tablet,iOS,Chrome,Organic Search,51,4,False,True
S0000160,U000329,2024-05-01,Desktop,iOS,Chrome,Facebook,43,6,False,True
S0000161,U001466,2024-03-27,Desktop,macOS,Safari,Referral,33,6,False,False
S0000162,U000949,2024-11-12,Tablet,iOS,Safari,Referral,4,4,False,False
S0000163,U000781,2024-04-19,Mobile,Android,Chrome,Referral,40,8,False,True
S0000164,U001823,2024-04-09,Mobile,iOS,Edge,Instagram,26,5,False,False
S0000165,U000748,2025-06-03,Mobile,macOS,Edge,Referral,21,12,False,False
S0000166,U000085,2024-09-07,Desktop,Android,Edge,Direct,11,8,False,False
S0000167,U001909,2025-01-22,Tablet,Android,Edge,Organic Search,37,1,True,False
S0000168,U000643,2024-10-13,Mobile,Windows,Edge,Facebook,24,2,False,True
S0000169,U001931,2025-06-15,Desktop,Windows,Chrome,Organic Search,2,7,False,False
S0000170,U001722,2025-06-19,Mobile,macOS,Firefox,Paid Search,24,1,True,False
S0000171,U000583,2025-01-30,Tablet,iOS,Safari,Paid Search,5,11,False,False
S0000172,U000958,2025-07-19,Tablet,macOS,Firefox,Instagram,47,2,False,False
S0000173,U001698,2024-08-20,Tablet,macOS,Edge,Paid Search,52,8,False,False
S0000174,U000424,2024-09-22,Desktop,Windows,Firefox,Facebook,11,5,False,False
S0000175,U001233,2025-03-19,Mobile,Windows,Chrome,Paid Search,35,11,False,True
S0000176,U001059,2025-07-31,Desktop,macOS,Safari,YouTube,7,5,False,False
S0000177,U001465,2024-03-01,Mobile,iOS,Edge,Facebook,30,8,False,False
S0000178,U000413,2024-01-01,Mobile,macOS,Chrome,Direct,37,7,False,False
S0000179,U000710,2024-12-04,Desktop,iOS,Chrome,Referral,51,2,False,False
S0000180,U000088,2025-10-10,Mobile,Android,Edge,Email,56,8,False,False
S0000181,U000472,2025-04-18,Desktop,Android,Firefox,Referral,36,1,True,False
S0000182,U001011,2024-12-25,Tablet,Android,Firefox,Email,33,3,False,False
S0000183,U000024,2024-11-14,Desktop,Android,Firefox,Referral,47,3,False,True
S0000184,U000120,2025-06-11,Tablet,macOS,Edge,Referral,51,4,False,False
S0000185,U001104,2024-01-15,Mobile,Android,Firefox,Referral,11,10,False,False
S0000186,U000800,2024-08-13,Mobile,iOS,Chrome,Email,58,11,False,False
S0000187,U000479,2024-03-18,Desktop,Android,Firefox,YouTube,37,9,False,False
S0000188,U001085,2024-12-20,Mobile,macOS,Edge,Email,19,9,False,False
S0000189,U001928,2025-10-25,Tablet,iOS,Edge,Email,21,12,False,False
S0000190,U000256,2025-07-29,Tablet,macOS,Safari,YouTube,39,2,False,False
S0000191,U001523,2024-12-06,Desktop,Android,Edge,Facebook,11,3,False,False
S0000192,U001046,2025-06-22,Tablet,Android,Chrome,Paid Search,58,1,True,False
S0000193,U001962,2025-06-13,Desktop,Windows,Chrome,Facebook,27,7,False,False
S0000194,U001554,2024-09-29,Desktop,Android,Firefox,Instagram,45,3,False,True
S0000195,U001480,2024-03-30,Mobile,macOS,Edge,Email,12,7,False,False
S0000196,U000240,2024-09-07,Desktop,iOS,Firefox,Instagram,13,6,False,False
S0000197,U000442,2025-06-21,Tablet,iOS,Edge,Facebook,24,12,False,False
S0000198,U001843,2025-12-23,Mobile,Windows,Chrome,Referral,56,5,False,False
S0000199,U001577,2025-07-27,Desktop,iOS,Firefox,Referral,22,5,False,False
S0000200,U001310,2024-06-30,Mobile,iOS,Edge,Facebook,42,5,False,False
S0000201,U000556,2025-03-31,Desktop,Windows,Edge,Paid Search,25,4,False,False
S0000202,U000407,2025-03-29,Desktop,Android,Firefox,YouTube,8,7,False,False
S0000203,U000202,2025-10-07,Tablet,macOS,Edge,Facebook,19,3,False,False
S0000204,U001880,2024-02-23,Mobile,macOS,Firefox,Paid Search,29,12,False,False
S0000205,U001831,2025-03-30,Mobile,macOS,Firefox,Paid Search,24,4,False,False
S0000206,U001953,2025-03-17,Tablet,Windows,Edge,Facebook,17,6,False,False
S0000207,U000428,2025-04-05,Tablet,Android,Chrome,Instagram,31,10,False,False
S0000208,U001165,2024-07-14,Desktop,Android,Chrome,Organic Search,30,9,False,False
S0000209,U000072,2025-10-23,Desktop,macOS,Firefox,Email,47,9,False,True
S0000210,U000364,2024-06-01,Tablet,macOS,Edge,Facebook,48,8,False,False
S0000211,U001984,2025-08-29,Tablet,Windows,Firefox,YouTube,14,12,False,True
S0000212,U001358,2025-05-28,Tablet,macOS,Chrome,Organic Search,1,7,False,False
S0000213,U001924,2024-07-01,Mobile,macOS,Firefox,Paid Search,25,10,False,False
S0000214,U001830,2025-06-02,Mobile,macOS,Chrome,YouTube,57,3,False,False
S0000215,U000931,2025-07-19,Desktop,macOS,Chrome,Instagram,22,1,True,False
S0000216,U000390,2025-05-09,Mobile,iOS,Chrome,Direct,38,1,True,False
S0000217,U000907,2024-03-08,Mobile,Windows,Firefox,Organic Search,47,4,False,True
S0000218,U001064,2025-08-13,Tablet,macOS,Edge,Direct,12,8,False,False
S0000219,U001681,2025-09-06,Desktop,Windows,Firefox,Facebook,8,3,False,True
S0000220,U001357,2024-01-07,Desktop,macOS,Safari,Referral,10,6,False,True
S0000221,U000383,2025-11-25,Mobile,Windows,Firefox,Paid Search,33,5,False,False
S0000222,U000377,2024-02-29,Desktop,Windows,Safari,Email,18,5,False,False
S0000223,U000616,2025-02-03,Tablet,macOS,Chrome,Instagram,54,8,False,False
S0000224,U000255,2024-06-09,Tablet,iOS,Firefox,Referral,38,6,False,False
S0000225,U000724,2024-11-10,Desktop,Android,Safari,Direct,21,11,False,False
S0000226,U001020,2025-02-24,Desktop,macOS,Safari,Referral,38,4,False,True
S0000227,U000284,2024-04-09,Mobile,macOS,Safari,YouTube,43,10,False,False
S0000228,U000943,2025-10-13,Tablet,Windows,Chrome,Instagram,2,8,False,False
S0000229,U000019,2025-08-07,Tablet,Windows,Firefox,Organic Search,38,4,False,False
S0000230,U000244,2024-12-30,Mobile,Windows,Edge,Instagram,50,5,False,False
S0000231,U001355,2025-01-29,Mobile,iOS,Safari,YouTube,52,7,False,False
S0000232,U001545,2024-10-14,Tablet,macOS,Edge,Instagram,28,12,False,True
S0000233,U000920,2024-02-04,Desktop,Windows,Safari,Instagram,20,11,False,False
S0000234,U000904,2025-03-17,Mobile,Windows,Chrome,Facebook,55,2,False,False
S0000235,U001630,2025-01-16,Mobile,macOS,Firefox,Facebook,9,7,False,False
S0000236,U000884,2025-07-22,Mobile,iOS,Firefox,Facebook,59,2,False,False
S0000237,U001970,2024-07-28,Tablet,Android,Firefox,YouTube,4,9,False,False
S0000238,U001844,2024-06-04,Desktop,Android,Safari,Referral,24,4,False,False
S0000239,U001768,2024-01-16,Desktop,Windows,Safari,YouTube,49,12,False,False
S0000240,U000510,2024-04-03,Desktop,macOS,Edge,Referral,59,11,False,False
S0000241,U001166,2025-11-05,Tablet,iOS,Edge,Instagram,57,5,False,False
S0000242,U000489,2025-12-22,Desktop,iOS,Safari,Referral,5,3,False,False
S0000243,U001732,2024-11-19,Mobile,Windows,Safari,Instagram,51,10,False,False
S0000244,U001028,2024-04-26,Desktop,Android,Firefox,YouTube,50,3,False,False
S0000245,U000170,2025-11-27,Tablet,macOS,Safari,Facebook,21,3,False,False
S0000246,U000491,2025-04-14,Tablet,Windows,Edge,Organic Search,44,10,False,False
S0000247,U000032,2025-09-17,Desktop,iOS,Chrome,Referral,53,4,False,False
S0000248,U000948,2024-12-25,Mobile,iOS,Chrome,Direct,1,1,True,False
S0000249,U001757,2025-09-10,Tablet,iOS,Safari,Instagram,19,3,False,False
S0000250,U001153,2025-02-09,Mobile,Android,Safari,YouTube,15,12,False,False
S0000251,U001324,2024-05-11,Tablet,iOS,Safari,Paid Search,46,4,False,False
S0000252,U001220,2024-05-21,Tablet,Android,Chrome,Facebook,20,3,False,False
S0000253,U000739,2025-03-20,Mobile,macOS,Edge,Email,4,9,False,False
S0000254,U000650,2025-02-24,Tablet,macOS,Safari,Email,17,7,False,True
S0000255,U000648,2025-03-20,Tablet,macOS,Firefox,Email,29,3,False,False
S0000256,U001405,2024-04-04,Mobile,iOS,Chrome,Paid Search,43,4,False,False
S0000257,U001817,2025-11-20,Desktop,Windows,Edge,Email,31,2,False,False
S0000258,U001242,2024-02-15,Mobile,Windows,Firefox,Facebook,54,12,False,False
S0000259,U001111,2024-12-30,Desktop,Android,Safari,YouTube,19,2,False,False
S0000260,U000385,2025-09-04,Mobile,Android,Chrome,Email,4,11,False,False
S0000261,U001675,2024-05-27,Tablet,Android,Chrome,Organic Search,31,9,False,False
S0000262,U001599,2025-05-13,Desktop,macOS,Safari,Referral,38,4,False,False
S0000263,U000704,2025-04-28,Desktop,iOS,Safari,YouTube,51,8,False,False
S0000264,U001769,2025-11-22,Desktop,Windows,Edge,Facebook,20,6,False,False
S0000265,U000392,2024-07-17,Desktop,iOS,Edge,Instagram,58,9,False,False
S0000266,U001204,2025-09-21,Mobile,Windows,Edge,YouTube,50,12,False,False
S0000267,U000358,2024-07-26,Desktop,Android,Edge,Organic Search,40,4,False,False
S0000268,U001795,2024-03-30,Mobile,Android,Edge,Email,35,10,False,False
S0000269,U001165,2024-06-03,Tablet,Windows,Firefox,Instagram,42,2,False,False
S0000270,U001455,2025-02-20,Desktop,Windows,Edge,YouTube,22,12,False,False
S0000271,U001377,2024-10-09,Desktop,Windows,Safari,Referral,17,1,True,False
S0000272,U001525,2024-10-12,Tablet,Windows,Firefox,Facebook,19,12,False,False
S0000273,U001361,2025-08-22,Mobile,Windows,Safari,Facebook,53,9,False,False
S0000274,U001418,2025-12-19,Desktop,Android,Safari,Referral,36,4,False,False
S0000275,U000621,2025-12-22,Desktop,Windows,Safari,Instagram,16,1,True,False
S0000276,U001455,2024-06-04,Desktop,Android,Chrome,Direct,53,8,False,False
S0000277,U000136,2025-12-08,Desktop,Android,Safari,Referral,15,12,False,False
S0000278,U000146,2024-07-21,Tablet,Android,Firefox,Paid Search,50,2,False,False
S0000279,U001852,2024-05-31,Tablet,iOS,Firefox,Paid Search,38,11,False,False
S0000280,U001632,2025-08-19,Tablet,Windows,Firefox,Instagram,25,11,False,False
S0000281,U000786,2024-10-03,Desktop,iOS,Safari,Facebook,54,7,False,False
S0000282,U000990,2024-07-01,Tablet,Windows,Chrome,Facebook,50,6,False,False
S0000283,U001501,2024-04-12,Mobile,macOS,Safari,Instagram,5,6,False,False
S0000284,U000941,2025-10-27,Mobile,Windows,Safari,Referral,22,5,False,False
S0000285,U000955,2024-08-13,Mobile,Windows,Firefox,YouTube,39,11,False,False
S0000286,U001347,2024-05-21,Tablet,Android,Safari,Referral,29,1,True,False
S0000287,U001217,2025-01-02,Mobile,Android,Chrome,Organic Search,10,11,False,False
S0000288,U001002,2025-06-25,Mobile,macOS,Safari,Organic Search,52,12,False,False
S0000289,U001428,2025-06-01,Desktop,macOS,Chrome,Email,54,11,False,False
S0000290,U001402,2024-02-03,Tablet,iOS,Chrome,Referral,7,7,False,True
S0000291,U001889,2024-01-13,Tablet,Windows,Safari,Facebook,38,10,False,False
S0000292,U000348,2024-05-24,Mobile,macOS,Firefox,Facebook,23,8,False,False
S0000293,U000797,2025-10-10,Tablet,Android,Edge,YouTube,42,3,False,False
S0000294,U001530,2024-03-28,Desktop,Windows,Firefox,Organic Search,32,11,False,False
S0000295,U000801,2024-11-11,Tablet,Windows,Firefox,Instagram,28,7,False,False
S0000296,U000110,2025-09-16,Desktop,iOS,Safari,YouTube,48,8,False,False
S0000297,U000156,2024-10-11,Tablet,iOS,Chrome,Email,6,7,False,False
S0000298,U001451,2025-01-12,Desktop,macOS,Chrome,Instagram,27,12,False,False
S0000299,U000648,2024-02-09,Tablet,macOS,Chrome,Paid Search,37,6,False,False
S0000300,U000043,2024-08-13,Desktop,Android,Edge,Direct,15,4,False,False
S0000301,U001946,2025-10-11,Tablet,Android,Firefox,YouTube,17,6,False,False
S0000302,U001403,2025-10-29,Mobile,Windows,Edge,YouTube,39,7,False,True
S0000303,U000179,2024-08-21,Tablet,iOS,Safari,Referral,58,10,False,False
S0000304,U000740,2024-05-03,Tablet,macOS,Edge,Paid Search,36,5,False,False
S0000305,U001729,2025-08-17,Mobile,iOS,Edge,Referral,37,7,False,False
S0000306,U001106,2025-12-30,Mobile,macOS,Edge,Direct,41,1,True,False
S0000307,U001006,2024-02-04,Tablet,Windows,Safari,Facebook,49,6,False,False
S0000308,U000369,2024-08-20,Mobile,Android,Safari,Facebook,9,4,False,True
S0000309,U000479,2025-05-20,Mobile,Windows,Safari,YouTube,26,10,False,False
S0000310,U000855,2025-04-07,Mobile,macOS,Edge,Referral,14,2,False,False
S0000311,U000958,2024-03-18,Tablet,iOS,Firefox,Email,44,11,False,True
S0000312,U000672,2025-07-21,Mobile,Android,Edge,Organic Search,52,7,False,True
S0000313,U000287,2024-11-19,Desktop,Android,Firefox,Referral,27,4,False,False
S0000314,U001934,2024-11-02,Tablet,iOS,Edge,Facebook,30,6,False,False
S0000315,U001052,2025-04-09,Desktop,Windows,Chrome,Email,52,2,False,True
S0000316,U000518,2024-08-15,Mobile,Windows,Edge,Direct,55,12,False,False
S0000317,U000503,2025-07-31,Desktop,iOS,Safari,Email,20,9,False,False
S0000318,U000361,2024-05-06,Tablet,Android,Firefox,YouTube,48,6,False,False
S0000319,U000267,2024-02-02,Tablet,Android,Chrome,Email,6,2,False,False
S0000320,U001923,2025-06-30,Desktop,iOS,Safari,Direct,54,9,False,True
S0000321,U001710,2025-06-07,Mobile,Windows,Chrome,Paid Search,43,2,False,False
S0000322,U001915,2025-12-22,Mobile,macOS,Safari,Organic Search,42,3,False,False
S0000323,U000205,2025-05-09,Desktop,macOS,Safari,Email,52,4,False,False
S0000324,U000553,2025-11-22,Tablet,iOS,Safari,Direct,26,11,False,False
S0000325,U001288,2024-04-04,Mobile,macOS,Firefox,Facebook,33,2,False,False
S0000326,U001297,2024-12-13,Tablet,macOS,Chrome,Direct,22,1,True,False
S0000327,U001621,2025-05-11,Mobile,Android,Safari,Instagram,43,11,False,False
S0000328,U000313,2025-03-07,Mobile,Windows,Edge,Direct,14,6,False,False
S0000329,U000394,2024-05-15,Mobile,macOS,Firefox,YouTube,46,5,False,False
S0000330,U000447,2024-07-28,Desktop,Windows,Edge,Organic Search,29,2,False,False
S0000331,U001977,2025-10-17,Tablet,Windows,Safari,Paid Search,24,7,False,False
S0000332,U001563,2025-08-11,Desktop,iOS,Edge,Facebook,9,12,False,False
S0000333,U001772,2024-07-06,Tablet,Windows,Firefox,Direct,55,10,False,False
S0000334,U000889,2024-07-19,Tablet,Android,Edge,Organic Search,52,12,False,False
S0000335,U000726,2025-06-23,Mobile,iOS,Safari,Referral,59,12,False,True
S0000336,U000941,2025-05-10,Mobile,Android,Safari,Paid Search,32,7,False,False
S0000337,U000014,2024-09-10,Desktop,Android,Edge,Direct,27,6,False,False
S0000338,U001481,2024-02-11,Tablet,iOS,Firefox,Organic Search,46,7,False,False
S0000339,U000489,2024-03-09,Tablet,iOS,Firefox,Email,57,3,False,False
S0000340,U000822,2024-01-18,Tablet,iOS,Safari,Referral,43,12,False,False
S0000341,U001003,2025-12-14,Mobile,Android,Safari,Instagram,54,7,False,False
S0000342,U001082,2024-04-18,Tablet,Windows,Chrome,Instagram,41,6,False,True
S0000343,U001397,2025-12-18,Tablet,macOS,Edge,Direct,39,6,False,False
S0000344,U000586,2025-10-30,Tablet,iOS,Edge,YouTube,14,10,False,False
S0000345,U000374,2025-01-31,Tablet,iOS,Chrome,Direct,52,1,True,False
S0000346,U000172,2024-12-18,Desktop,Windows,Firefox,Email,41,8,False,True
S0000347,U001019,2025-06-25,Desktop,Windows,Safari,Direct,27,1,True,False
S0000348,U000485,2025-08-16,Mobile,Android,Chrome,Paid Search,1,11,False,False
S0000349,U000071,2025-08-20,Tablet,macOS,Safari,Referral,11,1,True,False
S0000350,U000816,2025-08-14,Mobile,Android,Safari,Email,28,4,False,False
S0000351,U001163,2024-12-17,Desktop,iOS,Safari,Referral,19,5,False,False
S0000352,U000305,2025-06-11,Tablet,Windows,Firefox,YouTube,1,8,False,False
S0000353,U001690,2025-06-24,Desktop,Android,Safari,Referral,43,6,False,False
S0000354,U000204,2024-02-07,Desktop,macOS,Edge,Email,31,1,True,False
S0000355,U001723,2025-09-20,Tablet,Windows,Firefox,Facebook,5,7,False,False
S0000356,U000447,2025-07-28,Desktop,Android,Chrome,Instagram,28,9,False,False
S0000357,U000339,2025-04-27,Mobile,Windows,Edge,Instagram,34,9,False,False
S0000358,U001443,2025-03-13,Tablet,Android,Safari,YouTube,14,2,False,False
S0000359,U001379,2025-09-12,Desktop,Windows,Chrome,Instagram,9,6,False,False
S0000360,U000200,2025-11-16,Mobile,iOS,Safari,Paid Search,34,1,True,False
S0000361,U000143,2024-01-20,Desktop,Windows,Chrome,Organic Search,54,6,False,False
S0000362,U001619,2025-10-22,Mobile,macOS,Edge,Instagram,5,10,False,False
S0000363,U000674,2025-10-10,Tablet,Android,Firefox,Referral,17,7,False,False
S0000364,U000295,2025-03-24,Tablet,Android,Chrome,Facebook,19,4,False,False
S0000365,U000484,2024-12-12,Tablet,iOS,Safari,Referral,7,4,False,False
S0000366,U000875,2024-12-29,Mobile,Android,Chrome,Instagram,5,9,False,False
S0000367,U000352,2025-07-15,Tablet,iOS,Edge,Instagram,19,3,False,False
S0000368,U001206,2024-08-22,Tablet,Windows,Edge,Instagram,41,2,False,False
S0000369,U000375,2025-08-19,Mobile,iOS,Edge,Facebook,39,5,False,False
S0000370,U001708,2024-07-20,Desktop,Windows,Edge,Direct,5,3,False,False
S0000371,U001238,2025-11-11,Desktop,macOS,Safari,YouTube,16,9,False,False
S0000372,U000932,2025-07-28,Tablet,macOS,Edge,Instagram,55,7,False,True
S0000373,U001328,2025-12-30,Desktop,Windows,Edge,Referral,58,2,False,False
S0000374,U001079,2025-04-19,Desktop,iOS,Edge,Organic Search,36,4,False,False
S0000375,U000637,2024-01-24,Desktop,Android,Edge,Email,34,2,False,False
S0000376,U000707,2025-01-01,Desktop,Windows,Edge,YouTube,41,10,False,False
S0000377,U000304,2025-10-25,Mobile,Windows,Safari,Paid Search,49,7,False,False
S0000378,U000624,2024-08-16,Tablet,iOS,Chrome,Email,23,5,False,False
S0000379,U000040,2024-03-26,Desktop,macOS,Chrome,Instagram,15,2,False,True
S0000380,U001839,2024-10-16,Desktop,macOS,Chrome,Direct,29,8,False,False
S0000381,U000345,2025-03-06,Tablet,Android,Chrome,Email,46,11,False,False
S0000382,U000203,2025-06-09,Desktop,iOS,Safari,Facebook,4,3,False,False
S0000383,U000501,2024-07-27,Mobile,Android,Chrome,Email,3,6,False,False
S0000384,U000780,2025-12-21,Desktop,macOS,Chrome,Direct,27,1,True,False
S0000385,U001434,2025-12-12,Mobile,macOS,Firefox,Instagram,18,10,False,False
S0000386,U001608,2024-06-04,Desktop,iOS,Safari,Referral,49,8,False,True
S0000387,U000364,2025-02-25,Tablet,iOS,Firefox,Email,17,12,False,False
S0000388,U001556,2024-02-17,Desktop,macOS,Firefox,Facebook,29,6,False,False
S0000389,U000530,2024-07-15,Desktop,Android,Safari,Organic Search,44,9,False,False
S0000390,U000994,2024-04-05,Desktop,Windows,Chrome,Paid Search,46,2,False,False
S0000391,U000291,2025-02-08,Mobile,Android,Firefox,Paid Search,21,12,False,False
S0000392,U000986,2025-12-07,Tablet,macOS,Safari,Organic Search,21,8,False,False
S0000393,U001871,2024-12-29,Desktop,Windows,Edge,Email,42,6,False,True
S0000394,U001373,2025-08-01,Desktop,iOS,Chrome,Direct,5,10,False,False
S0000395,U000280,2025-03-17,Desktop,Windows,Edge,Facebook,49,8,False,False
S0000396,U001561,2025-03-28,Desktop,Android,Edge,Email,48,12,False,False
S0000397,U001269,2025-09-14,Mobile,iOS,Firefox,Direct,50,9,False,False
S0000398,U000362,2024-05-25,Desktop,Windows,Firefox,Instagram,18,6,False,False
S0000399,U000771,2024-05-20,Tablet,Android,Safari,Email,47,8,False,False
S0000400,U000411,2024-07-24,Tablet,Android,Edge,Facebook,35,9,False,True
S0000401,U000549,2025-09-21,Mobile,macOS,Chrome,YouTube,44,12,False,False
S0000402,U000322,2024-05-12,Tablet,macOS,Edge,YouTube,8,11,False,False
S0000403,U000546,2024-06-29,Desktop,macOS,Safari,Direct,38,8,False,False
S0000404,U001277,2025-05-03,Mobile,Android,Firefox,Facebook,58,4,False,False
S0000405,U000750,2025-01-06,Tablet,Android,Safari,Paid Search,31,9,False,False
S0000406,U000220,2024-11-12,Tablet,Android,Edge,Facebook,37,4,False,False
S0000407,U000143,2024-05-14,Tablet,Android,Edge,Organic Search,6,12,False,False
S0000408,U000769,2025-09-14,Mobile,iOS,Chrome,Instagram,56,7,False,False
S0000409,U001015,2024-06-16,Mobile,Android,Firefox,Email,18,6,False,False
S0000410,U000638,2025-10-19,Mobile,Android,Firefox,YouTube,6,5,False,False
S0000411,U000274,2024-09-19,Mobile,Android,Safari,Referral,15,1,True,False
S0000412,U000101,2025-04-14,Tablet,Windows,Firefox,Referral,13,6,False,False
S0000413,U001112,2024-01-03,Desktop,macOS,Chrome,YouTube,38,9,False,False
S0000414,U001795,2025-02-11,Desktop,Android,Chrome,Email,54,9,False,False
S0000415,U001201,2025-10-01,Mobile,macOS,Edge,YouTube,10,12,False,False
S0000416,U001875,2024-11-18,Desktop,Android,Firefox,Referral,59,9,False,False
S0000417,U001012,2025-10-31,Tablet,Android,Edge,Organic Search,25,1,True,False
S0000418,U000295,2024-12-30,Tablet,macOS,Edge,Facebook,37,3,False,False
S0000419,U001837,2024-08-09,Tablet,Android,Safari,Email,26,8,False,False
S0000420,U001089,2024-01-26,Mobile,iOS,Safari,Organic Search,5,7,False,False
S0000421,U000967,2024-12-15,Desktop,Android,Chrome,Email,7,8,False,False
S0000422,U000248,2024-07-10,Desktop,Windows,Firefox,Referral,14,12,False,False
S0000423,U000482,2025-07-06,Mobile,macOS,Edge,Facebook,19,10,False,True
S0000424,U000650,2025-07-16,Tablet,Windows,Edge,Paid Search,55,11,False,False
S0000425,U001715,2025-06-18,Mobile,macOS,Safari,Email,4,12,False,False
S0000426,U001756,2024-11-29,Mobile,iOS,Firefox,Instagram,50,7,False,False
S0000427,U001031,2024-10-10,Mobile,iOS,Safari,YouTube,20,2,False,False
S0000428,U000274,2025-08-10,Desktop,Windows,Chrome,Organic Search,10,3,False,False
S0000429,U000349,2024-01-07,Mobile,Windows,Safari,YouTube,33,5,False,False
S0000430,U001586,2025-08-10,Mobile,Android,Safari,Organic Search,48,1,True,False
S0000431,U001393,2024-05-07,Tablet,Windows,Safari,Facebook,19,7,False,False
S0000432,U001808,2024-02-08,Tablet,Windows,Safari,Direct,40,11,False,False
S0000433,U001796,2024-03-06,Mobile,macOS,Safari,Referral,58,5,False,False
S0000434,U001653,2024-08-11,Desktop,Android,Edge,Paid Search,35,9,False,False
S0000435,U000653,2025-05-17,Mobile,iOS,Edge,Email,28,6,False,True
S0000436,U001216,2024-12-26,Desktop,iOS,Firefox,Organic Search,50,9,False,False
S0000437,U001289,2025-11-14,Tablet,Windows,Safari,Direct,30,2,False,False
S0000438,U000381,2024-11-18,Mobile,Android,Chrome,Instagram,40,9,False,False
S0000439,U001800,2025-10-02,Desktop,macOS,Safari,Paid Search,41,12,False,True
S0000440,U000317,2025-02-17,Mobile,Android,Chrome,Referral,17,9,False,False
S0000441,U001351,2024-01-09,Tablet,iOS,Firefox,Facebook,49,2,False,False
S0000442,U000945,2024-12-11,Tablet,Android,Firefox,Direct,48,2,False,False
S0000443,U000914,2024-05-26,Mobile,Windows,Firefox,Direct,11,1,True,False
S0000444,U001981,2024-12-26,Tablet,iOS,Edge,Paid Search,4,9,False,False
S0000445,U001496,2024-12-15,Tablet,Windows,Chrome,Direct,55,8,False,False
S0000446,U000965,2025-01-05,Desktop,Windows,Firefox,Organic Search,27,10,False,False
S0000447,U001438,2025-02-03,Tablet,Android,Firefox,Paid Search,31,12,False,False
S0000448,U000131,2024-02-24,Mobile,Android,Edge,Instagram,15,10,False,False
S0000449,U000706,2024-03-11,Desktop,iOS,Safari,Direct,3,12,False,False
S0000450,U000707,2024-12-16,Tablet,iOS,Firefox,Organic Search,51,4,False,False
S0000451,U000217,2024-11-23,Desktop,macOS,Firefox,Facebook,49,11,False,False
S0000452,U000150,2024-04-30,Desktop,Android,Firefox,Organic Search,14,10,False,False
S0000453,U001439,2025-05-22,Tablet,macOS,Firefox,Paid Search,13,4,False,False
S0000454,U001197,2024-07-13,Mobile,Android,Chrome,Instagram,19,9,False,False
S0000455,U001916,2025-03-29,Mobile,iOS,Safari,Paid Search,52,1,True,False
S0000456,U000771,2025-10-04,Desktop,Windows,Edge,Email,22,10,False,True
S0000457,U001650,2025-05-15,Mobile,Windows,Safari,Facebook,30,8,False,False
S0000458,U000167,2025-03-17,Tablet,Android,Chrome,Paid Search,19,5,False,False
S0000459,U000603,2024-02-03,Desktop,Windows,Chrome,Email,31,2,False,False
S0000460,U000512,2024-03-19,Tablet,iOS,Safari,Instagram,46,5,False,False
S0000461,U001707,2024-09-11,Desktop,iOS,Firefox,YouTube,44,8,False,False
S0000462,U000124,2024-05-09,Desktop,Android,Edge,YouTube,26,7,False,False
S0000463,U000457,2025-09-09,Desktop,macOS,Firefox,Paid Search,25,12,False,True
S0000464,U001610,2025-06-28,Tablet,Windows,Edge,YouTube,10,1,True,False
S0000465,U000006,2024-12-13,Tablet,Android,Firefox,Direct,34,10,False,False
S0000466,U001544,2024-06-04,Tablet,iOS,Chrome,Facebook,51,9,False,False
S0000467,U000052,2025-06-05,Desktop,Windows,Safari,Organic Search,14,10,False,False
S0000468,U001985,2025-04-21,Tablet,iOS,Safari,Referral,9,7,False,False
S0000469,U000221,2024-04-13,Desktop,macOS,Firefox,Organic Search,24,3,False,False
S0000470,U001402,2025-06-12,Desktop,Android,Safari,Referral,14,11,False,False
S0000471,U000148,2025-04-15,Mobile,iOS,Chrome,Email,34,2,False,False
S0000472,U001413,2025-06-04,Desktop,Android,Edge,Email,22,4,False,False
S0000473,U000339,2025-01-26,Desktop,Android,Firefox,Direct,1,4,False,False
S0000474,U000594,2024-10-04,Desktop,Windows,Firefox,Email,48,12,False,False
S0000475,U001075,2024-01-21,Desktop,Android,Firefox,Organic Search,12,10,False,False
S0000476,U001875,2025-10-04,Tablet,macOS,Firefox,Referral,6,2,False,False
S0000477,U001854,2024-10-20,Mobile,macOS,Safari,Organic Search,22,5,False,False
S0000478,U001021,2025-11-01,Mobile,macOS,Safari,Paid Search,18,10,False,False
S0000479,U001241,2025-12-14,Desktop,iOS,Safari,Referral,39,5,False,False
S0000480,U001866,2024-01-06,Mobile,Android,Firefox,Organic Search,15,10,False,False
S0000481,U000272,2024-09-13,Desktop,Windows,Chrome,Organic Search,22,8,False,False
S0000482,U001250,2025-05-26,Desktop,iOS,Safari,Facebook,19,2,False,False
S0000483,U001276,2024-08-01,Tablet,Android,Chrome,Referral,57,4,False,True
S0000484,U000396,2024-07-20,Tablet,macOS,Chrome,YouTube,43,8,False,False
S0000485,U000942,2024-05-22,Mobile,macOS,Edge,Facebook,21,9,False,False
S0000486,U001303,2024-02-25,Desktop,iOS,Safari,YouTube,49,2,False,False
S0000487,U001530,2024-02-26,Desktop,iOS,Safari,Direct,29,2,False,False
S0000488,U001994,2025-01-01,Mobile,Windows,Edge,Referral,36,2,False,False
S0000489,U000679,2024-08-13,Tablet,iOS,Edge,Facebook,49,9,False,False
S0000490,U000086,2024-08-12,Tablet,macOS,Chrome,Facebook,37,11,False,False
S0000491,U001512,2024-10-10,Tablet,iOS,Firefox,Email,7,12,False,False
S0000492,U000338,2025-10-15,Tablet,iOS,Edge,Referral,30,12,False,False
S0000493,U000212,2025-02-12,Tablet,iOS,Firefox,YouTube,58,7,False,False
S0000494,U001070,2024-11-24,Mobile,macOS,Firefox,Facebook,32,1,True,False
S0000495,U000543,2025-12-04,Mobile,iOS,Firefox,Organic Search,36,12,False,False
S0000496,U001320,2025-10-07,Desktop,Windows,Safari,Instagram,1,1,True,False
S0000497,U001517,2024-04-28,Mobile,Windows,Safari,Facebook,27,1,True,False
S0000498,U000858,2024-10-28,Tablet,macOS,Edge,YouTube,50,1,True,False
S0000499,U000707,2025-04-16,Tablet,iOS,Firefox,Direct,34,12,False,False
S0000500,U000517,2025-05-31,Desktop,macOS,Edge,Instagram,30,4,False,False
S0000501,U001560,2024-01-22,Desktop,Android,Safari,YouTube,8,11,False,False
S0000502,U001834,2024-04-24,Desktop,iOS,Safari,Email,41,6,False,False
S0000503,U001580,2025-01-31,Mobile,iOS,Edge,Direct,43,8,False,False
S0000504,U000375,2024-07-30,Mobile,macOS,Safari,Referral,23,11,False,False
S0000505,U001989,2024-12-17,Tablet,macOS,Chrome,Paid Search,8,9,False,False
S0000506,U001713,2025-03-13,Tablet,Windows,Firefox,Organic Search,31,5,False,False
S0000507,U001035,2024-08-31,Mobile,Windows,Firefox,Paid Search,60,3,False,False
S0000508,U001216,2025-04-29,Desktop,macOS,Safari,Instagram,13,2,False,False
S0000509,U001674,2025-09-30,Mobile,macOS,Chrome,Direct,10,8,False,False
S0000510,U000437,2025-02-14,Tablet,macOS,Chrome,Referral,57,8,False,False
S0000511,U001430,2025-01-15,Desktop,Windows,Safari,Facebook,28,4,False,False
S0000512,U000896,2024-08-03,Tablet,Windows,Firefox,Email,12,12,False,False
S0000513,U001743,2025-12-03,Desktop,macOS,Safari,YouTube,33,9,False,False
S0000514,U000675,2024-12-01,Desktop,Windows,Edge,Instagram,9,3,False,False
S0000515,U001175,2024-06-03,Desktop,Android,Chrome,Instagram,20,4,False,False
S0000516,U001884,2024-06-09,Desktop,macOS,Edge,Instagram,33,5,False,False
S0000517,U000508,2024-04-21,Desktop,macOS,Edge,Organic Search,27,1,True,False
S0000518,U001538,2025-07-06,Mobile,macOS,Chrome,Instagram,44,4,False,False
S0000519,U001616,2025-07-18,Tablet,Android,Safari,Paid Search,46,12,False,False
S0000520,U001623,2025-05-24,Tablet,macOS,Edge,Paid Search,16,5,False,True
S0000521,U000046,2025-01-29,Tablet,Windows,Safari,YouTube,56,3,False,False
S0000522,U000464,2024-11-05,Desktop,iOS,Chrome,Instagram,29,7,False,False
S0000523,U000910,2025-01-13,Desktop,Android,Chrome,YouTube,15,12,False,False
S0000524,U000116,2025-03-28,Mobile,Android,Safari,Paid Search,37,5,False,False
S0000525,U001513,2024-02-27,Desktop,Windows,Edge,Organic Search,30,9,False,False
S0000526,U001158,2025-10-12,Mobile,Android,Safari,Referral,22,8,False,False
S0000527,U001228,2024-04-22,Tablet,macOS,Firefox,Instagram,55,9,False,False
S0000528,U001345,2024-05-18,Mobile,iOS,Chrome,Organic Search,22,6,False,False
S0000529,U000186,2024-12-10,Desktop,iOS,Safari,Organic Search,29,1,True,False
S0000530,U000579,2024-12-03,Desktop,Windows,Safari,Referral,24,3,False,False
S0000531,U001019,2025-12-01,Mobile,Android,Firefox,YouTube,57,5,False,False
S0000532,U000871,2024-11-28,Desktop,macOS,Edge,YouTube,42,3,False,False
S0000533,U000672,2024-08-30,Mobile,macOS,Edge,Instagram,16,6,False,False
S0000534,U000174,2024-02-03,Mobile,macOS,Safari,Instagram,43,6,False,True
S0000535,U000957,2025-11-26,Tablet,iOS,Firefox,Email,5,10,False,False
S0000536,U000787,2024-10-26,Mobile,iOS,Firefox,Instagram,5,3,False,False
S0000537,U000103,2025-06-08,Mobile,macOS,Safari,Direct,34,11,False,True
S0000538,U001983,2025-02-27,Desktop,Windows,Safari,Facebook,8,4,False,False
S0000539,U000495,2024-06-27,Mobile,macOS,Firefox,Email,44,7,False,True
S0000540,U000810,2024-08-25,Tablet,iOS,Safari,Organic Search,10,3,False,False
S0000541,U000294,2024-02-07,Mobile,Windows,Firefox,Paid Search,48,11,False,False
S0000542,U000946,2025-08-29,Mobile,iOS,Chrome,Facebook,11,10,False,False
S0000543,U000209,2025-03-22,Desktop,Windows,Edge,YouTube,16,8,False,False
S0000544,U000665,2025-04-15,Tablet,Android,Chrome,Organic Search,33,2,False,False
S0000545,U000758,2025-04-25,Tablet,Windows,Firefox,Organic Search,34,1,True,False
S0000546,U000623,2024-04-18,Mobile,Android,Firefox,Organic Search,35,2,False,False
S0000547,U001734,2024-02-07,Tablet,Windows,Chrome,Instagram,22,1,True,False
S0000548,U001953,2024-09-01,Tablet,macOS,Chrome,Direct,25,12,False,False
S0000549,U000955,2025-01-03,Mobile,macOS,Safari,Facebook,7,4,False,False
S0000550,U000254,2024-09-07,Tablet,Windows,Edge,Facebook,27,1,True,False
S0000551,U001517,2025-01-24,Desktop,iOS,Edge,Paid Search,58,7,False,False
S0000552,U000753,2024-02-13,Tablet,iOS,Edge,YouTube,10,12,False,False
S0000553,U001633,2025-08-01,Desktop,iOS,Firefox,Paid Search,50,3,False,True
S0000554,U000252,2024-07-03,Tablet,Android,Chrome,Email,55,3,False,False
S0000555,U000598,2024-02-18,Desktop,macOS,Firefox,YouTube,15,2,False,False
S0000556,U001859,2025-04-25,Mobile,macOS,Safari,Instagram,44,6,False,False
S0000557,U000834,2025-11-17,Mobile,Windows,Firefox,Instagram,32,9,False,False
S0000558,U000754,2025-07-30,Tablet,macOS,Firefox,Paid Search,55,1,True,False
S0000559,U001799,2024-04-26,Tablet,macOS,Edge,Instagram,26,5,False,False
S0000560,U000974,2024-03-01,Mobile,Windows,Safari,Direct,13,3,False,False
S0000561,U001250,2024-01-18,Tablet,macOS,Safari,Facebook,18,12,False,False
S0000562,U000563,2024-08-09,Mobile,iOS,Firefox,Referral,7,3,False,False
S0000563,U001215,2025-06-14,Mobile,Windows,Firefox,Email,17,6,False,False
S0000564,U000818,2024-12-16,Mobile,Android,Firefox,Facebook,37,4,False,False
S0000565,U000630,2024-08-11,Tablet,macOS,Firefox,Paid Search,41,5,False,False
S0000566,U001003,2025-03-17,Tablet,macOS,Firefox,YouTube,38,3,False,True
S0000567,U001149,2024-06-18,Tablet,macOS,Edge,Referral,40,4,False,False
S0000568,U000856,2024-12-17,Mobile,macOS,Edge,Paid Search,28,12,False,False
S0000569,U001326,2024-07-26,Mobile,iOS,Chrome,Email,52,3,False,False
S0000570,U000208,2024-12-24,Desktop,iOS,Safari,Organic Search,40,12,False,False
S0000571,U000869,2025-02-08,Mobile,Windows,Safari,Referral,11,3,False,False
S0000572,U000209,2024-09-27,Desktop,Android,Firefox,Instagram,6,11,False,False
S0000573,U001821,2024-10-26,Desktop,iOS,Firefox,Referral,56,1,True,False
S0000574,U001039,2024-01-02,Desktop,Windows,Firefox,Email,15,6,False,False
S0000575,U000013,2025-04-05,Mobile,Android,Edge,Paid Search,40,2,False,True
S0000576,U001586,2024-05-10,Tablet,macOS,Safari,Organic Search,53,9,False,False
S0000577,U000796,2025-06-21,Desktop,iOS,Safari,Referral,57,7,False,False
S0000578,U001003,2025-05-25,Mobile,Windows,Chrome,Organic Search,42,11,False,False
S0000579,U000903,2024-02-14,Tablet,iOS,Edge,Referral,19,1,True,False
S0000580,U001765,2024-05-26,Mobile,Windows,Safari,Referral,55,9,False,False
S0000581,U001042,2024-12-19,Desktop,Android,Edge,Facebook,46,8,False,False
S0000582,U001565,2024-05-22,Tablet,Android,Edge,Direct,10,3,False,False
S0000583,U000542,2025-08-03,Desktop,macOS,Safari,Direct,17,3,False,False
S0000584,U001734,2024-12-08,Desktop,iOS,Chrome,Direct,30,8,False,False
S0000585,U000719,2025-09-26,Tablet,iOS,Edge,Paid Search,7,11,False,False
S0000586,U000936,2025-02-06,Desktop,Windows,Edge,YouTube,7,5,False,False
S0000587,U000614,2025-07-04,Desktop,macOS,Firefox,Direct,13,9,False,False
S0000588,U001403,2024-08-30,Tablet,iOS,Safari,Instagram,52,1,True,False
S0000589,U001523,2025-08-27,Tablet,Android,Firefox,Facebook,58,12,False,False
S0000590,U000483,2025-07-09,Desktop,Android,Edge,Instagram,29,8,False,True
S0000591,U000831,2025-03-25,Mobile,Android,Firefox,Facebook,16,3,False,False
S0000592,U001131,2025-11-17,Tablet,macOS,Firefox,YouTube,27,2,False,False
S0000593,U001006,2025-10-12,Tablet,Windows,Safari,Email,48,8,False,False
S0000594,U000676,2024-02-19,Mobile,Android,Firefox,Facebook,46,7,False,False
S0000595,U000741,2025-09-01,Tablet,Android,Chrome,Paid Search,50,11,False,False
S0000596,U001960,2025-11-28,Desktop,Android,Edge,Instagram,46,9,False,False
S0000597,U000740,2025-10-01,Desktop,macOS,Edge,Referral,41,1,True,True
S0000598,U000511,2025-02-09,Desktop,Android,Safari,Instagram,32,10,False,False
S0000599,U001162,2025-02-20,Desktop,macOS,Chrome,Referral,19,10,False,False
S0000600,U001572,2024-09-07,Mobile,Windows,Chrome,Paid Search,36,11,False,False
S0000601,U000517,2024-08-02,Desktop,Android,Safari,YouTube,2,1,True,True
S0000602,U001739,2024-08-04,Desktop,Windows,Firefox,Referral,39,1,True,False
S0000603,U001534,2024-04-29,Desktop,Windows,Safari,Referral,21,10,False,False
S0000604,U001408,2024-10-16,Tablet,Windows,Chrome,Organic Search,7,11,False,False
S0000605,U000283,2024-01-15,Desktop,macOS,Edge,Facebook,46,5,False,False
S0000606,U001305,2024-05-03,Tablet,iOS,Safari,YouTube,11,11,False,False
S0000607,U000352,2025-05-29,Tablet,iOS,Edge,Organic Search,23,12,False,False
S0000608,U000200,2025-10-27,Tablet,macOS,Edge,Instagram,23,2,False,False
S0000609,U000897,2024-06-12,Desktop,Android,Edge,Instagram,5,3,False,False
S0000610,U001939,2024-02-16,Tablet,macOS,Safari,Referral,15,7,False,False
S0000611,U001123,2024-11-08,Tablet,Android,Safari,Instagram,29,4,False,False
S0000612,U001358,2025-04-14,Mobile,Windows,Chrome,Facebook,35,8,False,False
S0000613,U001133,2025-05-17,Tablet,Windows,Firefox,Organic Search,46,11,False,False
S0000614,U000691,2025-12-18,Tablet,Android,Chrome,YouTube,31,8,False,True
S0000615,U001183,2025-06-24,Tablet,Windows,Safari,Facebook,6,11,False,False
S0000616,U001111,2024-07-04,Desktop,macOS,Firefox,Referral,26,7,False,False
S0000617,U001412,2025-05-29,Mobile,Android,Firefox,Email,10,12,False,True
S0000618,U000928,2024-08-28,Tablet,Android,Chrome,Email,24,7,False,False
S0000619,U001167,2025-10-19,Desktop,iOS,Edge,Instagram,10,6,False,False
S0000620,U001965,2024-02-26,Tablet,macOS,Safari,Email,21,9,False,False
S0000621,U000943,2025-11-17,Tablet,Windows,Chrome,Referral,21,12,False,True
S0000622,U001849,2025-07-30,Tablet,iOS,Safari,YouTube,12,9,False,False
S0000623,U001833,2024-09-23,Tablet,Windows,Edge,YouTube,18,12,False,False
S0000624,U001772,2025-08-01,Tablet,Android,Safari,Email,6,5,False,False
S0000625,U000884,2025-12-27,Desktop,iOS,Safari,Facebook,7,10,False,False
S0000626,U000378,2025-10-23,Mobile,iOS,Chrome,Instagram,17,4,False,False
S0000627,U000330,2024-09-22,Mobile,Windows,Safari,Email,26,7,False,False
S0000628,U000036,2024-04-07,Mobile,Windows,Firefox,Paid Search,25,3,False,False
S0000629,U000660,2025-06-24,Tablet,macOS,Chrome,Facebook,25,5,False,True
S0000630,U000216,2024-06-27,Mobile,iOS,Edge,Referral,54,9,False,False
S0000631,U001079,2025-09-01,Tablet,Android,Safari,Instagram,48,11,False,False
S0000632,U000311,2025-03-04,Tablet,Android,Firefox,YouTube,60,3,False,False
S0000633,U000419,2024-11-27,Mobile,iOS,Firefox,Facebook,29,8,False,False
S0000634,U000041,2025-02-20,Mobile,macOS,Chrome,Direct,34,10,False,False
S0000635,U001968,2025-06-15,Desktop,Windows,Firefox,Facebook,45,10,False,False
S0000636,U001781,2024-07-14,Desktop,Windows,Chrome,Direct,46,9,False,False
S0000637,U000993,2024-11-22,Tablet,Windows,Edge,Direct,37,4,False,False
S0000638,U001914,2025-06-17,Desktop,iOS,Safari,Organic Search,26,9,False,False
S0000639,U000008,2024-07-24,Tablet,iOS,Chrome,Instagram,11,2,False,False
S0000640,U000344,2024-08-24,Mobile,Windows,Firefox,Direct,32,8,False,True
S0000641,U000681,2025-11-06,Mobile,iOS,Safari,Paid Search,45,11,False,False
S0000642,U000582,2024-12-06,Desktop,iOS,Edge,Direct,31,7,False,False
S0000643,U001839,2024-07-30,Mobile,iOS,Safari,Organic Search,15,12,False,False
S0000644,U000038,2024-05-06,Tablet,Android,Edge,Direct,56,7,False,False
S0000645,U000854,2024-09-04,Desktop,Android,Safari,Referral,39,4,False,False
S0000646,U000877,2024-12-12,Mobile,iOS,Safari,Facebook,7,6,False,False
S0000647,U001202,2025-06-04,Tablet,iOS,Safari,Facebook,32,3,False,False
S0000648,U000527,2025-05-03,Desktop,Windows,Safari,Direct,27,5,False,False
S0000649,U001822,2024-05-28,Mobile,Windows,Firefox,Organic Search,58,9,False,False
S0000650,U000705,2024-09-27,Tablet,macOS,Firefox,YouTube,34,9,False,True
S0000651,U000269,2024-09-20,Desktop,Windows,Firefox,Paid Search,48,5,False,False
S0000652,U001475,2024-08-20,Mobile,Windows,Chrome,YouTube,42,1,True,False
S0000653,U001108,2024-01-19,Desktop,iOS,Safari,YouTube,32,10,False,False
S0000654,U001881,2024-11-22,Tablet,macOS,Safari,Email,6,10,False,False
S0000655,U001212,2025-03-09,Desktop,macOS,Firefox,Email,54,7,False,False
S0000656,U001153,2024-09-26,Desktop,macOS,Firefox,YouTube,60,4,False,False
S0000657,U000397,2025-06-12,Tablet,Android,Edge,YouTube,15,4,False,False
S0000658,U000470,2025-07-17,Tablet,Windows,Firefox,Organic Search,59,3,False,False
S0000659,U001648,2024-02-05,Mobile,macOS,Edge,Facebook,12,4,False,False
S0000660,U001076,2025-06-26,Mobile,Windows,Firefox,Organic Search,21,1,True,False
S0000661,U000766,2024-01-19,Desktop,Android,Safari,Organic Search,21,11,False,True
S0000662,U001745,2024-03-24,Tablet,macOS,Edge,Paid Search,40,8,False,False
S0000663,U001423,2024-07-23,Desktop,macOS,Edge,YouTube,18,6,False,False
S0000664,U000099,2024-05-15,Tablet,iOS,Chrome,Paid Search,25,1,True,False
S0000665,U001895,2024-05-10,Tablet,Android,Safari,YouTube,29,5,False,False
S0000666,U001381,2025-10-22,Tablet,iOS,Safari,Facebook,24,4,False,False
S0000667,U001368,2025-03-08,Tablet,iOS,Firefox,Referral,33,12,False,False
S0000668,U001300,2024-07-27,Tablet,iOS,Firefox,Facebook,8,4,False,False
S0000669,U000715,2025-03-28,Desktop,Windows,Safari,Email,51,12,False,False
S0000670,U001731,2024-02-09,Desktop,macOS,Firefox,Referral,55,10,False,False
S0000671,U000741,2024-12-07,Desktop,Android,Chrome,Direct,31,8,False,False
S0000672,U000344,2025-08-23,Desktop,macOS,Firefox,YouTube,15,9,False,False
S0000673,U000265,2024-11-27,Tablet,Windows,Safari,Instagram,58,2,False,False
S0000674,U000746,2025-03-30,Tablet,Android,Edge,Direct,24,8,False,False
S0000675,U000339,2024-01-24,Mobile,Windows,Firefox,Organic Search,53,10,False,True
S0000676,U001898,2025-08-27,Mobile,macOS,Edge,YouTube,21,5,False,False
S0000677,U001300,2024-05-25,Mobile,iOS,Chrome,Email,21,9,False,False
S0000678,U001679,2024-01-20,Desktop,macOS,Edge,Referral,18,5,False,False
S0000679,U000356,2025-03-11,Mobile,Android,Chrome,YouTube,7,3,False,False
S0000680,U000904,2024-11-05,Mobile,iOS,Safari,Instagram,22,4,False,False
S0000681,U001694,2025-08-01,Mobile,macOS,Edge,Direct,60,10,False,False
S0000682,U001748,2024-12-09,Desktop,Windows,Safari,Referral,47,12,False,False
S0000683,U001440,2024-12-10,Desktop,Android,Safari,Email,49,11,False,False
S0000684,U001418,2025-05-10,Tablet,macOS,Safari,Email,30,7,False,False
S0000685,U000244,2024-12-27,Tablet,Android,Safari,YouTube,38,11,False,False
S0000686,U001558,2025-12-23,Tablet,macOS,Firefox,Instagram,27,1,True,False
S0000687,U001850,2025-08-27,Desktop,iOS,Firefox,Organic Search,1,1,True,False
S0000688,U001128,2024-05-20,Desktop,Android,Chrome,Paid Search,29,12,False,False
S0000689,U001689,2024-03-19,Tablet,Android,Edge,YouTube,2,8,False,False
S0000690,U000167,2024-05-28,Mobile,iOS,Firefox,YouTube,23,3,False,False
S0000691,U000568,2024-11-15,Desktop,Windows,Firefox,YouTube,16,1,True,False
S0000692,U000344,2025-12-07,Desktop,iOS,Edge,Referral,32,2,False,True
S0000693,U000020,2024-07-04,Desktop,Windows,Safari,Organic Search,11,5,False,False
S0000694,U000236,2025-04-13,Mobile,macOS,Firefox,Instagram,33,11,False,False
S0000695,U000613,2025-04-25,Mobile,iOS,Edge,YouTube,49,4,False,False
S0000696,U000614,2025-05-02,Mobile,macOS,Edge,Instagram,22,10,False,False
S0000697,U000099,2024-02-07,Mobile,iOS,Chrome,Email,3,8,False,False
S0000698,U001886,2025-04-04,Desktop,macOS,Edge,Paid Search,55,1,True,False
S0000699,U001901,2025-11-10,Desktop,macOS,Edge,Referral,50,3,False,False
S0000700,U001356,2025-10-26,Mobile,macOS,Firefox,Email,51,1,True,False
S0000701,U000702,2025-02-16,Tablet,Android,Chrome,Facebook,29,10,False,False
S0000702,U001655,2024-01-16,Mobile,Android,Safari,Paid Search,47,10,False,False
S0000703,U000627,2024-04-11,Desktop,Android,Chrome,Instagram,31,4,False,True
S0000704,U001470,2024-06-06,Tablet,iOS,Edge,YouTube,34,4,False,True
S0000705,U000062,2024-03-31,Desktop,macOS,Edge,Email,50,9,False,False
S0000706,U000343,2025-06-07,Tablet,macOS,Chrome,YouTube,35,7,False,False
S0000707,U000373,2025-08-29,Desktop,iOS,Safari,Email,31,8,False,False
S0000708,U001524,2024-10-04,Mobile,iOS,Safari,Referral,48,6,False,False
S0000709,U001048,2025-10-26,Mobile,iOS,Chrome,Direct,58,11,False,False
S0000710,U001903,2024-05-02,Tablet,Windows,Chrome,Instagram,22,12,False,False
S0000711,U001795,2024-08-20,Mobile,Android,Firefox,Referral,52,6,False,False
S0000712,U000179,2025-05-21,Desktop,Android,Chrome,Organic Search,33,5,False,False
S0000713,U001253,2025-04-26,Mobile,iOS,Chrome,Instagram,10,5,False,False
S0000714,U000456,2025-06-29,Desktop,Android,Chrome,YouTube,4,8,False,False
S0000715,U001460,2025-02-16,Mobile,macOS,Chrome,Paid Search,25,1,True,False
S0000716,U001864,2025-06-09,Desktop,macOS,Chrome,Email,22,11,False,False
S0000717,U000496,2024-09-27,Desktop,macOS,Firefox,Organic Search,42,5,False,True
S0000718,U001145,2024-11-27,Desktop,iOS,Firefox,Organic Search,3,1,True,False
S0000719,U001915,2025-11-03,Mobile,macOS,Chrome,YouTube,42,9,False,False
S0000720,U000606,2025-07-01,Mobile,macOS,Firefox,Facebook,56,10,False,False
S0000721,U001254,2024-04-20,Tablet,iOS,Chrome,Email,40,4,False,False
S0000722,U000537,2025-06-24,Tablet,Android,Safari,Facebook,51,11,False,False
S0000723,U001186,2024-05-13,Desktop,iOS,Firefox,Paid Search,32,3,False,False
S0000724,U000796,2025-03-05,Mobile,Android,Firefox,Paid Search,32,1,True,False
S0000725,U000511,2025-09-29,Tablet,Android,Firefox,Facebook,51,5,False,False
S0000726,U000418,2024-02-14,Tablet,macOS,Safari,Email,42,11,False,False
S0000727,U001973,2025-01-17,Mobile,Windows,Firefox,Instagram,43,10,False,True
S0000728,U000410,2024-12-12,Tablet,Windows,Firefox,YouTube,14,10,False,False
S0000729,U001375,2024-09-27,Desktop,Windows,Firefox,Organic Search,32,11,False,False
S0000730,U001273,2025-09-24,Tablet,macOS,Chrome,Referral,44,10,False,False
S0000731,U001739,2025-12-31,Mobile,Windows,Safari,YouTube,14,2,False,False
S0000732,U000370,2024-10-28,Mobile,Android,Firefox,YouTube,35,9,False,False
S0000733,U001086,2024-07-20,Tablet,Windows,Firefox,Organic Search,39,2,False,False
S0000734,U000225,2024-06-27,Desktop,macOS,Safari,Direct,7,7,False,False
S0000735,U000247,2024-01-20,Mobile,iOS,Edge,YouTube,24,8,False,False
S0000736,U000979,2025-03-22,Tablet,macOS,Safari,Direct,7,3,False,False
S0000737,U001750,2024-04-25,Tablet,iOS,Safari,Facebook,50,3,False,False
S0000738,U000131,2024-07-24,Tablet,Windows,Safari,Paid Search,32,5,False,False
S0000739,U000758,2025-04-05,Mobile,iOS,Safari,Paid Search,30,4,False,False
S0000740,U000291,2025-01-15,Desktop,Android,Safari,Paid Search,60,7,False,True
S0000741,U001370,2025-08-25,Desktop,iOS,Chrome,Facebook,17,5,False,False
S0000742,U001011,2025-11-04,Desktop,iOS,Firefox,Instagram,17,2,False,False
S0000743,U000743,2024-01-06,Tablet,Android,Safari,Facebook,44,11,False,False
S0000744,U000323,2024-07-16,Tablet,Windows,Edge,Referral,47,6,False,False
S0000745,U000451,2025-09-01,Tablet,macOS,Safari,Direct,36,1,True,False
S0000746,U001950,2025-06-12,Tablet,Android,Safari,Email,2,10,False,False
S0000747,U001907,2024-02-24,Tablet,Android,Firefox,Direct,39,7,False,False
S0000748,U001265,2025-07-11,Mobile,macOS,Firefox,Paid Search,53,8,False,False
S0000749,U001028,2025-03-18,Desktop,Windows,Edge,YouTube,20,7,False,False
S0000750,U001463,2025-10-13,Mobile,iOS,Edge,Instagram,45,2,False,False
S0000751,U001378,2024-11-30,Tablet,Android,Edge,YouTube,23,6,False,False
S0000752,U001466,2024-11-24,Mobile,iOS,Chrome,Instagram,47,3,False,False
S0000753,U001990,2024-09-09,Tablet,iOS,Firefox,Direct,23,2,False,False
S0000754,U000786,2025-07-19,Mobile,macOS,Firefox,Organic Search,56,11,False,False
S0000755,U001058,2024-04-10,Tablet,Windows,Firefox,Direct,24,7,False,False
S0000756,U001266,2024-06-05,Desktop,Windows,Edge,YouTube,45,1,True,False
S0000757,U000195,2024-11-22,Tablet,Android,Edge,Referral,13,4,False,False
S0000758,U001685,2025-12-25,Mobile,Android,Safari,Referral,34,2,False,False
S0000759,U000231,2025-09-15,Mobile,macOS,Edge,Referral,11,8,False,False
S0000760,U000945,2025-03-16,Desktop,macOS,Firefox,Paid Search,29,12,False,False
S0000761,U000731,2024-06-09,Desktop,macOS,Safari,Facebook,38,11,False,False
S0000762,U001632,2024-12-22,Tablet,iOS,Firefox,Email,38,11,False,False
S0000763,U000230,2024-06-03,Desktop,iOS,Safari,Direct,51,2,False,False
S0000764,U001653,2025-02-25,Desktop,macOS,Firefox,Organic Search,56,12,False,False
S0000765,U001997,2024-10-07,Desktop,macOS,Safari,Email,59,11,False,False
S0000766,U000489,2025-08-09,Mobile,macOS,Chrome,Email,49,3,False,True
S0000767,U001274,2025-02-06,Tablet,Windows,Firefox,Email,56,2,False,False
S0000768,U000267,2025-11-11,Tablet,Android,Edge,Email,20,1,True,False
S0000769,U000408,2024-04-30,Tablet,Windows,Chrome,Paid Search,7,11,False,False
S0000770,U000772,2024-03-24,Mobile,Android,Edge,YouTube,26,7,False,False
S0000771,U001370,2024-05-29,Mobile,Android,Firefox,Email,9,9,False,True
S0000772,U000182,2025-10-25,Tablet,Android,Safari,Paid Search,5,2,False,False
S0000773,U000369,2024-11-02,Mobile,iOS,Chrome,Organic Search,24,8,False,False
S0000774,U000142,2025-05-31,Mobile,macOS,Edge,Email,44,7,False,False
S0000775,U000783,2025-12-01,Desktop,macOS,Chrome,Direct,46,7,False,False
S0000776,U001699,2024-03-28,Mobile,iOS,Safari,Direct,27,11,False,False
S0000777,U000823,2024-01-07,Tablet,Android,Safari,Paid Search,10,6,False,False
S0000778,U001967,2025-12-22,Desktop,Android,Chrome,Organic Search,51,4,False,False
S0000779,U001761,2025-12-23,Desktop,macOS,Safari,Organic Search,34,5,False,True
S0000780,U000232,2024-12-17,Tablet,Windows,Chrome,Referral,26,3,False,False
S0000781,U001124,2025-03-06,Desktop,macOS,Safari,Instagram,42,6,False,False
S0000782,U001652,2025-02-21,Tablet,Windows,Safari,Direct,4,9,False,False
S0000783,U000563,2025-11-04,Mobile,macOS,Edge,Organic Search,8,5,False,True
S0000784,U000553,2024-02-22,Mobile,iOS,Edge,Organic Search,34,11,False,False
S0000785,U001644,2025-05-23,Mobile,Windows,Chrome,Instagram,13,10,False,True
S0000786,U001597,2024-08-22,Mobile,macOS,Chrome,Referral,55,12,False,False
S0000787,U001059,2024-11-28,Tablet,iOS,Safari,Facebook,1,11,False,False
S0000788,U000345,2025-05-25,Desktop,Android,Chrome,Email,33,6,False,False
S0000789,U000314,2024-11-09,Mobile,iOS,Edge,Direct,11,8,False,False
S0000790,U001765,2025-10-28,Tablet,macOS,Edge,Instagram,39,4,False,False
S0000791,U000704,2025-08-08,Tablet,Android,Firefox,Referral,17,1,True,False
S0000792,U000518,2024-09-07,Tablet,Windows,Safari,Facebook,50,6,False,False
S0000793,U001007,2024-06-26,Tablet,Windows,Chrome,Referral,24,10,False,False
S0000794,U001776,2025-07-08,Tablet,Android,Firefox,YouTube,53,11,False,False
S0000795,U000154,2025-11-22,Tablet,Android,Safari,Instagram,14,7,False,False
S0000796,U001343,2025-03-11,Tablet,Windows,Firefox,Instagram,24,11,False,False
S0000797,U000588,2024-04-05,Desktop,Windows,Chrome,Referral,35,4,False,False
S0000798,U001563,2025-09-04,Tablet,Windows,Edge,Paid Search,48,8,False,False
S0000799,U001436,2024-05-23,Mobile,Android,Firefox,Organic Search,29,3,False,True
S0000800,U000876,2024-11-20,Mobile,iOS,Safari,YouTube,19,4,False,False
S0000801,U000151,2025-10-19,Mobile,iOS,Safari,Organic Search,17,1,True,False
S0000802,U000457,2024-12-13,Mobile,iOS,Edge,Organic Search,6,10,False,False
S0000803,U001810,2024-06-05,Mobile,macOS,Chrome,Email,55,7,False,False
S0000804,U001750,2025-10-30,Mobile,macOS,Safari,Email,5,7,False,False
S0000805,U001647,2024-01-15,Desktop,Windows,Edge,Email,15,2,False,False
S0000806,U000844,2025-01-19,Mobile,macOS,Chrome,Facebook,7,1,True,True
S0000807,U001218,2024-06-02,Desktop,Windows,Firefox,Paid Search,21,8,False,False
S0000808,U001070,2025-12-14,Desktop,Windows,Chrome,Organic Search,39,11,False,False
S0000809,U000393,2024-04-06,Desktop,Android,Firefox,Direct,1,6,False,False
S0000810,U000276,2024-12-14,Desktop,iOS,Chrome,Referral,52,7,False,False
S0000811,U000851,2024-05-13,Mobile,iOS,Chrome,Email,52,7,False,False
S0000812,U000860,2025-10-03,Mobile,macOS,Safari,Paid Search,42,1,True,False
S0000813,U000806,2025-01-24,Tablet,macOS,Chrome,Direct,4,7,False,False
S0000814,U000829,2025-09-23,Mobile,iOS,Safari,Referral,19,10,False,False
S0000815,U000359,2024-12-23,Desktop,Windows,Firefox,Referral,29,5,False,True
S0000816,U001521,2025-05-21,Mobile,Android,Safari,Referral,6,8,False,False
S0000817,U000951,2024-07-19,Mobile,macOS,Chrome,Instagram,45,11,False,False
S0000818,U000105,2025-08-10,Tablet,Windows,Safari,Email,34,8,False,False
S0000819,U001269,2024-08-16,Desktop,Windows,Chrome,Paid Search,7,8,False,False
S0000820,U001009,2025-06-20,Mobile,Android,Firefox,Facebook,17,3,False,False
S0000821,U000245,2024-07-12,Desktop,Android,Chrome,Email,24,5,False,False
S0000822,U001741,2025-04-27,Desktop,iOS,Chrome,Organic Search,29,2,False,False
S0000823,U001974,2024-03-27,Desktop,iOS,Firefox,Organic Search,44,7,False,False
S0000824,U001897,2024-08-05,Mobile,Android,Firefox,Organic Search,35,6,False,False
S0000825,U001087,2025-12-02,Mobile,macOS,Safari,Paid Search,58,2,False,False
S0000826,U001004,2025-06-21,Mobile,Windows,Chrome,Paid Search,30,1,True,False
S0000827,U000728,2024-07-17,Tablet,Android,Chrome,Paid Search,44,3,False,False
S0000828,U001769,2024-08-29,Mobile,iOS,Safari,YouTube,30,3,False,True
S0000829,U001904,2025-10-08,Mobile,Windows,Chrome,Instagram,23,7,False,False
S0000830,U000597,2025-12-03,Tablet,Windows,Safari,Direct,19,3,False,False
S0000831,U001723,2025-05-03,Desktop,iOS,Edge,Facebook,55,5,False,True
S0000832,U001664,2025-08-05,Tablet,Windows,Chrome,Facebook,49,12,False,False
S0000833,U001366,2024-08-13,Desktop,macOS,Safari,Direct,57,8,False,False
S0000834,U001888,2024-12-17,Mobile,Windows,Safari,Facebook,18,9,False,False
S0000835,U000356,2024-12-10,Mobile,macOS,Firefox,YouTube,9,12,False,True
S0000836,U000592,2024-03-17,Tablet,iOS,Chrome,Instagram,4,4,False,False
S0000837,U000085,2024-05-18,Tablet,macOS,Safari,Instagram,40,3,False,False
S0000838,U000529,2024-09-01,Desktop,iOS,Safari,Facebook,10,2,False,False
S0000839,U001154,2025-02-18,Mobile,Windows,Safari,Facebook,21,4,False,False
S0000840,U000884,2024-07-23,Mobile,iOS,Firefox,Paid Search,38,6,False,True
S0000841,U001334,2025-10-26,Desktop,Windows,Edge,Facebook,7,12,False,False
S0000842,U001679,2025-07-15,Mobile,Windows,Chrome,Referral,42,7,False,False
S0000843,U001121,2025-01-22,Mobile,macOS,Safari,Instagram,35,10,False,False
S0000844,U001247,2025-09-21,Mobile,Android,Chrome,Facebook,29,12,False,False
S0000845,U000823,2025-05-18,Tablet,iOS,Firefox,Referral,7,12,False,False
S0000846,U000555,2025-08-21,Desktop,Android,Firefox,Referral,20,8,False,False
S0000847,U001810,2025-11-06,Desktop,Windows,Chrome,YouTube,16,7,False,False
S0000848,U000882,2025-08-13,Desktop,Android,Chrome,Referral,33,6,False,False
S0000849,U000829,2025-07-20,Mobile,Android,Safari,Organic Search,52,6,False,True
S0000850,U001816,2025-02-16,Desktop,macOS,Safari,Facebook,6,12,False,False
S0000851,U000998,2024-06-03,Desktop,Android,Chrome,Instagram,42,1,True,False
S0000852,U001061,2025-05-06,Mobile,iOS,Safari,Direct,47,11,False,False
S0000853,U001330,2025-03-26,Desktop,Android,Safari,YouTube,33,2,False,False
S0000854,U001122,2025-03-02,Mobile,Android,Firefox,Paid Search,33,1,True,False
S0000855,U000631,2025-10-18,Tablet,iOS,Firefox,Organic Search,28,11,False,True
S0000856,U001214,2025-08-22,Tablet,macOS,Edge,Referral,52,12,False,False
S0000857,U000996,2025-04-02,Tablet,Windows,Chrome,YouTube,33,11,False,False
S0000858,U000505,2024-04-28,Mobile,Android,Chrome,Referral,33,4,False,True
S0000859,U000238,2025-08-21,Mobile,Android,Edge,Email,60,10,False,False
S0000860,U000919,2024-01-26,Desktop,macOS,Safari,Direct,16,2,False,False
S0000861,U000870,2024-10-04,Tablet,Android,Firefox,YouTube,23,1,True,False
S0000862,U000036,2024-06-02,Desktop,Windows,Firefox,Paid Search,8,7,False,False
S0000863,U001469,2025-10-29,Desktop,macOS,Edge,Direct,13,5,False,False
S0000864,U000893,2024-02-25,Mobile,macOS,Firefox,Direct,13,6,False,False
S0000865,U000813,2025-12-21,Desktop,Android,Chrome,Facebook,59,2,False,False
S0000866,U001011,2024-09-03,Mobile,macOS,Firefox,Paid Search,12,1,True,False
S0000867,U000068,2024-08-19,Mobile,iOS,Edge,Instagram,24,11,False,False
S0000868,U001122,2024-02-14,Tablet,Android,Firefox,Email,4,11,False,False
S0000869,U001400,2024-03-15,Mobile,iOS,Firefox,Referral,56,11,False,False
S0000870,U000132,2025-10-05,Tablet,Android,Safari,Facebook,32,10,False,False
S0000871,U000590,2025-05-17,Desktop,iOS,Safari,Direct,43,3,False,False
S0000872,U000467,2024-12-04,Mobile,macOS,Chrome,Direct,15,9,False,False
S0000873,U001590,2025-04-16,Desktop,Windows,Chrome,Paid Search,38,3,False,True
S0000874,U001866,2024-08-29,Mobile,Windows,Safari,Instagram,16,11,False,False
S0000875,U000753,2024-11-11,Tablet,Windows,Edge,Facebook,13,6,False,False
S0000876,U001181,2025-09-17,Tablet,iOS,Chrome,Direct,26,10,False,False
S0000877,U000212,2024-02-23,Mobile,Android,Edge,Direct,14,3,False,False
S0000878,U000727,2025-03-24,Mobile,iOS,Safari,Organic Search,59,1,True,False
S0000879,U001714,2024-06-19,Mobile,Windows,Edge,Referral,50,12,False,False
S0000880,U001658,2025-11-14,Tablet,macOS,Edge,Referral,1,9,False,False
S0000881,U001674,2025-01-03,Mobile,macOS,Edge,Direct,40,3,False,False
S0000882,U001952,2025-11-16,Mobile,Android,Safari,Paid Search,25,11,False,True
S0000883,U001667,2024-12-23,Mobile,macOS,Firefox,Facebook,24,2,False,False
S0000884,U000587,2025-01-01,Mobile,Windows,Edge,Referral,46,10,False,False
S0000885,U001842,2024-11-17,Desktop,Android,Chrome,Paid Search,41,5,False,False
S0000886,U000091,2025-10-07,Tablet,iOS,Firefox,YouTube,15,4,False,False
S0000887,U000740,2024-12-15,Desktop,iOS,Chrome,Referral,11,5,False,False
S0000888,U001086,2025-11-30,Mobile,Windows,Firefox,Email,55,8,False,False
S0000889,U000564,2025-09-07,Tablet,Android,Edge,Facebook,59,6,False,False
S0000890,U000350,2025-01-10,Mobile,Windows,Edge,Email,36,12,False,False
S0000891,U001900,2025-02-04,Mobile,iOS,Safari,Referral,34,6,False,True
S0000892,U001385,2024-04-22,Desktop,macOS,Firefox,Email,38,9,False,False
S0000893,U000345,2025-12-30,Desktop,iOS,Chrome,Instagram,30,2,False,False
S0000894,U000906,2024-02-07,Mobile,macOS,Chrome,YouTube,57,4,False,False
S0000895,U000252,2025-01-21,Desktop,Windows,Safari,Email,27,7,False,False
S0000896,U001893,2024-10-14,Tablet,Windows,Safari,Paid Search,49,4,False,True
S0000897,U000957,2024-03-19,Tablet,Android,Chrome,Email,7,10,False,False
S0000898,U000732,2024-12-29,Mobile,iOS,Chrome,Email,32,4,False,False
S0000899,U000386,2024-04-21,Desktop,Windows,Edge,Referral,32,8,False,False
S0000900,U001298,2025-10-02,Mobile,macOS,Chrome,Direct,37,11,False,False
S0000901,U000967,2025-03-14,Desktop,iOS,Edge,Organic Search,57,1,True,False
S0000902,U000432,2025-08-09,Desktop,Android,Firefox,Referral,31,3,False,False
S0000903,U000428,2025-07-02,Desktop,iOS,Safari,Email,45,5,False,False
S0000904,U000177,2024-03-04,Desktop,Windows,Safari,Instagram,10,6,False,False
S0000905,U000344,2025-07-21,Tablet,Windows,Firefox,Email,54,3,False,False
S0000906,U001167,2024-06-30,Mobile,Android,Chrome,Referral,25,8,False,False
S0000907,U000181,2025-08-11,Tablet,iOS,Safari,Organic Search,11,12,False,False
S0000908,U000087,2025-05-24,Tablet,iOS,Chrome,Paid Search,55,4,False,False
S0000909,U001972,2024-03-14,Desktop,iOS,Firefox,Instagram,37,10,False,False
S0000910,U001244,2024-03-30,Desktop,Windows,Safari,Facebook,28,6,False,False
S0000911,U001686,2025-11-17,Desktop,iOS,Chrome,Instagram,19,3,False,True
S0000912,U000545,2024-10-13,Desktop,iOS,Safari,Referral,58,2,False,False
S0000913,U000567,2025-04-10,Mobile,Windows,Chrome,YouTube,52,5,False,True
S0000914,U000756,2024-09-23,Tablet,Android,Chrome,Organic Search,42,8,False,False
S0000915,U000356,2024-10-07,Tablet,Windows,Firefox,Organic Search,5,4,False,False
S0000916,U001369,2024-06-16,Mobile,macOS,Safari,Organic Search,23,12,False,False
S0000917,U001673,2024-02-25,Desktop,macOS,Firefox,Facebook,37,2,False,False
S0000918,U000877,2024-05-12,Mobile,Windows,Chrome,Facebook,34,5,False,True
S0000919,U001563,2025-03-15,Desktop,iOS,Firefox,Facebook,3,1,True,False
S0000920,U000190,2025-12-06,Mobile,iOS,Safari,Instagram,40,8,False,False
S0000921,U001446,2024-08-05,Desktop,Android,Firefox,YouTube,11,6,False,False
S0000922,U001192,2024-08-28,Desktop,Windows,Chrome,Email,28,3,False,False
S0000923,U000374,2024-06-28,Tablet,iOS,Chrome,Paid Search,34,1,True,False
S0000924,U001878,2025-12-17,Mobile,macOS,Firefox,Direct,33,2,False,False
S0000925,U001529,2024-04-01,Tablet,Windows,Firefox,Instagram,44,11,False,False
S0000926,U000524,2024-08-12,Mobile,iOS,Chrome,Referral,39,1,True,False
S0000927,U001151,2025-03-04,Desktop,Windows,Safari,Facebook,56,2,False,False
S0000928,U000938,2025-11-15,Tablet,macOS,Edge,Paid Search,31,8,False,False
S0000929,U001882,2024-01-19,Mobile,Android,Edge,Paid Search,41,1,True,False
S0000930,U000225,2024-02-29,Mobile,Android,Firefox,Facebook,38,8,False,False
S0000931,U001775,2024-03-27,Desktop,iOS,Firefox,YouTube,25,2,False,False
S0000932,U001164,2025-12-06,Tablet,Android,Firefox,Facebook,38,7,False,False
S0000933,U000300,2024-05-14,Mobile,Windows,Chrome,Email,6,11,False,False
S0000934,U001032,2024-05-10,Desktop,iOS,Safari,Direct,56,8,False,False
S0000935,U000316,2025-06-06,Tablet,iOS,Chrome,Facebook,50,10,False,False
S0000936,U001251,2025-02-01,Tablet,iOS,Chrome,Organic Search,59,5,False,False
S0000937,U000807,2025-03-21,Desktop,iOS,Safari,Email,37,11,False,False
S0000938,U000822,2025-10-11,Tablet,iOS,Safari,Organic Search,57,10,False,False
S0000939,U001993,2024-02-03,Desktop,macOS,Safari,YouTube,42,8,False,False
S0000940,U001084,2025-03-06,Desktop,Android,Safari,Organic Search,52,5,False,False
S0000941,U001094,2024-09-01,Mobile,iOS,Chrome,Paid Search,21,4,False,False
S0000942,U000486,2024-09-08,Desktop,Android,Safari,Facebook,55,9,False,False
S0000943,U000824,2025-08-23,Desktop,macOS,Safari,Organic Search,29,7,False,False
S0000944,U001755,2024-10-25,Mobile,Android,Firefox,Direct,45,10,False,True
S0000945,U001190,2025-04-06,Tablet,Android,Chrome,Referral,25,5,False,False
S0000946,U001659,2025-07-08,Mobile,iOS,Safari,Referral,28,10,False,False
S0000947,U001353,2025-04-08,Tablet,iOS,Safari,Email,21,10,False,False
S0000948,U000183,2024-09-08,Tablet,macOS,Safari,Organic Search,51,12,False,False
S0000949,U000538,2025-04-22,Desktop,macOS,Safari,Paid Search,43,5,False,False
S0000950,U001079,2024-12-14,Desktop,macOS,Chrome,Direct,18,1,True,False
S0000951,U001619,2024-09-28,Mobile,iOS,Firefox,Facebook,24,12,False,True
S0000952,U000452,2024-07-05,Tablet,iOS,Safari,Instagram,17,10,False,False
S0000953,U001993,2024-09-18,Tablet,Android,Safari,Facebook,9,6,False,False
S0000954,U001446,2025-07-31,Tablet,iOS,Firefox,Instagram,59,5,False,False
S0000955,U000131,2025-10-06,Tablet,macOS,Safari,YouTube,47,6,False,False
S0000956,U000468,2024-03-31,Tablet,iOS,Edge,Organic Search,14,4,False,False
S0000957,U001516,2024-01-19,Tablet,iOS,Edge,Organic Search,46,6,False,True
S0000958,U000690,2024-11-08,Tablet,macOS,Edge,Direct,44,8,False,False
S0000959,U000456,2025-04-29,Tablet,macOS,Chrome,Facebook,31,7,False,False
S0000960,U001474,2025-12-15,Tablet,macOS,Safari,Organic Search,54,3,False,False
S0000961,U001189,2024-07-02,Tablet,Windows,Edge,Referral,16,7,False,False
S0000962,U001271,2024-02-29,Desktop,Android,Firefox,Email,28,11,False,False
S0000963,U000255,2025-01-22,Desktop,macOS,Chrome,YouTube,45,6,False,True
S0000964,U001855,2025-03-02,Desktop,iOS,Edge,Facebook,23,4,False,False
S0000965,U000738,2024-08-31,Desktop,Windows,Chrome,YouTube,32,2,False,False
S0000966,U001644,2024-06-10,Desktop,Windows,Safari,Direct,13,11,False,False
S0000967,U001007,2025-05-14,Mobile,Windows,Safari,Paid Search,22,10,False,False
S0000968,U000693,2025-03-18,Tablet,Windows,Safari,Direct,23,7,False,False
S0000969,U000867,2025-08-26,Mobile,Windows,Chrome,Email,14,1,True,False
S0000970,U000803,2024-01-09,Tablet,Windows,Edge,Email,14,12,False,False
S0000971,U001075,2025-03-30,Mobile,macOS,Edge,Facebook,50,8,False,False
S0000972,U001163,2024-09-22,Mobile,Windows,Safari,Instagram,40,5,False,True
S0000973,U000073,2024-05-14,Mobile,Android,Firefox,YouTube,59,10,False,False
S0000974,U000627,2025-04-14,Mobile,Windows,Edge,Referral,58,5,False,True
S0000975,U000300,2025-08-25,Desktop,iOS,Chrome,Paid Search,39,2,False,False
S0000976,U001505,2025-10-09,Mobile,Android,Chrome,Instagram,42,3,False,True
S0000977,U001821,2024-06-25,Tablet,macOS,Firefox,Direct,39,7,False,False
S0000978,U000592,2025-02-11,Desktop,Android,Edge,Referral,14,10,False,False
S0000979,U000196,2025-12-24,Desktop,Android,Firefox,YouTube,23,11,False,False
S0000980,U000696,2024-03-10,Mobile,iOS,Firefox,Organic Search,16,8,False,False
S0000981,U000431,2024-03-22,Tablet,Android,Safari,Referral,48,4,False,True
S0000982,U001629,2025-12-01,Mobile,macOS,Edge,Paid Search,51,3,False,False
S0000983,U000422,2024-02-16,Desktop,iOS,Edge,Direct,26,3,False,False
S0000984,U000562,2025-03-29,Mobile,iOS,Firefox,Email,28,8,False,False
S0000985,U001680,2025-07-26,Tablet,macOS,Safari,Email,45,8,False,False
S0000986,U001426,2024-03-01,Tablet,iOS,Chrome,Direct,47,9,False,False
S0000987,U001504,2024-10-12,Desktop,Android,Safari,Referral,55,9,False,False
S0000988,U001243,2025-09-22,Desktop,Windows,Chrome,Facebook,17,8,False,False
S0000989,U000094,2024-10-31,Mobile,macOS,Safari,Instagram,2,8,False,False
S0000990,U000328,2025-03-31,Tablet,iOS,Safari,Email,12,12,False,False
S0000991,U000575,2024-08-04,Mobile,Windows,Firefox,Organic Search,5,11,False,False
S0000992,U000426,2024-02-03,Mobile,macOS,Chrome,Paid Search,17,2,False,False
S0000993,U001841,2024-09-12,Desktop,Android,Edge,Referral,9,10,False,False
S0000994,U001687,2025-06-07,Desktop,Windows,Firefox,YouTube,4,3,False,False
S0000995,U001560,2025-03-24,Mobile,Android,Firefox,Email,15,6,False,False
S0000996,U000604,2024-07-30,Mobile,Windows,Firefox,Facebook,58,2,False,False
S0000997,U000158,2025-10-25,Mobile,Windows,Edge,Referral,24,7,False,False
S0000998,U001838,2025-02-08,Tablet,Windows,Safari,Facebook,4,12,False,True
S0000999,U000512,2025-08-14,Desktop,iOS,Safari,Organic Search,37,4,False,True
S0001000,U001413,2024-11-15,Mobile,Android,Chrome,Referral,52,8,False,False
S0001001,U000719,2024-07-25,Tablet,macOS,Chrome,Paid Search,14,8,False,False
S0001002,U001373,2024-12-30,Desktop,Android,Safari,Direct,54,1,True,True
S0001003,U001546,2025-03-28,Mobile,Android,Firefox,Organic Search,5,9,False,False
S0001004,U001371,2025-10-18,Tablet,macOS,Firefox,Facebook,1,7,False,True
S0001005,U001321,2025-10-05,Desktop,Windows,Edge,Instagram,55,12,False,False
S0001006,U000202,2025-04-14,Desktop,Android,Firefox,Organic Search,55,2,False,False
S0001007,U000346,2024-09-24,Mobile,Windows,Chrome,Organic Search,54,5,False,False
S0001008,U000537,2024-09-04,Desktop,Android,Chrome,Paid Search,20,6,False,True
S0001009,U001430,2025-06-17,Tablet,macOS,Chrome,Direct,37,6,False,False
S0001010,U000471,2025-04-26,Mobile,iOS,Safari,Referral,31,7,False,False
S0001011,U000575,2025-08-28,Desktop,iOS,Firefox,YouTube,39,7,False,False
S0001012,U001618,2024-10-19,Mobile,iOS,Edge,Direct,10,6,False,False
S0001013,U001749,2025-12-12,Mobile,macOS,Firefox,YouTube,20,7,False,False
S0001014,U001409,2025-03-16,Desktop,iOS,Firefox,Paid Search,49,2,False,False
S0001015,U001197,2025-09-12,Desktop,Windows,Chrome,Facebook,48,9,False,False
S0001016,U000396,2024-02-06,Mobile,macOS,Chrome,Instagram,36,9,False,False
S0001017,U001867,2024-10-16,Tablet,macOS,Firefox,Instagram,36,1,True,False
S0001018,U001649,2024-12-21,Mobile,macOS,Safari,YouTube,59,8,False,True
S0001019,U000780,2024-10-02,Desktop,iOS,Firefox,Paid Search,55,6,False,False
S0001020,U001412,2025-06-04,Desktop,Android,Firefox,Direct,58,5,False,False
S0001021,U001568,2025-03-04,Tablet,Windows,Chrome,Instagram,48,7,False,False
S0001022,U000253,2025-10-19,Mobile,Android,Safari,YouTube,55,1,True,True
S0001023,U000093,2024-10-10,Desktop,macOS,Chrome,Facebook,50,3,False,False
S0001024,U000863,2025-11-20,Tablet,Windows,Firefox,Direct,10,5,False,True
S0001025,U000956,2025-02-27,Desktop,Windows,Safari,Organic Search,56,1,True,False
S0001026,U000966,2024-03-04,Desktop,Android,Safari,Instagram,3,7,False,False
S0001027,U001125,2024-09-05,Mobile,macOS,Safari,YouTube,37,8,False,False
S0001028,U001090,2024-10-28,Desktop,iOS,Chrome,Referral,48,2,False,False
S0001029,U000360,2025-03-08,Mobile,macOS,Safari,Organic Search,51,2,False,False
S0001030,U001136,2025-01-10,Desktop,iOS,Chrome,Organic Search,6,12,False,False
S0001031,U001141,2025-09-14,Tablet,iOS,Edge,Facebook,1,8,False,False
S0001032,U000659,2025-05-15,Mobile,macOS,Safari,Referral,24,6,False,False
S0001033,U001329,2024-11-29,Desktop,Android,Chrome,Direct,52,1,True,False
S0001034,U000929,2025-05-02,Mobile,iOS,Chrome,Facebook,52,3,False,False
S0001035,U000292,2025-10-29,Tablet,Android,Chrome,Instagram,14,1,True,False
S0001036,U000980,2025-09-21,Tablet,iOS,Safari,Email,11,8,False,False
S0001037,U000051,2024-12-14,Desktop,iOS,Chrome,Paid Search,13,7,False,False
S0001038,U001742,2025-01-17,Desktop,iOS,Firefox,Referral,11,11,False,False
S0001039,U001817,2025-11-06,Tablet,Windows,Chrome,Direct,41,7,False,False
S0001040,U001870,2024-04-13,Desktop,Android,Chrome,Email,43,3,False,False
S0001041,U001227,2024-01-16,Tablet,Windows,Edge,Instagram,27,2,False,False
S0001042,U001032,2024-09-29,Mobile,macOS,Edge,Organic Search,32,11,False,True
S0001043,U000279,2025-01-15,Mobile,macOS,Chrome,Email,48,11,False,False
S0001044,U000135,2024-01-02,Tablet,iOS,Chrome,Instagram,58,6,False,False
S0001045,U000507,2024-08-02,Desktop,Windows,Safari,YouTube,8,7,False,False
S0001046,U001146,2025-06-22,Desktop,macOS,Edge,YouTube,10,10,False,False
S0001047,U000853,2025-12-02,Desktop,Android,Safari,Referral,55,1,True,False
S0001048,U001712,2024-04-18,Tablet,Android,Edge,Instagram,13,3,False,False
S0001049,U001101,2024-05-26,Tablet,Windows,Safari,Facebook,56,5,False,False
S0001050,U000318,2025-10-30,Desktop,Android,Safari,Paid Search,2,10,False,False
S0001051,U001273,2025-08-11,Tablet,iOS,Chrome,Organic Search,53,9,False,False
S0001052,U001556,2024-08-05,Desktop,iOS,Firefox,Facebook,4,11,False,True
S0001053,U000665,2024-11-02,Tablet,Android,Chrome,Organic Search,16,12,False,False
S0001054,U000934,2024-06-11,Tablet,iOS,Safari,Organic Search,18,7,False,True
S0001055,U000953,2025-09-30,Tablet,macOS,Chrome,YouTube,46,9,False,False
S0001056,U001805,2025-03-06,Tablet,Android,Safari,Instagram,18,10,False,False
S0001057,U001898,2025-11-08,Desktop,Windows,Firefox,Email,40,1,True,False
S0001058,U001842,2025-04-20,Mobile,macOS,Chrome,Direct,4,5,False,False
S0001059,U000357,2024-10-15,Desktop,Windows,Edge,Organic Search,55,8,False,False
S0001060,U001808,2025-07-11,Tablet,Windows,Chrome,Instagram,44,1,True,False
S0001061,U001308,2025-03-12,Desktop,Android,Chrome,Facebook,59,8,False,False
S0001062,U001518,2024-11-03,Desktop,Android,Edge,Instagram,12,8,False,False
S0001063,U000525,2024-05-15,Desktop,iOS,Edge,Direct,51,1,True,False
S0001064,U001577,2025-02-20,Tablet,iOS,Chrome,Instagram,1,6,False,False
S0001065,U001842,2024-01-25,Mobile,Android,Firefox,Direct,54,6,False,False
S0001066,U001037,2025-08-28,Desktop,macOS,Firefox,Organic Search,17,8,False,True
S0001067,U000051,2024-01-19,Tablet,Windows,Firefox,Paid Search,47,6,False,False
S0001068,U000954,2025-01-06,Mobile,iOS,Chrome,Direct,33,1,True,False
S0001069,U000091,2024-07-18,Mobile,macOS,Firefox,Organic Search,2,12,False,False
S0001070,U000850,2025-04-15,Mobile,iOS,Safari,Email,18,12,False,False
S0001071,U000483,2024-06-01,Tablet,Android,Safari,Facebook,14,3,False,False
S0001072,U000195,2024-02-12,Tablet,Android,Chrome,Direct,29,4,False,False
S0001073,U000976,2025-04-21,Mobile,Windows,Safari,Organic Search,44,6,False,False
S0001074,U001749,2025-12-19,Mobile,macOS,Chrome,Direct,24,7,False,False
S0001075,U001454,2024-11-17,Mobile,iOS,Chrome,Direct,20,2,False,False
S0001076,U001780,2024-12-16,Mobile,Android,Safari,YouTube,42,6,False,False
S0001077,U000184,2025-06-05,Desktop,iOS,Edge,YouTube,38,5,False,False
S0001078,U000331,2024-10-12,Mobile,iOS,Firefox,Facebook,23,11,False,False
S0001079,U001778,2025-11-17,Mobile,iOS,Chrome,Instagram,24,7,False,False
S0001080,U000321,2025-02-26,Mobile,Windows,Safari,Referral,7,5,False,False
S0001081,U001949,2024-01-05,Mobile,Windows,Edge,Email,57,7,False,False
S0001082,U000821,2024-01-29,Mobile,Android,Edge,Email,1,5,False,False
S0001083,U001224,2025-02-12,Mobile,Android,Firefox,Organic Search,7,11,False,False
S0001084,U001739,2025-04-26,Mobile,macOS,Chrome,Facebook,40,12,False,False
S0001085,U001849,2025-12-06,Mobile,macOS,Safari,YouTube,1,1,True,False
S0001086,U000995,2025-09-09,Desktop,Android,Safari,Organic Search,33,5,False,False
S0001087,U000636,2025-01-24,Desktop,macOS,Safari,Email,48,3,False,False
S0001088,U000784,2025-02-15,Mobile,macOS,Edge,Organic Search,27,9,False,True
S0001089,U001756,2025-07-06,Mobile,Android,Edge,Organic Search,54,9,False,False
S0001090,U000005,2025-07-21,Tablet,Android,Firefox,Referral,37,8,False,True
S0001091,U001890,2025-02-23,Desktop,iOS,Chrome,YouTube,32,1,True,False
S0001092,U000603,2024-01-16,Tablet,macOS,Edge,YouTube,9,2,False,True
S0001093,U000686,2024-12-06,Tablet,Android,Chrome,YouTube,30,9,False,False
S0001094,U001445,2024-01-06,Mobile,macOS,Safari,Paid Search,35,10,False,False
S0001095,U000516,2024-06-26,Mobile,iOS,Edge,Instagram,57,3,False,False
S0001096,U000297,2024-10-01,Desktop,iOS,Chrome,YouTube,11,9,False,False
S0001097,U000292,2025-10-03,Tablet,Android,Edge,Facebook,35,2,False,False
S0001098,U001415,2025-04-20,Desktop,macOS,Chrome,Email,7,11,False,False
S0001099,U001063,2025-11-26,Tablet,Android,Firefox,Organic Search,8,1,True,False
S0001100,U000500,2024-02-14,Desktop,iOS,Firefox,Referral,40,9,False,False
S0001101,U000624,2024-11-08,Desktop,Android,Edge,Facebook,36,10,False,True
S0001102,U000288,2024-06-29,Tablet,macOS,Edge,YouTube,27,6,False,False
S0001103,U001210,2024-03-26,Mobile,Windows,Safari,YouTube,4,3,False,True
S0001104,U001609,2025-06-24,Mobile,iOS,Safari,Facebook,48,12,False,False
S0001105,U000529,2025-07-13,Desktop,Windows,Edge,Referral,15,11,False,True
S0001106,U000234,2025-10-24,Tablet,iOS,Edge,Referral,34,3,False,False
S0001107,U000943,2025-09-01,Tablet,macOS,Chrome,Facebook,7,3,False,False
S0001108,U001746,2024-06-17,Desktop,macOS,Chrome,Email,58,2,False,False
S0001109,U001026,2025-10-30,Tablet,Windows,Firefox,Direct,41,12,False,False
S0001110,U000962,2024-02-14,Desktop,Android,Firefox,Referral,8,8,False,False
S0001111,U001726,2025-10-12,Tablet,iOS,Edge,Email,39,10,False,False
S0001112,U000893,2025-07-20,Tablet,Android,Safari,Email,54,2,False,False
S0001113,U000392,2025-03-10,Tablet,macOS,Safari,YouTube,47,1,True,False
S0001114,U000954,2024-09-20,Mobile,macOS,Firefox,YouTube,9,1,True,False
S0001115,U001326,2024-10-21,Desktop,macOS,Safari,Facebook,17,1,True,False
S0001116,U000205,2025-10-15,Tablet,macOS,Firefox,YouTube,27,7,False,False
S0001117,U001284,2024-03-11,Desktop,iOS,Edge,Facebook,22,11,False,False
S0001118,U001811,2024-03-05,Desktop,macOS,Edge,Direct,22,9,False,False
S0001119,U000904,2024-11-09,Desktop,Android,Edge,YouTube,37,10,False,True
S0001120,U001854,2024-03-31,Desktop,Windows,Chrome,Instagram,31,10,False,False
S0001121,U000424,2024-01-19,Tablet,Android,Safari,Email,50,5,False,False
S0001122,U001982,2025-02-08,Tablet,Android,Edge,Direct,36,7,False,False
S0001123,U001140,2025-10-03,Tablet,macOS,Edge,Direct,52,4,False,False
S0001124,U000006,2024-11-16,Desktop,macOS,Edge,YouTube,23,11,False,False
S0001125,U001840,2025-08-19,Mobile,Android,Firefox,YouTube,58,7,False,False
S0001126,U000433,2025-04-02,Tablet,Windows,Firefox,Email,24,8,False,False
S0001127,U001893,2025-09-27,Tablet,iOS,Edge,YouTube,32,11,False,False
S0001128,U000673,2025-08-29,Desktop,Windows,Safari,Organic Search,10,8,False,False
S0001129,U001597,2024-12-16,Desktop,macOS,Firefox,YouTube,4,12,False,True
S0001130,U000320,2025-07-29,Desktop,Windows,Firefox,Organic Search,41,1,True,False
S0001131,U001920,2024-10-28,Tablet,Windows,Safari,YouTube,37,2,False,True
S0001132,U001646,2024-12-22,Desktop,iOS,Firefox,Facebook,23,11,False,False
S0001133,U001370,2025-08-29,Mobile,Windows,Safari,Facebook,60,12,False,False
S0001134,U000443,2024-03-09,Tablet,macOS,Firefox,Direct,55,7,False,False
S0001135,U001063,2024-01-04,Desktop,Android,Edge,Instagram,52,1,True,False
S0001136,U001377,2025-11-09,Tablet,macOS,Edge,Organic Search,43,11,False,False
S0001137,U001477,2024-10-22,Desktop,macOS,Firefox,YouTube,32,4,False,False
S0001138,U001167,2025-05-22,Desktop,Windows,Safari,Paid Search,37,2,False,True
S0001139,U000631,2024-12-01,Mobile,Android,Firefox,Organic Search,56,2,False,False
S0001140,U000485,2024-10-15,Mobile,macOS,Firefox,Direct,41,3,False,False
S0001141,U001285,2024-12-21,Desktop,Android,Firefox,Facebook,10,8,False,False
S0001142,U000813,2024-11-05,Mobile,macOS,Firefox,Organic Search,49,11,False,False
S0001143,U001558,2025-07-06,Desktop,macOS,Safari,Facebook,55,6,False,False
S0001144,U001958,2025-07-28,Mobile,Android,Firefox,Instagram,6,2,False,False
S0001145,U001241,2025-11-19,Tablet,macOS,Firefox,Instagram,13,12,False,False
S0001146,U001498,2025-11-25,Desktop,iOS,Edge,Organic Search,39,11,False,False
S0001147,U001704,2024-01-05,Desktop,iOS,Edge,Direct,17,12,False,True
S0001148,U001366,2024-04-07,Mobile,macOS,Firefox,Email,49,4,False,True
S0001149,U001843,2025-04-20,Mobile,macOS,Safari,Facebook,2,11,False,False
S0001150,U001109,2024-07-06,Mobile,Android,Edge,Facebook,19,11,False,False
S0001151,U001160,2024-08-25,Desktop,macOS,Firefox,Organic Search,23,11,False,False
S0001152,U001375,2025-07-28,Mobile,iOS,Safari,Facebook,19,8,False,False
S0001153,U001099,2024-07-18,Tablet,Android,Firefox,Paid Search,59,10,False,False
S0001154,U001113,2025-04-23,Tablet,Windows,Chrome,Organic Search,37,1,True,False
S0001155,U001088,2024-09-07,Desktop,iOS,Edge,Direct,39,10,False,False
S0001156,U001217,2024-02-04,Desktop,iOS,Edge,Paid Search,38,10,False,False
S0001157,U000832,2025-01-16,Desktop,iOS,Safari,Organic Search,9,9,False,False
S0001158,U000665,2025-10-27,Tablet,Windows,Chrome,Instagram,59,3,False,False
S0001159,U000479,2025-08-04,Tablet,Windows,Firefox,Facebook,42,6,False,False
S0001160,U001406,2024-01-17,Desktop,macOS,Firefox,Paid Search,15,5,False,False
S0001161,U001296,2025-11-24,Mobile,iOS,Edge,Facebook,42,3,False,False
S0001162,U000161,2025-05-20,Desktop,Windows,Chrome,YouTube,18,1,True,False
S0001163,U000364,2025-06-01,Tablet,Android,Firefox,Facebook,55,11,False,False
S0001164,U000148,2025-06-10,Tablet,iOS,Firefox,Organic Search,16,6,False,False
S0001165,U001727,2025-11-10,Tablet,Windows,Edge,Direct,48,8,False,False
S0001166,U001022,2025-02-16,Mobile,Android,Safari,Facebook,5,11,False,False
S0001167,U000787,2025-01-07,Tablet,Windows,Firefox,Facebook,41,3,False,True
S0001168,U000240,2025-11-19,Tablet,Android,Safari,Referral,17,8,False,False
S0001169,U001652,2025-08-18,Mobile,macOS,Chrome,Instagram,4,8,False,True
S0001170,U000049,2024-07-19,Desktop,Android,Safari,Email,42,12,False,True
S0001171,U000274,2025-05-23,Desktop,Android,Edge,YouTube,12,8,False,False
S0001172,U000417,2024-09-13,Desktop,Windows,Firefox,Referral,22,8,False,False
S0001173,U000657,2024-10-01,Tablet,Android,Safari,Referral,3,8,False,False
S0001174,U001951,2025-04-20,Tablet,Android,Safari,Email,32,11,False,False
S0001175,U001049,2025-04-21,Tablet,iOS,Firefox,Facebook,25,10,False,False
S0001176,U001687,2025-06-02,Tablet,Android,Firefox,Referral,18,2,False,False
S0001177,U000316,2024-06-08,Mobile,macOS,Edge,Organic Search,46,10,False,False
S0001178,U000216,2025-04-04,Desktop,Windows,Firefox,Instagram,7,7,False,False
S0001179,U001645,2024-03-04,Desktop,macOS,Chrome,Instagram,11,8,False,False
S0001180,U001401,2025-10-01,Mobile,Android,Chrome,Referral,42,6,False,False
S0001181,U001233,2024-02-19,Tablet,Android,Firefox,Referral,37,4,False,True
S0001182,U000742,2024-09-06,Tablet,macOS,Chrome,Referral,22,7,False,False
S0001183,U001222,2024-07-16,Mobile,Windows,Chrome,Organic Search,25,6,False,False
S0001184,U001713,2024-09-17,Tablet,macOS,Firefox,Instagram,51,1,True,False
S0001185,U000106,2024-07-25,Desktop,Windows,Chrome,Instagram,57,9,False,False
S0001186,U000019,2025-11-08,Desktop,Android,Chrome,YouTube,8,11,False,False
S0001187,U000167,2025-08-20,Mobile,iOS,Edge,Referral,13,2,False,False
S0001188,U001364,2025-02-05,Mobile,Android,Safari,Direct,54,7,False,False
S0001189,U000976,2024-02-06,Desktop,Android,Edge,YouTube,46,8,False,False
S0001190,U001318,2024-07-01,Desktop,iOS,Edge,Paid Search,59,9,False,False
S0001191,U001204,2025-02-27,Mobile,iOS,Edge,Referral,5,12,False,False
S0001192,U001991,2025-03-07,Desktop,macOS,Edge,Paid Search,9,11,False,True
S0001193,U001335,2025-08-23,Tablet,iOS,Chrome,YouTube,20,11,False,False
S0001194,U001651,2024-10-13,Tablet,macOS,Edge,Facebook,43,5,False,False
S0001195,U001525,2024-10-30,Mobile,Android,Safari,Referral,43,4,False,False
S0001196,U001138,2025-10-23,Desktop,Android,Safari,Instagram,43,2,False,False
S0001197,U000162,2024-02-20,Desktop,Windows,Edge,Instagram,1,11,False,False
S0001198,U001840,2025-11-06,Mobile,Android,Chrome,YouTube,6,11,False,False
S0001199,U000268,2024-12-15,Desktop,iOS,Chrome,Facebook,29,3,False,False
S0001200,U001653,2025-01-18,Desktop,Windows,Safari,YouTube,18,12,False,False
S0001201,U001965,2025-01-18,Mobile,Windows,Firefox,Organic Search,47,8,False,False
S0001202,U001676,2025-08-26,Mobile,Windows,Chrome,Direct,46,5,False,False
S0001203,U000871,2024-05-26,Desktop,macOS,Firefox,Referral,26,11,False,False
S0001204,U001477,2024-12-27,Desktop,iOS,Safari,Email,24,7,False,False
S0001205,U000558,2025-10-14,Desktop,macOS,Firefox,Paid Search,47,3,False,False
S0001206,U000924,2024-07-26,Desktop,iOS,Chrome,Direct,49,1,True,False
S0001207,U001203,2025-11-18,Desktop,macOS,Edge,Paid Search,16,4,False,True
S0001208,U001064,2024-07-08,Mobile,macOS,Chrome,YouTube,20,12,False,False
S0001209,U000650,2025-04-22,Desktop,Android,Chrome,Instagram,54,6,False,False
S0001210,U000425,2024-09-09,Tablet,Windows,Safari,Paid Search,14,5,False,False
S0001211,U001694,2024-04-17,Mobile,Windows,Safari,Paid Search,41,7,False,False
S0001212,U000642,2024-04-01,Mobile,macOS,Safari,Paid Search,23,1,True,False
S0001213,U001813,2025-02-20,Desktop,macOS,Chrome,Instagram,26,10,False,True
S0001214,U001520,2024-06-09,Mobile,macOS,Safari,Referral,37,1,True,False
S0001215,U000323,2025-02-20,Mobile,iOS,Safari,Referral,39,7,False,False
S0001216,U001470,2025-06-11,Desktop,Windows,Safari,Facebook,3,10,False,False
S0001217,U001662,2024-04-28,Mobile,Android,Edge,Organic Search,40,7,False,False
S0001218,U000247,2025-03-26,Tablet,iOS,Safari,Referral,33,11,False,False
S0001219,U001629,2025-05-25,Tablet,Android,Firefox,Email,55,10,False,False
S0001220,U001873,2025-03-13,Tablet,macOS,Safari,Direct,30,6,False,False
S0001221,U001062,2024-08-21,Mobile,Android,Chrome,Organic Search,29,5,False,False
S0001222,U000492,2025-02-16,Desktop,iOS,Safari,Instagram,37,12,False,False
S0001223,U001098,2025-08-20,Mobile,Android,Safari,Referral,38,6,False,True
S0001224,U001603,2025-02-14,Mobile,Windows,Firefox,YouTube,55,3,False,False
S0001225,U000879,2024-07-29,Mobile,iOS,Chrome,Direct,29,12,False,False
S0001226,U000028,2024-03-10,Desktop,macOS,Firefox,Paid Search,59,9,False,False
S0001227,U000570,2024-06-20,Desktop,iOS,Chrome,Facebook,42,4,False,False
S0001228,U001090,2024-08-03,Mobile,Windows,Firefox,YouTube,43,11,False,False
S0001229,U001570,2025-09-27,Tablet,Windows,Edge,Paid Search,41,4,False,False
S0001230,U000121,2024-04-08,Mobile,iOS,Chrome,Paid Search,57,11,False,False
S0001231,U001206,2025-06-20,Tablet,Windows,Chrome,Facebook,46,4,False,False
S0001232,U001779,2025-09-23,Desktop,macOS,Firefox,Facebook,58,8,False,False
S0001233,U001632,2024-12-28,Desktop,Windows,Firefox,Paid Search,39,5,False,True
S0001234,U000861,2024-03-30,Mobile,macOS,Chrome,Paid Search,39,4,False,False
S0001235,U001043,2025-10-17,Tablet,Windows,Chrome,YouTube,40,11,False,False
S0001236,U001385,2024-06-24,Tablet,Windows,Firefox,Facebook,44,1,True,False
S0001237,U001999,2025-06-12,Tablet,macOS,Safari,Paid Search,56,2,False,False
S0001238,U001035,2025-04-24,Tablet,Android,Firefox,Direct,7,8,False,False
S0001239,U000435,2024-06-07,Desktop,Windows,Chrome,Instagram,1,7,False,False
S0001240,U000418,2024-04-20,Desktop,Android,Firefox,Organic Search,48,9,False,False
S0001241,U000082,2025-04-10,Desktop,iOS,Safari,Direct,17,10,False,False
S0001242,U001403,2025-08-25,Mobile,Android,Chrome,Instagram,19,1,True,True
S0001243,U001703,2024-01-28,Desktop,Windows,Safari,Instagram,5,12,False,False
S0001244,U001561,2024-03-15,Mobile,Android,Firefox,Facebook,38,9,False,False
S0001245,U000730,2024-07-12,Tablet,Windows,Firefox,Instagram,41,8,False,False
S0001246,U000804,2024-08-21,Mobile,iOS,Chrome,Organic Search,56,9,False,False
S0001247,U001376,2024-05-17,Desktop,Android,Edge,Facebook,6,1,True,False
S0001248,U000868,2025-07-09,Mobile,macOS,Safari,Referral,60,10,False,False
S0001249,U001290,2024-01-08,Desktop,Android,Safari,Direct,4,9,False,False
S0001250,U001294,2025-04-27,Desktop,iOS,Firefox,Email,16,10,False,False
S0001251,U000819,2024-11-12,Mobile,Windows,Edge,Organic Search,45,5,False,False
S0001252,U000267,2024-09-08,Desktop,macOS,Safari,Facebook,8,2,False,False
S0001253,U001331,2024-07-20,Desktop,Windows,Edge,Instagram,50,2,False,False
S0001254,U000056,2024-05-13,Mobile,macOS,Firefox,Organic Search,24,4,False,False
S0001255,U000112,2024-03-09,Mobile,Windows,Safari,Instagram,33,4,False,False
S0001256,U001618,2025-02-14,Mobile,Android,Edge,Facebook,58,3,False,False
S0001257,U000527,2025-02-10,Mobile,Android,Firefox,Referral,16,5,False,False
S0001258,U000692,2025-04-20,Desktop,macOS,Edge,Organic Search,51,10,False,False
S0001259,U001485,2024-03-09,Desktop,Windows,Chrome,YouTube,32,4,False,False
S0001260,U001382,2024-07-06,Desktop,iOS,Chrome,Facebook,46,5,False,False
S0001261,U001642,2024-10-04,Desktop,Windows,Safari,Direct,51,9,False,False
S0001262,U001677,2025-01-23,Tablet,iOS,Safari,Direct,34,7,False,False
S0001263,U001178,2025-02-16,Tablet,macOS,Chrome,YouTube,37,4,False,False
S0001264,U000517,2024-10-11,Desktop,macOS,Edge,YouTube,57,3,False,False
S0001265,U001678,2024-07-21,Desktop,Android,Edge,YouTube,2,9,False,True
S0001266,U001810,2024-12-04,Tablet,Windows,Safari,Referral,10,4,False,False
S0001267,U000669,2025-07-23,Desktop,Android,Edge,Referral,24,1,True,True
S0001268,U000902,2025-06-24,Mobile,iOS,Chrome,Facebook,48,1,True,False
S0001269,U000113,2025-12-23,Desktop,macOS,Safari,Email,60,8,False,False
S0001270,U001215,2025-08-21,Desktop,macOS,Chrome,Organic Search,48,8,False,True
S0001271,U001203,2025-11-25,Desktop,Android,Edge,Paid Search,56,12,False,False
S0001272,U001839,2025-11-05,Tablet,Android,Safari,Instagram,52,3,False,False
S0001273,U001595,2025-05-10,Mobile,macOS,Safari,Facebook,29,12,False,False
S0001274,U000672,2024-07-03,Mobile,iOS,Safari,Direct,52,5,False,False
S0001275,U000165,2025-08-08,Tablet,Android,Firefox,YouTube,11,3,False,True
S0001276,U000437,2024-05-31,Mobile,macOS,Chrome,Email,54,5,False,False
S0001277,U000488,2025-06-20,Tablet,macOS,Chrome,YouTube,34,1,True,False
S0001278,U001105,2025-04-19,Mobile,iOS,Firefox,Paid Search,37,10,False,False
S0001279,U001577,2025-04-11,Tablet,Android,Edge,Direct,3,7,False,False
S0001280,U000310,2024-12-29,Tablet,macOS,Chrome,Facebook,5,7,False,False
S0001281,U001213,2025-11-12,Desktop,macOS,Chrome,Organic Search,45,3,False,False
S0001282,U001805,2024-03-31,Tablet,Windows,Firefox,YouTube,16,7,False,False
S0001283,U001360,2024-07-30,Tablet,macOS,Edge,Instagram,39,6,False,False
S0001284,U001813,2024-06-05,Desktop,iOS,Chrome,Direct,41,1,True,False
S0001285,U001475,2025-07-11,Tablet,Windows,Safari,Organic Search,14,6,False,False
S0001286,U000757,2025-01-18,Mobile,macOS,Chrome,Facebook,34,2,False,True
S0001287,U000224,2024-11-25,Mobile,macOS,Chrome,Email,39,12,False,False
S0001288,U000046,2024-08-07,Tablet,iOS,Firefox,Facebook,50,7,False,False
S0001289,U001189,2025-11-07,Desktop,Android,Chrome,Email,51,5,False,False
S0001290,U000664,2024-09-26,Tablet,macOS,Safari,YouTube,12,7,False,False
S0001291,U001269,2024-03-24,Mobile,Windows,Chrome,Organic Search,14,9,False,False
S0001292,U001794,2025-04-19,Desktop,Android,Chrome,Referral,52,5,False,False
S0001293,U001215,2025-01-31,Desktop,iOS,Edge,Paid Search,37,8,False,False
S0001294,U001406,2024-12-17,Mobile,Windows,Safari,Facebook,36,2,False,False
S0001295,U000936,2024-03-09,Tablet,Android,Chrome,Paid Search,30,3,False,False
S0001296,U000470,2024-04-16,Tablet,macOS,Firefox,YouTube,11,7,False,False
S0001297,U001568,2025-09-30,Tablet,Android,Chrome,Direct,1,4,False,True
S0001298,U000080,2025-04-13,Desktop,Windows,Firefox,Direct,5,8,False,False
S0001299,U001920,2024-06-05,Desktop,iOS,Chrome,Paid Search,46,4,False,False
S0001300,U000751,2024-02-25,Mobile,Windows,Safari,Email,35,6,False,False
S0001301,U001114,2024-12-16,Desktop,Android,Safari,Direct,2,5,False,False
S0001302,U001083,2025-12-14,Tablet,Windows,Chrome,Instagram,57,7,False,True
S0001303,U001778,2025-10-11,Mobile,Windows,Safari,Direct,15,2,False,False
S0001304,U000382,2025-06-19,Desktop,Android,Edge,Email,49,6,False,True
S0001305,U001263,2025-11-13,Mobile,macOS,Chrome,Direct,35,11,False,True
S0001306,U001514,2024-02-06,Tablet,Windows,Firefox,Organic Search,2,10,False,False
S0001307,U000345,2024-12-06,Desktop,Windows,Edge,YouTube,5,5,False,False
S0001308,U000990,2024-08-19,Desktop,Android,Chrome,Facebook,3,8,False,False
S0001309,U000848,2025-06-21,Tablet,Windows,Safari,Email,24,1,True,False
S0001310,U000041,2025-02-15,Desktop,Android,Edge,Email,45,11,False,False
S0001311,U000577,2025-07-22,Desktop,Android,Safari,Direct,24,1,True,False
S0001312,U001888,2025-07-15,Tablet,iOS,Safari,Paid Search,21,2,False,True
S0001313,U001929,2024-05-21,Desktop,Windows,Firefox,Paid Search,32,4,False,True
S0001314,U000986,2024-10-29,Mobile,macOS,Safari,Email,14,4,False,False
S0001315,U000237,2024-04-29,Mobile,iOS,Chrome,Referral,4,10,False,False
S0001316,U001326,2024-09-05,Mobile,iOS,Safari,YouTube,20,2,False,False
S0001317,U000529,2025-08-07,Mobile,Android,Safari,Email,22,4,False,False
S0001318,U001601,2024-02-11,Desktop,macOS,Firefox,Email,43,9,False,False
S0001319,U000037,2024-05-18,Desktop,Windows,Chrome,Organic Search,15,10,False,False
S0001320,U001564,2025-04-19,Desktop,Android,Safari,Referral,51,9,False,False
S0001321,U000171,2025-02-15,Desktop,macOS,Edge,Paid Search,24,1,True,True
S0001322,U001931,2024-09-08,Mobile,Android,Firefox,Instagram,18,7,False,False
S0001323,U001017,2025-01-30,Tablet,iOS,Safari,Facebook,56,6,False,False
S0001324,U000605,2024-01-25,Tablet,Windows,Chrome,Direct,42,3,False,True
S0001325,U001792,2024-06-02,Desktop,iOS,Chrome,Organic Search,14,3,False,True
S0001326,U000637,2025-05-17,Tablet,Windows,Safari,Instagram,26,12,False,True
S0001327,U000521,2024-07-21,Mobile,Android,Safari,Referral,3,8,False,False
S0001328,U000916,2024-02-03,Mobile,iOS,Safari,Paid Search,31,11,False,False
S0001329,U001250,2025-07-13,Tablet,Android,Firefox,Email,57,7,False,False
S0001330,U001632,2025-01-01,Desktop,macOS,Safari,Direct,47,10,False,False
S0001331,U000318,2024-08-20,Desktop,macOS,Chrome,Organic Search,1,3,False,False
S0001332,U000478,2025-04-22,Tablet,iOS,Edge,Facebook,54,4,False,False
S0001333,U001282,2024-03-26,Mobile,iOS,Firefox,Direct,32,7,False,False
S0001334,U001554,2024-07-17,Desktop,Windows,Safari,Facebook,47,12,False,False
S0001335,U000912,2025-12-20,Desktop,iOS,Firefox,Instagram,22,4,False,True
S0001336,U000468,2025-11-02,Mobile,Android,Chrome,YouTube,1,9,False,False
S0001337,U000255,2024-04-18,Desktop,Android,Firefox,YouTube,47,10,False,False
S0001338,U001136,2025-02-01,Desktop,Android,Firefox,Email,59,5,False,False
S0001339,U000538,2024-04-20,Tablet,Windows,Edge,Facebook,27,11,False,True
S0001340,U000906,2025-09-20,Mobile,iOS,Safari,Facebook,21,1,True,False
S0001341,U001280,2025-07-29,Mobile,macOS,Chrome,Referral,29,1,True,False
S0001342,U000696,2025-03-23,Desktop,Windows,Edge,Direct,19,2,False,False
S0001343,U000190,2024-04-06,Mobile,Windows,Edge,Facebook,24,3,False,False
S0001344,U000089,2025-04-04,Mobile,Android,Chrome,Instagram,48,2,False,False
S0001345,U001885,2025-02-23,Desktop,Windows,Chrome,YouTube,20,2,False,False
S0001346,U000561,2024-06-16,Desktop,iOS,Edge,Paid Search,16,8,False,False
S0001347,U001865,2025-01-01,Mobile,macOS,Chrome,Organic Search,29,4,False,False
S0001348,U000144,2025-04-01,Tablet,macOS,Firefox,YouTube,49,9,False,False
S0001349,U001417,2025-06-17,Desktop,iOS,Safari,Facebook,7,3,False,False
S0001350,U001867,2025-12-21,Desktop,macOS,Firefox,Referral,47,7,False,False
S0001351,U000756,2024-10-13,Desktop,Windows,Firefox,Instagram,36,6,False,False
S0001352,U001123,2024-08-29,Tablet,iOS,Edge,Direct,4,12,False,False
S0001353,U000215,2025-03-09,Tablet,Android,Safari,Paid Search,23,8,False,False
S0001354,U000721,2024-07-01,Tablet,iOS,Chrome,Facebook,1,3,False,False
S0001355,U000068,2024-01-20,Mobile,iOS,Firefox,Direct,16,9,False,False
S0001356,U000030,2025-11-29,Tablet,macOS,Firefox,Paid Search,1,4,False,False
S0001357,U000195,2024-03-20,Tablet,Windows,Firefox,Direct,35,2,False,False
S0001358,U001008,2024-04-03,Mobile,iOS,Edge,Organic Search,34,4,False,False
S0001359,U001266,2025-07-25,Mobile,Android,Chrome,Email,28,8,False,False
S0001360,U000133,2024-06-10,Mobile,macOS,Safari,Referral,36,9,False,False
S0001361,U001038,2025-03-14,Tablet,Windows,Chrome,Organic Search,51,7,False,False
S0001362,U001507,2025-05-19,Mobile,macOS,Chrome,Instagram,22,1,True,False
S0001363,U000471,2024-09-06,Desktop,iOS,Firefox,Organic Search,32,5,False,False
S0001364,U001262,2025-10-01,Mobile,iOS,Edge,Referral,55,7,False,False
S0001365,U000951,2025-01-09,Tablet,iOS,Edge,Paid Search,52,7,False,False
S0001366,U001779,2025-08-13,Desktop,iOS,Safari,Referral,50,12,False,False
S0001367,U000546,2025-02-22,Desktop,Android,Safari,Direct,28,10,False,False
S0001368,U001473,2025-12-13,Tablet,macOS,Edge,Direct,48,7,False,False
S0001369,U000385,2025-05-20,Mobile,Android,Chrome,Organic Search,17,4,False,False
S0001370,U000610,2024-06-11,Desktop,Windows,Firefox,Paid Search,21,7,False,False
S0001371,U000319,2025-02-04,Mobile,macOS,Safari,Email,44,4,False,False
S0001372,U001808,2024-01-16,Desktop,macOS,Chrome,YouTube,10,10,False,False
S0001373,U001521,2025-02-27,Tablet,Windows,Chrome,Referral,3,6,False,False
S0001374,U001084,2024-12-09,Desktop,Android,Edge,YouTube,51,1,True,False
S0001375,U000129,2025-02-09,Tablet,Android,Safari,Email,48,4,False,False
S0001376,U000934,2024-04-22,Mobile,iOS,Edge,Facebook,35,1,True,True
S0001377,U000375,2025-03-31,Tablet,macOS,Chrome,YouTube,5,4,False,False
S0001378,U001153,2024-06-13,Mobile,Windows,Chrome,Facebook,48,9,False,False
S0001379,U001274,2025-02-25,Mobile,Windows,Safari,Email,30,7,False,False
S0001380,U000719,2024-05-30,Mobile,iOS,Firefox,Paid Search,17,8,False,False
S0001381,U000809,2024-10-20,Desktop,iOS,Safari,Email,18,6,False,False
S0001382,U001893,2024-12-03,Desktop,iOS,Edge,YouTube,5,11,False,True
S0001383,U000388,2025-07-27,Tablet,Windows,Chrome,Facebook,26,4,False,False
S0001384,U000695,2024-09-21,Mobile,iOS,Firefox,Referral,15,9,False,False
S0001385,U000181,2025-08-03,Mobile,macOS,Firefox,YouTube,33,12,False,False
S0001386,U000586,2025-07-19,Mobile,iOS,Chrome,Organic Search,1,9,False,False
S0001387,U000214,2025-12-09,Desktop,macOS,Edge,Direct,49,11,False,False
S0001388,U000258,2024-10-21,Desktop,macOS,Chrome,Referral,28,2,False,False
S0001389,U000493,2024-11-30,Mobile,iOS,Edge,Paid Search,14,7,False,False
S0001390,U001843,2025-09-04,Mobile,Android,Edge,Organic Search,34,2,False,False
S0001391,U001246,2024-02-25,Mobile,Windows,Edge,Facebook,20,6,False,True
S0001392,U000670,2024-12-16,Desktop,iOS,Safari,YouTube,37,2,False,False
S0001393,U001568,2024-01-05,Desktop,Android,Safari,Paid Search,17,10,False,False
S0001394,U000930,2024-07-09,Desktop,Android,Edge,Referral,14,4,False,False
S0001395,U001794,2025-10-12,Mobile,Windows,Firefox,Instagram,52,12,False,False
S0001396,U001776,2024-07-29,Mobile,iOS,Edge,Organic Search,58,4,False,False
S0001397,U001058,2024-10-30,Desktop,macOS,Chrome,YouTube,60,3,False,True
S0001398,U000133,2025-03-02,Tablet,iOS,Chrome,Referral,4,11,False,False
S0001399,U000193,2024-06-19,Mobile,Android,Safari,Facebook,49,9,False,False
S0001400,U000175,2025-09-23,Desktop,iOS,Chrome,Organic Search,39,1,True,False
S0001401,U001750,2024-03-04,Tablet,Windows,Safari,Referral,22,12,False,True
S0001402,U000890,2024-07-06,Tablet,Android,Safari,Email,35,2,False,False
S0001403,U000888,2025-12-25,Tablet,Android,Chrome,Direct,39,11,False,False
S0001404,U001090,2025-04-27,Tablet,Windows,Firefox,YouTube,51,3,False,False
S0001405,U001015,2024-06-08,Desktop,Android,Safari,Direct,37,6,False,False
S0001406,U000734,2025-04-22,Mobile,iOS,Safari,Paid Search,16,3,False,True
S0001407,U000705,2025-04-11,Desktop,Android,Edge,Organic Search,56,11,False,True
S0001408,U000751,2025-06-08,Tablet,Windows,Chrome,Facebook,53,12,False,False
S0001409,U000624,2025-03-16,Mobile,iOS,Chrome,Direct,25,8,False,True
S0001410,U000171,2025-01-11,Desktop,Windows,Edge,Organic Search,36,1,True,False
S0001411,U001274,2024-05-16,Mobile,iOS,Safari,Facebook,36,4,False,False
S0001412,U000710,2024-10-21,Mobile,macOS,Safari,Paid Search,33,6,False,False
S0001413,U000930,2024-04-23,Mobile,macOS,Safari,YouTube,31,4,False,False
S0001414,U000054,2024-01-10,Mobile,iOS,Chrome,Email,2,12,False,False
S0001415,U000453,2024-12-10,Tablet,Windows,Safari,Instagram,27,9,False,False
S0001416,U001949,2025-06-29,Tablet,macOS,Firefox,Email,50,8,False,False
S0001417,U000922,2025-09-26,Tablet,Android,Edge,Referral,57,7,False,False
S0001418,U001689,2024-09-02,Mobile,iOS,Firefox,Email,48,6,False,False
S0001419,U000870,2024-07-03,Tablet,macOS,Firefox,Direct,22,8,False,False
S0001420,U001983,2024-12-13,Desktop,Android,Safari,Paid Search,45,10,False,False
S0001421,U001698,2024-02-03,Tablet,Android,Safari,Facebook,35,11,False,False
S0001422,U001966,2025-06-06,Mobile,Android,Safari,Organic Search,20,9,False,False
S0001423,U000894,2025-01-14,Desktop,Windows,Edge,Instagram,19,3,False,False
S0001424,U000822,2024-07-29,Mobile,Android,Chrome,Referral,54,7,False,False
S0001425,U000103,2025-02-18,Desktop,Windows,Safari,Paid Search,52,9,False,False
S0001426,U000780,2024-06-12,Desktop,macOS,Edge,Direct,47,1,True,False
S0001427,U001911,2024-06-30,Tablet,Windows,Firefox,Email,38,5,False,True
S0001428,U001517,2024-07-11,Mobile,macOS,Chrome,YouTube,32,5,False,True
S0001429,U000939,2024-06-08,Mobile,macOS,Chrome,Referral,21,6,False,False
S0001430,U001350,2024-02-25,Tablet,Android,Edge,Paid Search,59,1,True,False
S0001431,U000403,2025-09-09,Mobile,Android,Safari,Instagram,16,3,False,False
S0001432,U001693,2025-04-05,Mobile,Windows,Safari,Instagram,38,5,False,False
S0001433,U000063,2025-03-31,Desktop,iOS,Safari,Email,29,6,False,False
S0001434,U000595,2025-12-18,Mobile,macOS,Chrome,Instagram,41,3,False,False
S0001435,U000744,2024-02-14,Desktop,iOS,Safari,Email,26,1,True,False
S0001436,U000275,2025-08-18,Desktop,Windows,Chrome,YouTube,34,12,False,False
S0001437,U000161,2025-02-21,Desktop,Windows,Safari,Paid Search,1,1,True,False
S0001438,U000352,2024-11-09,Mobile,macOS,Safari,YouTube,43,6,False,False
S0001439,U001266,2024-10-22,Desktop,iOS,Safari,Referral,2,12,False,False
S0001440,U001905,2024-01-28,Mobile,iOS,Edge,Email,45,10,False,True
S0001441,U000993,2024-05-05,Desktop,macOS,Firefox,Referral,49,12,False,False
S0001442,U001694,2025-12-03,Mobile,macOS,Edge,Facebook,22,6,False,False
S0001443,U000893,2025-07-13,Desktop,Android,Edge,Direct,50,3,False,False
S0001444,U001409,2025-10-17,Tablet,macOS,Safari,YouTube,53,11,False,False
S0001445,U001151,2025-05-28,Tablet,Windows,Safari,Instagram,47,1,True,False
S0001446,U000468,2025-10-10,Mobile,iOS,Chrome,Email,34,9,False,True
S0001447,U000882,2025-08-28,Tablet,macOS,Firefox,Instagram,27,4,False,False
S0001448,U001509,2024-06-14,Desktop,Windows,Edge,Referral,7,3,False,False
S0001449,U000137,2024-10-29,Mobile,Android,Chrome,Facebook,40,1,True,False
S0001450,U000187,2024-05-06,Mobile,Android,Chrome,Email,19,4,False,False
S0001451,U000393,2025-09-22,Desktop,Windows,Chrome,Referral,18,12,False,False
S0001452,U000348,2024-11-02,Tablet,macOS,Edge,Email,12,6,False,False
S0001453,U000344,2025-08-21,Desktop,iOS,Safari,Email,4,7,False,False
S0001454,U001407,2025-04-05,Tablet,iOS,Chrome,Organic Search,29,12,False,True
S0001455,U001195,2025-02-18,Desktop,macOS,Safari,YouTube,19,2,False,False
S0001456,U000243,2024-06-20,Tablet,Android,Edge,Direct,32,10,False,False
S0001457,U000072,2025-07-02,Mobile,macOS,Chrome,YouTube,18,10,False,False
S0001458,U001498,2025-03-29,Desktop,Windows,Edge,Organic Search,31,6,False,False
S0001459,U000101,2024-07-02,Desktop,Windows,Edge,Facebook,54,10,False,False
S0001460,U001999,2024-12-15,Tablet,Android,Safari,Referral,58,5,False,False
S0001461,U001334,2025-08-08,Mobile,Android,Safari,YouTube,26,10,False,False
S0001462,U001699,2024-04-30,Tablet,macOS,Safari,Organic Search,32,5,False,False
S0001463,U000250,2025-01-11,Mobile,Windows,Firefox,Paid Search,34,8,False,False
S0001464,U000708,2024-02-20,Tablet,Windows,Firefox,Organic Search,35,12,False,False
S0001465,U001784,2024-04-28,Desktop,macOS,Firefox,Direct,44,5,False,False
S0001466,U001697,2025-02-26,Desktop,iOS,Firefox,Instagram,30,1,True,False
S0001467,U001352,2024-03-11,Desktop,Windows,Chrome,Instagram,47,3,False,False
S0001468,U001889,2024-09-23,Mobile,macOS,Firefox,Organic Search,17,8,False,False
S0001469,U000682,2025-04-03,Tablet,Android,Chrome,Facebook,30,6,False,False
S0001470,U001929,2024-11-10,Tablet,Android,Chrome,Email,25,1,True,False
S0001471,U000555,2025-05-11,Tablet,Windows,Chrome,Instagram,21,7,False,False
S0001472,U000576,2025-11-13,Mobile,macOS,Firefox,Organic Search,35,8,False,False
S0001473,U001745,2025-03-01,Tablet,Android,Edge,Instagram,7,4,False,False
S0001474,U001283,2024-04-07,Desktop,iOS,Safari,Email,26,8,False,False
S0001475,U001082,2025-03-04,Mobile,macOS,Edge,YouTube,6,8,False,False
S0001476,U000429,2025-10-11,Tablet,macOS,Chrome,YouTube,27,12,False,False
S0001477,U000041,2024-07-25,Tablet,macOS,Edge,Paid Search,58,4,False,False
S0001478,U000105,2025-02-04,Mobile,macOS,Edge,Facebook,16,1,True,False
S0001479,U001557,2025-06-09,Desktop,Windows,Firefox,YouTube,44,10,False,False
S0001480,U001758,2024-01-10,Desktop,macOS,Safari,Organic Search,26,6,False,False
S0001481,U001225,2024-01-04,Desktop,iOS,Edge,Facebook,50,6,False,False
S0001482,U001535,2025-07-22,Mobile,Android,Chrome,Referral,37,11,False,False
S0001483,U001008,2024-07-05,Tablet,Windows,Chrome,Direct,25,3,False,True
S0001484,U000515,2025-07-02,Desktop,Android,Chrome,Organic Search,56,9,False,False
S0001485,U000027,2025-07-24,Mobile,iOS,Edge,YouTube,51,11,False,False
S0001486,U000988,2025-03-21,Desktop,macOS,Safari,YouTube,21,1,True,False
S0001487,U000639,2024-11-25,Mobile,Android,Edge,Email,39,1,True,True
S0001488,U000852,2025-08-19,Desktop,Windows,Firefox,Paid Search,6,6,False,False
S0001489,U000744,2024-09-07,Desktop,iOS,Edge,Referral,60,6,False,False
S0001490,U001480,2024-03-26,Mobile,Android,Safari,Referral,28,9,False,False
S0001491,U000426,2024-03-20,Tablet,Android,Edge,Email,53,12,False,False
S0001492,U000034,2025-06-20,Tablet,iOS,Edge,Organic Search,16,6,False,False
S0001493,U000772,2025-09-27,Desktop,macOS,Safari,YouTube,6,9,False,False
S0001494,U001000,2024-09-24,Tablet,Android,Firefox,Organic Search,6,7,False,False
S0001495,U000039,2024-02-14,Mobile,Android,Chrome,Facebook,47,7,False,False
S0001496,U001456,2024-05-21,Desktop,Android,Edge,YouTube,5,11,False,False
S0001497,U001505,2024-07-15,Tablet,macOS,Firefox,Instagram,24,3,False,False
S0001498,U000598,2025-03-26,Mobile,Windows,Edge,Facebook,19,7,False,False
S0001499,U001667,2025-02-09,Mobile,macOS,Firefox,Facebook,48,7,False,False
S0001500,U000458,2024-06-24,Tablet,Android,Chrome,Facebook,44,1,True,True
S0001501,U001976,2024-12-27,Mobile,iOS,Firefox,Direct,44,4,False,False
S0001502,U000818,2024-05-25,Desktop,Android,Safari,Organic Search,22,11,False,False
S0001503,U000651,2025-06-27,Mobile,Android,Firefox,Referral,32,12,False,False
S0001504,U000350,2025-07-08,Mobile,iOS,Chrome,Referral,51,6,False,False
S0001505,U000766,2024-10-26,Tablet,iOS,Chrome,Instagram,44,5,False,False
S0001506,U000522,2024-10-28,Mobile,iOS,Chrome,Instagram,45,9,False,False
S0001507,U001281,2025-12-13,Desktop,iOS,Chrome,Direct,43,6,False,False
S0001508,U000658,2025-10-02,Tablet,macOS,Chrome,Paid Search,4,7,False,False
S0001509,U000827,2025-04-28,Tablet,macOS,Edge,Referral,40,12,False,False
S0001510,U000808,2024-03-26,Mobile,Android,Chrome,Instagram,10,6,False,False
S0001511,U001558,2024-08-31,Mobile,iOS,Firefox,Direct,35,5,False,False
S0001512,U001131,2024-02-14,Desktop,Windows,Chrome,Direct,36,1,True,False
S0001513,U001761,2025-01-19,Mobile,iOS,Chrome,Referral,50,12,False,False
S0001514,U001163,2024-12-01,Desktop,Android,Chrome,Organic Search,36,8,False,False
S0001515,U000407,2024-04-25,Tablet,Android,Edge,Direct,16,5,False,False
S0001516,U000043,2025-10-18,Desktop,iOS,Firefox,Instagram,57,7,False,False
S0001517,U000819,2025-01-20,Mobile,iOS,Safari,Instagram,60,12,False,False
S0001518,U000214,2025-04-02,Desktop,Android,Edge,Email,25,6,False,False
S0001519,U000299,2025-03-04,Mobile,Windows,Chrome,Instagram,39,10,False,False
S0001520,U001689,2024-01-10,Desktop,macOS,Safari,Direct,6,9,False,False
S0001521,U000332,2025-12-01,Mobile,iOS,Safari,Direct,51,9,False,False
S0001522,U001957,2025-12-23,Desktop,Android,Chrome,Paid Search,47,9,False,False
S0001523,U000960,2024-10-16,Desktop,iOS,Safari,Organic Search,36,10,False,False
S0001524,U001495,2025-08-21,Desktop,macOS,Edge,Instagram,54,8,False,False
S0001525,U001397,2024-01-27,Desktop,Windows,Edge,Direct,44,12,False,False
S0001526,U000342,2025-01-04,Tablet,macOS,Firefox,Referral,29,2,False,False
S0001527,U000075,2025-02-06,Tablet,Windows,Edge,Organic Search,53,6,False,True
S0001528,U000302,2024-01-03,Tablet,Android,Chrome,Facebook,32,6,False,False
S0001529,U001111,2025-04-08,Desktop,iOS,Edge,Organic Search,26,10,False,False
S0001530,U000312,2024-03-27,Tablet,iOS,Safari,Referral,41,7,False,False
S0001531,U001932,2024-06-11,Mobile,iOS,Firefox,Facebook,13,10,False,False
S0001532,U001122,2024-10-29,Tablet,Windows,Safari,Paid Search,1,11,False,False
S0001533,U000709,2025-04-04,Tablet,Windows,Chrome,Paid Search,59,9,False,False
S0001534,U000564,2025-07-13,Desktop,macOS,Edge,Paid Search,12,1,True,False
S0001535,U000111,2024-04-02,Tablet,iOS,Edge,YouTube,48,7,False,False
S0001536,U000801,2024-09-21,Desktop,macOS,Safari,Facebook,6,11,False,False
S0001537,U000626,2025-12-01,Desktop,Android,Firefox,Direct,31,2,False,False
S0001538,U001680,2025-03-24,Mobile,Windows,Edge,Paid Search,29,6,False,False
S0001539,U000347,2025-01-27,Mobile,Windows,Safari,Paid Search,44,4,False,True
S0001540,U001488,2024-03-06,Mobile,iOS,Edge,Organic Search,41,9,False,False
S0001541,U001153,2024-09-28,Tablet,macOS,Safari,Facebook,4,8,False,False
S0001542,U000374,2024-12-18,Mobile,iOS,Edge,Email,14,1,True,False
S0001543,U000405,2024-02-03,Mobile,Android,Firefox,YouTube,7,7,False,False
S0001544,U001324,2025-01-17,Desktop,macOS,Chrome,Organic Search,54,12,False,False
S0001545,U001693,2024-09-05,Mobile,macOS,Safari,Email,25,1,True,False
S0001546,U001589,2024-02-24,Tablet,Android,Chrome,Facebook,32,8,False,False
S0001547,U000922,2024-01-22,Mobile,macOS,Edge,Organic Search,8,9,False,False
S0001548,U000783,2024-01-08,Tablet,Windows,Chrome,Paid Search,33,11,False,False
S0001549,U001793,2025-09-12,Desktop,iOS,Safari,YouTube,30,1,True,False
S0001550,U001665,2025-01-04,Desktop,macOS,Firefox,Referral,48,6,False,False
S0001551,U000922,2025-01-21,Tablet,Android,Safari,Referral,38,1,True,False
S0001552,U000321,2025-11-10,Tablet,iOS,Safari,Paid Search,56,12,False,False
S0001553,U000310,2024-08-31,Tablet,Android,Safari,Facebook,54,1,True,False
S0001554,U001458,2025-10-10,Desktop,Android,Edge,Organic Search,35,12,False,False
S0001555,U000052,2025-09-02,Mobile,Android,Firefox,Email,35,1,True,False
S0001556,U001443,2025-02-12,Tablet,Android,Chrome,Referral,2,5,False,False
S0001557,U001694,2025-06-06,Mobile,macOS,Safari,Instagram,55,1,True,True
S0001558,U001900,2025-03-08,Mobile,macOS,Firefox,Paid Search,22,5,False,False
S0001559,U000473,2024-02-29,Desktop,Windows,Chrome,Referral,28,4,False,False
S0001560,U001964,2024-10-24,Tablet,Android,Chrome,Email,55,3,False,False
S0001561,U000482,2025-06-01,Mobile,macOS,Edge,YouTube,54,6,False,False
S0001562,U001780,2024-03-30,Mobile,Windows,Firefox,Organic Search,15,11,False,False
S0001563,U000399,2024-10-14,Desktop,Windows,Chrome,Direct,35,12,False,False
S0001564,U000011,2024-11-30,Desktop,iOS,Edge,Organic Search,50,6,False,False
S0001565,U001455,2025-12-25,Desktop,macOS,Edge,Paid Search,26,6,False,False
S0001566,U000152,2025-03-01,Tablet,macOS,Chrome,Organic Search,7,3,False,False
S0001567,U000730,2025-10-30,Tablet,macOS,Safari,YouTube,37,9,False,False
S0001568,U001188,2025-07-16,Desktop,Android,Safari,Referral,15,6,False,False
S0001569,U001340,2024-11-02,Mobile,Windows,Safari,Organic Search,13,11,False,False
S0001570,U000724,2024-04-26,Tablet,macOS,Firefox,YouTube,60,7,False,False
S0001571,U000109,2024-09-29,Desktop,Android,Firefox,Facebook,48,5,False,False
S0001572,U001211,2024-06-24,Mobile,macOS,Firefox,Direct,28,9,False,False
S0001573,U000513,2025-08-28,Desktop,macOS,Safari,Referral,22,3,False,False
S0001574,U000751,2024-01-07,Tablet,iOS,Chrome,YouTube,52,4,False,False
S0001575,U000689,2025-03-17,Tablet,Android,Edge,Referral,41,7,False,True
S0001576,U001885,2025-12-19,Tablet,Windows,Firefox,Organic Search,48,1,True,True
S0001577,U000949,2025-08-12,Mobile,iOS,Chrome,YouTube,44,8,False,False
S0001578,U001431,2024-01-01,Mobile,Android,Edge,Organic Search,47,11,False,False
S0001579,U001167,2024-10-22,Desktop,Android,Firefox,YouTube,42,5,False,False
S0001580,U000284,2025-05-27,Tablet,iOS,Edge,Email,5,12,False,True
S0001581,U001995,2024-12-14,Mobile,macOS,Edge,Organic Search,52,9,False,False
S0001582,U000615,2025-06-29,Tablet,Windows,Firefox,YouTube,28,3,False,False
S0001583,U001426,2024-01-18,Mobile,Windows,Chrome,Instagram,26,1,True,False
S0001584,U001662,2025-10-21,Desktop,Android,Firefox,Email,6,11,False,False
S0001585,U001205,2024-06-27,Tablet,Windows,Safari,Referral,27,4,False,False
S0001586,U000173,2024-08-21,Mobile,iOS,Safari,Direct,40,11,False,False
S0001587,U000927,2024-10-23,Tablet,macOS,Safari,YouTube,19,12,False,False
S0001588,U000573,2025-07-09,Desktop,iOS,Edge,Organic Search,10,2,False,False
S0001589,U001666,2024-09-19,Desktop,Android,Edge,Direct,40,7,False,False
S0001590,U000930,2024-06-19,Desktop,macOS,Chrome,Direct,26,9,False,False
S0001591,U001930,2024-12-28,Tablet,Android,Chrome,Facebook,38,6,False,False
S0001592,U000082,2024-01-12,Mobile,macOS,Edge,Referral,23,5,False,False
S0001593,U001726,2024-01-07,Mobile,iOS,Chrome,Direct,31,4,False,False
S0001594,U000700,2024-03-05,Desktop,macOS,Edge,Facebook,43,9,False,False
S0001595,U000139,2025-07-11,Tablet,macOS,Firefox,Facebook,1,5,False,False
S0001596,U001222,2025-11-05,Tablet,Android,Edge,Facebook,59,8,False,False
S0001597,U001943,2025-10-21,Desktop,Windows,Safari,Direct,26,10,False,False
S0001598,U001382,2024-09-06,Desktop,Windows,Edge,Instagram,5,8,False,False
S0001599,U000862,2025-12-06,Tablet,iOS,Firefox,Facebook,45,11,False,False
S0001600,U001601,2024-12-20,Tablet,iOS,Chrome,Organic Search,42,8,False,True
S0001601,U001517,2024-01-20,Desktop,Windows,Safari,YouTube,23,8,False,False
S0001602,U001824,2025-09-01,Tablet,iOS,Chrome,Email,27,5,False,False
S0001603,U001758,2025-11-21,Mobile,macOS,Safari,Organic Search,35,11,False,False
S0001604,U000227,2024-05-07,Mobile,iOS,Firefox,Direct,32,9,False,False
S0001605,U000008,2025-04-26,Desktop,Android,Firefox,Paid Search,41,3,False,False
S0001606,U000730,2025-12-05,Desktop,Android,Firefox,Paid Search,25,1,True,False
S0001607,U001098,2024-12-20,Desktop,iOS,Safari,Paid Search,32,7,False,False
S0001608,U000343,2025-07-13,Tablet,Windows,Chrome,Paid Search,52,5,False,True
S0001609,U001114,2024-05-29,Mobile,Windows,Edge,Email,19,11,False,False
S0001610,U001458,2024-03-05,Desktop,Windows,Chrome,Direct,52,6,False,False
S0001611,U001592,2025-01-04,Desktop,macOS,Chrome,Instagram,30,8,False,True
S0001612,U000560,2025-06-30,Desktop,Android,Chrome,Paid Search,25,11,False,False
S0001613,U001335,2024-09-24,Desktop,iOS,Chrome,Organic Search,44,8,False,False
S0001614,U000812,2024-09-07,Tablet,Android,Edge,Organic Search,43,4,False,True
S0001615,U001737,2025-06-08,Mobile,macOS,Firefox,Facebook,56,7,False,False
S0001616,U001119,2025-08-02,Mobile,macOS,Safari,Facebook,3,3,False,False
S0001617,U000562,2025-09-21,Tablet,iOS,Safari,Direct,21,3,False,False
S0001618,U000393,2025-03-25,Mobile,macOS,Firefox,YouTube,34,1,True,False
S0001619,U001584,2025-09-21,Mobile,Windows,Firefox,Organic Search,12,7,False,True
S0001620,U000636,2024-10-13,Tablet,Windows,Chrome,Email,43,2,False,False
S0001621,U000105,2025-03-27,Mobile,macOS,Edge,YouTube,1,1,True,False
S0001622,U001520,2025-10-22,Tablet,Android,Edge,Organic Search,56,9,False,False
S0001623,U001306,2025-10-09,Mobile,Windows,Chrome,YouTube,59,4,False,True
S0001624,U000208,2025-05-13,Mobile,Android,Safari,YouTube,37,12,False,False
S0001625,U001142,2025-09-08,Desktop,iOS,Chrome,Instagram,42,7,False,False
S0001626,U001224,2025-03-04,Tablet,Windows,Safari,Organic Search,55,12,False,True
S0001627,U000904,2024-02-26,Desktop,Android,Edge,Facebook,54,11,False,False
S0001628,U000539,2025-06-23,Desktop,Android,Firefox,Email,55,3,False,False
S0001629,U000375,2025-11-25,Desktop,Android,Safari,Facebook,20,10,False,False
S0001630,U001743,2025-05-22,Mobile,Windows,Edge,Email,40,6,False,False
S0001631,U001375,2024-07-31,Tablet,iOS,Safari,Direct,16,6,False,False
S0001632,U001180,2024-04-28,Desktop,macOS,Edge,Paid Search,58,9,False,False
S0001633,U001690,2024-05-02,Tablet,Windows,Firefox,Instagram,57,7,False,True
S0001634,U000369,2025-12-01,Mobile,Windows,Edge,YouTube,59,9,False,False
S0001635,U000668,2024-06-26,Tablet,Windows,Firefox,Paid Search,6,5,False,False
S0001636,U000573,2025-08-21,Tablet,Android,Chrome,Direct,28,8,False,False
S0001637,U001416,2024-01-20,Tablet,Windows,Firefox,Instagram,30,10,False,False
S0001638,U001551,2025-06-30,Mobile,Windows,Chrome,Referral,55,5,False,False
S0001639,U001453,2024-04-17,Desktop,iOS,Safari,Facebook,41,3,False,False
S0001640,U001342,2024-12-01,Mobile,Android,Safari,Direct,38,5,False,True
S0001641,U000944,2025-12-14,Desktop,Windows,Safari,Direct,36,9,False,False
S0001642,U001538,2024-02-25,Tablet,Windows,Firefox,Referral,2,1,True,False
S0001643,U000801,2025-06-27,Desktop,iOS,Edge,Instagram,52,1,True,True
S0001644,U000035,2025-05-05,Tablet,Android,Firefox,Instagram,29,6,False,False
S0001645,U001794,2024-01-26,Tablet,macOS,Chrome,Facebook,53,12,False,False
S0001646,U000390,2024-06-05,Mobile,Windows,Firefox,Paid Search,28,10,False,False
S0001647,U000139,2024-12-19,Mobile,iOS,Edge,Facebook,9,4,False,False
S0001648,U001120,2024-05-17,Desktop,macOS,Chrome,Organic Search,40,11,False,False
S0001649,U001438,2025-12-21,Tablet,Windows,Safari,Referral,9,6,False,False
S0001650,U001641,2025-09-18,Desktop,macOS,Chrome,Instagram,58,3,False,False
S0001651,U001023,2024-10-01,Mobile,iOS,Safari,Referral,52,8,False,False
S0001652,U000168,2024-06-27,Mobile,Android,Firefox,Referral,19,8,False,False
S0001653,U000528,2024-08-24,Mobile,Windows,Chrome,Organic Search,9,11,False,False
S0001654,U000437,2024-07-07,Mobile,iOS,Safari,Facebook,46,12,False,False
S0001655,U000552,2024-09-25,Mobile,iOS,Edge,Organic Search,41,11,False,True
S0001656,U001077,2024-03-29,Mobile,iOS,Safari,Instagram,44,3,False,False
S0001657,U000345,2024-09-10,Desktop,Android,Safari,YouTube,30,4,False,False
S0001658,U000282,2025-04-11,Desktop,iOS,Edge,Instagram,23,8,False,False
S0001659,U001072,2025-12-01,Desktop,iOS,Chrome,YouTube,33,7,False,False
S0001660,U001033,2025-03-23,Tablet,macOS,Edge,YouTube,49,7,False,False
S0001661,U001556,2024-01-11,Mobile,Windows,Chrome,Organic Search,20,9,False,False
S0001662,U000362,2025-09-23,Desktop,iOS,Firefox,Email,12,6,False,False
S0001663,U000032,2025-05-27,Tablet,iOS,Edge,Facebook,16,5,False,False
S0001664,U001364,2025-12-31,Desktop,iOS,Safari,Organic Search,41,11,False,False
S0001665,U001828,2025-01-17,Desktop,iOS,Chrome,Instagram,19,2,False,False
S0001666,U000647,2024-12-09,Mobile,macOS,Chrome,YouTube,43,12,False,False
S0001667,U001298,2024-04-08,Mobile,Windows,Safari,Paid Search,39,6,False,False
S0001668,U000570,2025-03-17,Desktop,iOS,Firefox,Facebook,13,9,False,False
S0001669,U001540,2025-07-26,Mobile,Android,Edge,Direct,11,3,False,False
S0001670,U001708,2024-05-15,Tablet,macOS,Safari,Paid Search,19,2,False,False
S0001671,U000666,2024-09-01,Mobile,macOS,Safari,Referral,6,9,False,True
S0001672,U000431,2025-10-20,Desktop,Windows,Firefox,Direct,19,4,False,False
S0001673,U000194,2025-09-30,Mobile,macOS,Firefox,Referral,29,2,False,False
S0001674,U000135,2025-04-30,Tablet,iOS,Safari,YouTube,17,10,False,False
S0001675,U000770,2024-05-23,Mobile,macOS,Chrome,YouTube,45,9,False,False
S0001676,U000843,2025-02-09,Tablet,macOS,Safari,YouTube,41,12,False,True
S0001677,U001155,2025-06-15,Tablet,Windows,Firefox,Email,20,12,False,False
S0001678,U001518,2025-05-10,Desktop,Android,Chrome,Referral,6,10,False,False
S0001679,U000725,2025-04-20,Tablet,Windows,Firefox,Email,54,10,False,False
S0001680,U001315,2025-01-23,Desktop,Windows,Firefox,Instagram,43,2,False,False
S0001681,U001866,2025-02-22,Mobile,iOS,Firefox,Instagram,45,8,False,False
S0001682,U000458,2025-10-12,Desktop,iOS,Chrome,Direct,35,8,False,False
S0001683,U001876,2024-03-21,Mobile,macOS,Edge,Referral,27,9,False,True
S0001684,U001412,2025-12-22,Tablet,Android,Firefox,Facebook,56,4,False,False
S0001685,U000049,2025-09-28,Tablet,iOS,Firefox,Direct,7,3,False,False
S0001686,U001406,2024-08-19,Tablet,Windows,Edge,Facebook,13,3,False,False
S0001687,U001601,2025-11-10,Mobile,Windows,Safari,Direct,23,6,False,False
S0001688,U001501,2024-08-09,Mobile,iOS,Chrome,Facebook,52,12,False,False
S0001689,U001426,2024-06-26,Desktop,Android,Edge,Referral,39,3,False,False
S0001690,U001900,2025-07-31,Mobile,macOS,Firefox,Organic Search,45,1,True,False
S0001691,U000745,2024-09-04,Mobile,macOS,Chrome,Referral,9,9,False,False
S0001692,U000307,2025-07-04,Desktop,Android,Edge,Facebook,25,4,False,False
S0001693,U000136,2024-02-18,Tablet,macOS,Edge,Email,44,7,False,True
S0001694,U000110,2025-05-08,Mobile,macOS,Edge,Referral,47,6,False,False
S0001695,U001324,2025-07-25,Mobile,iOS,Chrome,Facebook,3,3,False,False
S0001696,U001021,2024-11-14,Mobile,iOS,Chrome,Referral,44,11,False,False
S0001697,U000413,2024-06-26,Desktop,iOS,Chrome,Facebook,9,11,False,False
S0001698,U001222,2024-09-12,Desktop,iOS,Edge,YouTube,47,12,False,False
S0001699,U001061,2025-10-18,Mobile,Android,Firefox,Facebook,4,11,False,False
S0001700,U000575,2024-07-02,Mobile,iOS,Chrome,Instagram,42,8,False,False
S0001701,U000157,2024-02-28,Mobile,Windows,Safari,Paid Search,60,12,False,False
S0001702,U001960,2025-08-04,Mobile,iOS,Firefox,Direct,8,4,False,False
S0001703,U001511,2024-11-23,Mobile,Android,Firefox,Organic Search,31,6,False,False
S0001704,U001854,2025-04-10,Desktop,macOS,Edge,Email,33,8,False,True
S0001705,U000708,2024-07-22,Desktop,Android,Firefox,Paid Search,22,6,False,False
S0001706,U000485,2025-11-30,Mobile,macOS,Firefox,YouTube,34,3,False,False
S0001707,U001151,2024-09-26,Desktop,iOS,Safari,Email,38,9,False,True
S0001708,U000727,2025-09-29,Mobile,macOS,Edge,YouTube,53,4,False,False
S0001709,U000016,2025-06-14,Tablet,iOS,Chrome,Facebook,41,7,False,True
S0001710,U001731,2024-08-28,Desktop,Windows,Chrome,Referral,17,8,False,False
S0001711,U001994,2024-11-28,Desktop,macOS,Firefox,Instagram,52,6,False,True
S0001712,U000260,2024-08-07,Tablet,Windows,Safari,Instagram,34,10,False,False
S0001713,U001836,2024-12-14,Desktop,Android,Edge,Email,35,7,False,False
S0001714,U001918,2024-07-02,Desktop,Android,Chrome,Organic Search,11,5,False,False
S0001715,U001058,2024-11-18,Tablet,Windows,Chrome,YouTube,26,4,False,False
S0001716,U001580,2024-09-05,Mobile,Android,Safari,Email,55,10,False,False
S0001717,U001176,2024-09-24,Tablet,Windows,Firefox,Direct,22,10,False,True
S0001718,U001814,2024-04-15,Mobile,macOS,Chrome,Direct,54,1,True,False
S0001719,U001892,2025-03-29,Tablet,macOS,Chrome,Facebook,53,3,False,False
S0001720,U001962,2024-01-02,Tablet,iOS,Firefox,Facebook,1,12,False,False
S0001721,U001768,2025-03-26,Tablet,Android,Edge,Facebook,9,3,False,False
S0001722,U000190,2024-09-08,Tablet,Android,Chrome,Organic Search,16,1,True,False
S0001723,U000569,2025-09-13,Desktop,Android,Edge,Facebook,2,2,False,False
S0001724,U001539,2025-12-01,Tablet,macOS,Chrome,Email,43,4,False,False
S0001725,U000089,2024-03-09,Tablet,iOS,Safari,Paid Search,22,4,False,False
S0001726,U001742,2024-05-30,Mobile,iOS,Firefox,YouTube,41,8,False,False
S0001727,U001832,2025-03-26,Desktop,Windows,Safari,Referral,48,8,False,False
S0001728,U001726,2025-02-15,Mobile,iOS,Chrome,Email,38,6,False,False
S0001729,U000665,2024-12-14,Tablet,Windows,Safari,Email,1,11,False,False
S0001730,U000239,2024-10-07,Mobile,macOS,Edge,Paid Search,58,4,False,False
S0001731,U000664,2025-06-22,Tablet,Android,Safari,Paid Search,47,6,False,False
S0001732,U000173,2024-03-13,Mobile,macOS,Edge,Direct,32,12,False,False
S0001733,U001126,2025-02-11,Tablet,macOS,Safari,Referral,19,6,False,False
S0001734,U001251,2024-04-19,Mobile,iOS,Edge,Direct,13,9,False,False
S0001735,U001896,2025-02-06,Tablet,Android,Edge,Direct,5,5,False,False
S0001736,U001127,2024-12-24,Mobile,Windows,Edge,Instagram,11,9,False,False
S0001737,U000603,2025-03-01,Desktop,Windows,Safari,Direct,12,12,False,False
S0001738,U000545,2025-11-09,Tablet,iOS,Chrome,Paid Search,32,11,False,True
S0001739,U001873,2025-12-22,Desktop,iOS,Edge,Direct,18,5,False,True
S0001740,U000293,2024-03-16,Desktop,macOS,Safari,Organic Search,38,3,False,False
S0001741,U001371,2024-12-15,Tablet,Android,Edge,Instagram,34,11,False,False
S0001742,U000501,2024-11-18,Mobile,Android,Edge,Referral,3,5,False,False
S0001743,U000025,2024-07-21,Mobile,iOS,Edge,Email,18,2,False,False
S0001744,U001135,2025-01-25,Tablet,iOS,Chrome,Organic Search,46,9,False,False
S0001745,U001514,2024-05-08,Tablet,iOS,Firefox,Referral,22,4,False,False
S0001746,U001097,2025-08-17,Tablet,Android,Firefox,Referral,24,10,False,False
S0001747,U000700,2024-04-02,Tablet,Android,Chrome,Organic Search,9,4,False,False
S0001748,U001261,2025-03-19,Mobile,macOS,Firefox,Facebook,31,1,True,False
S0001749,U000262,2025-12-29,Desktop,iOS,Edge,Paid Search,26,11,False,False
S0001750,U001937,2024-12-19,Desktop,macOS,Firefox,Organic Search,18,9,False,False
S0001751,U000355,2025-12-25,Tablet,Android,Edge,Referral,36,11,False,False
S0001752,U000953,2025-07-26,Mobile,iOS,Edge,Instagram,55,11,False,True
S0001753,U000448,2025-03-12,Desktop,Windows,Chrome,Organic Search,52,11,False,False
S0001754,U000286,2024-12-19,Desktop,Android,Firefox,Paid Search,58,6,False,False
S0001755,U001655,2024-12-13,Desktop,macOS,Chrome,Facebook,10,7,False,False
S0001756,U000741,2025-01-31,Desktop,iOS,Safari,Organic Search,4,12,False,False
S0001757,U001080,2025-12-20,Desktop,Android,Firefox,Instagram,16,4,False,False
S0001758,U001407,2024-05-10,Mobile,Windows,Safari,Instagram,49,4,False,False
S0001759,U000686,2025-06-08,Mobile,macOS,Chrome,Facebook,18,12,False,False
S0001760,U001454,2024-10-23,Tablet,Android,Safari,Paid Search,15,5,False,False
S0001761,U000847,2025-08-27,Tablet,iOS,Edge,Paid Search,23,3,False,False
S0001762,U001580,2025-03-10,Tablet,macOS,Edge,Organic Search,3,10,False,True
S0001763,U001065,2025-04-17,Tablet,Windows,Edge,Direct,40,12,False,False
S0001764,U001112,2024-02-22,Desktop,iOS,Safari,Facebook,24,3,False,False
S0001765,U001150,2024-09-11,Desktop,macOS,Safari,Facebook,29,9,False,False
S0001766,U001536,2024-07-04,Tablet,Android,Chrome,Referral,19,3,False,False
S0001767,U001415,2025-04-15,Tablet,Windows,Chrome,Paid Search,43,12,False,True
S0001768,U000834,2024-10-23,Desktop,iOS,Chrome,Instagram,47,1,True,False
S0001769,U001235,2024-01-07,Mobile,Windows,Chrome,Referral,26,10,False,False
S0001770,U000438,2024-04-25,Mobile,Windows,Firefox,Facebook,20,12,False,False
S0001771,U000348,2024-01-24,Tablet,Windows,Safari,Direct,38,2,False,False
S0001772,U000058,2025-05-26,Tablet,iOS,Edge,Organic Search,45,4,False,False
S0001773,U000584,2024-12-23,Mobile,macOS,Firefox,Organic Search,19,10,False,False
S0001774,U001872,2024-10-02,Mobile,Windows,Safari,Organic Search,57,5,False,True
S0001775,U001317,2024-07-02,Mobile,Windows,Chrome,Instagram,43,5,False,False
S0001776,U001208,2025-04-11,Desktop,macOS,Firefox,Organic Search,24,1,True,False
S0001777,U000819,2024-02-25,Desktop,macOS,Firefox,Paid Search,25,7,False,True
S0001778,U000950,2025-12-29,Mobile,iOS,Chrome,Instagram,18,2,False,False
S0001779,U000799,2024-03-04,Mobile,iOS,Edge,Referral,26,1,True,False
S0001780,U000697,2025-12-01,Mobile,iOS,Edge,YouTube,31,1,True,False
S0001781,U001530,2025-05-29,Mobile,Windows,Chrome,YouTube,8,2,False,False
S0001782,U000533,2025-06-18,Mobile,iOS,Edge,Instagram,12,12,False,False
S0001783,U001248,2025-09-25,Mobile,macOS,Chrome,YouTube,40,4,False,False
S0001784,U000660,2025-10-17,Tablet,macOS,Edge,Instagram,21,1,True,False
S0001785,U001987,2024-10-27,Tablet,Windows,Safari,Email,23,4,False,False
S0001786,U000145,2024-02-08,Mobile,macOS,Edge,Instagram,32,2,False,False
S0001787,U001132,2025-06-11,Desktop,iOS,Edge,Facebook,47,1,True,False
S0001788,U001783,2024-02-22,Desktop,Windows,Safari,Direct,60,1,True,False
S0001789,U000355,2025-10-27,Desktop,Windows,Chrome,Organic Search,21,4,False,False
S0001790,U000161,2024-10-20,Tablet,Android,Chrome,Paid Search,60,10,False,False
S0001791,U000604,2025-07-07,Mobile,Windows,Chrome,Direct,50,12,False,False
S0001792,U001957,2024-12-19,Desktop,Windows,Edge,Direct,54,12,False,False
S0001793,U000634,2025-06-08,Desktop,Windows,Firefox,Facebook,34,9,False,False
S0001794,U000255,2025-08-02,Desktop,Android,Firefox,Instagram,40,3,False,False
S0001795,U000618,2024-05-24,Desktop,iOS,Edge,Referral,53,1,True,False
S0001796,U000303,2024-09-06,Desktop,macOS,Safari,Facebook,16,9,False,False
S0001797,U000465,2024-05-19,Mobile,iOS,Chrome,Direct,36,2,False,False
S0001798,U000254,2025-05-27,Tablet,macOS,Edge,Facebook,37,11,False,False
S0001799,U000987,2024-07-02,Desktop,macOS,Safari,Email,13,1,True,False
S0001800,U000573,2025-07-28,Tablet,Windows,Chrome,Referral,43,7,False,False
S0001801,U000084,2025-05-29,Mobile,iOS,Chrome,Email,1,9,False,False
S0001802,U001579,2024-12-07,Tablet,Android,Edge,Paid Search,41,6,False,True
S0001803,U000399,2024-03-04,Mobile,Android,Edge,YouTube,23,8,False,False
S0001804,U001180,2025-11-18,Desktop,Android,Chrome,Paid Search,25,2,False,False
S0001805,U001326,2024-08-04,Desktop,Windows,Edge,YouTube,29,3,False,False
S0001806,U000313,2024-11-18,Tablet,macOS,Safari,Paid Search,42,7,False,True
S0001807,U000835,2024-10-03,Mobile,Android,Chrome,Direct,6,1,True,False
S0001808,U001207,2025-05-08,Desktop,macOS,Safari,Email,43,11,False,False
S0001809,U000567,2024-12-02,Tablet,macOS,Edge,Email,49,7,False,True
S0001810,U000296,2025-11-01,Desktop,Windows,Safari,YouTube,14,10,False,False
S0001811,U001120,2025-06-02,Desktop,macOS,Chrome,Instagram,45,7,False,False
S0001812,U000243,2025-04-28,Mobile,Windows,Firefox,Organic Search,23,1,True,False
S0001813,U000552,2025-08-28,Mobile,Windows,Safari,Direct,44,10,False,True
S0001814,U000817,2024-03-31,Tablet,Windows,Firefox,Instagram,24,1,True,False
S0001815,U001852,2024-11-08,Desktop,Windows,Firefox,Paid Search,58,7,False,False
S0001816,U000371,2024-07-11,Desktop,Windows,Safari,Organic Search,55,3,False,False
S0001817,U001811,2025-10-13,Tablet,Windows,Safari,YouTube,24,1,True,False
S0001818,U000981,2025-04-07,Tablet,Windows,Firefox,Email,6,10,False,False
S0001819,U000616,2025-01-20,Tablet,Windows,Edge,Direct,27,8,False,False
S0001820,U000136,2025-01-02,Desktop,Windows,Chrome,Referral,54,2,False,False
S0001821,U001584,2024-03-14,Mobile,Windows,Firefox,Email,28,8,False,False
S0001822,U001460,2025-08-21,Mobile,Windows,Firefox,Referral,53,8,False,False
S0001823,U001210,2024-11-19,Mobile,Android,Firefox,Organic Search,23,11,False,False
S0001824,U000005,2025-02-21,Tablet,macOS,Chrome,Email,46,9,False,False
S0001825,U001703,2025-09-05,Desktop,iOS,Safari,Referral,38,1,True,False
S0001826,U000210,2024-03-31,Desktop,iOS,Edge,Instagram,55,6,False,False
S0001827,U000572,2025-11-12,Tablet,macOS,Firefox,Email,5,6,False,False
S0001828,U001160,2025-12-05,Tablet,Windows,Edge,Organic Search,39,3,False,False
S0001829,U000782,2025-04-29,Tablet,Windows,Edge,Referral,30,9,False,True
S0001830,U000569,2025-01-02,Mobile,Windows,Edge,Direct,35,2,False,False
S0001831,U000335,2024-07-26,Mobile,iOS,Chrome,YouTube,52,1,True,False
S0001832,U000643,2025-04-01,Mobile,macOS,Firefox,Referral,1,10,False,False
S0001833,U000937,2025-10-11,Desktop,Windows,Safari,YouTube,46,9,False,False
S0001834,U001845,2025-04-02,Desktop,iOS,Firefox,Facebook,6,10,False,True
S0001835,U001714,2025-12-21,Mobile,iOS,Safari,Paid Search,58,10,False,True
S0001836,U000758,2025-06-20,Tablet,Android,Safari,Referral,28,11,False,False
S0001837,U001670,2024-03-07,Desktop,iOS,Chrome,Direct,9,7,False,False
S0001838,U000875,2024-11-22,Mobile,iOS,Safari,Instagram,47,7,False,True
S0001839,U000454,2025-03-10,Mobile,iOS,Safari,YouTube,47,6,False,False
S0001840,U000151,2025-01-01,Tablet,Android,Edge,Referral,58,5,False,False
S0001841,U000754,2025-12-05,Tablet,Windows,Chrome,Direct,18,6,False,False
S0001842,U000337,2024-03-28,Desktop,macOS,Chrome,Facebook,15,9,False,False
S0001843,U000703,2025-05-22,Tablet,Android,Safari,Email,20,5,False,False
S0001844,U000907,2024-10-25,Tablet,Windows,Firefox,Referral,25,11,False,False
S0001845,U000832,2024-10-08,Desktop,iOS,Safari,YouTube,22,4,False,False
S0001846,U000453,2024-03-13,Tablet,Android,Firefox,Direct,49,4,False,False
S0001847,U000128,2024-02-10,Mobile,iOS,Edge,Referral,46,10,False,True
S0001848,U001643,2025-06-28,Mobile,iOS,Safari,Paid Search,35,6,False,False
S0001849,U001158,2025-11-08,Mobile,Windows,Safari,Referral,21,2,False,False
S0001850,U000337,2025-03-26,Tablet,macOS,Chrome,Paid Search,26,12,False,True
S0001851,U000645,2024-08-03,Desktop,iOS,Safari,Direct,2,7,False,False
S0001852,U001481,2024-06-14,Desktop,macOS,Firefox,Direct,46,5,False,False
S0001853,U001186,2025-05-12,Desktop,iOS,Chrome,Facebook,49,10,False,False
S0001854,U001256,2024-10-06,Mobile,Android,Safari,Email,47,5,False,False
S0001855,U000377,2024-06-26,Desktop,macOS,Chrome,Paid Search,34,4,False,False
S0001856,U001049,2025-01-11,Desktop,Windows,Edge,YouTube,17,5,False,False
S0001857,U000927,2024-08-22,Mobile,Android,Chrome,Instagram,51,6,False,False
S0001858,U001533,2024-05-23,Mobile,macOS,Chrome,Organic Search,43,4,False,True
S0001859,U001701,2024-03-25,Tablet,macOS,Safari,Organic Search,51,5,False,False
S0001860,U001738,2025-08-01,Tablet,Android,Edge,Facebook,5,6,False,True
S0001861,U001613,2025-05-03,Tablet,Android,Firefox,Instagram,52,6,False,True
S0001862,U001996,2025-12-16,Mobile,macOS,Chrome,Facebook,18,2,False,False
S0001863,U001833,2024-01-06,Tablet,iOS,Edge,Instagram,42,8,False,False
S0001864,U001933,2025-04-28,Desktop,Android,Edge,Organic Search,2,8,False,False
S0001865,U000791,2025-12-12,Tablet,Windows,Chrome,Referral,53,4,False,False
S0001866,U001793,2024-04-21,Desktop,iOS,Chrome,Organic Search,33,7,False,False
S0001867,U001455,2025-07-04,Tablet,iOS,Safari,YouTube,50,6,False,False
S0001868,U000004,2024-09-16,Desktop,macOS,Edge,Email,46,1,True,False
S0001869,U000773,2024-12-01,Desktop,macOS,Firefox,Paid Search,25,2,False,False
S0001870,U000984,2025-07-14,Tablet,Android,Edge,Instagram,23,2,False,False
S0001871,U000852,2024-03-25,Tablet,iOS,Edge,Facebook,28,7,False,False
S0001872,U001430,2024-10-11,Tablet,iOS,Chrome,Referral,42,4,False,False
S0001873,U001986,2024-03-06,Tablet,iOS,Safari,Referral,34,3,False,False
S0001874,U000736,2025-08-13,Mobile,iOS,Safari,Organic Search,13,1,True,False
S0001875,U001134,2025-11-14,Mobile,macOS,Firefox,Organic Search,6,8,False,False
S0001876,U000770,2024-07-13,Tablet,Android,Firefox,YouTube,58,12,False,True
S0001877,U000664,2024-06-10,Tablet,iOS,Safari,Direct,44,9,False,False
S0001878,U001574,2025-06-09,Tablet,macOS,Safari,Referral,29,9,False,False
S0001879,U000919,2025-11-08,Mobile,Android,Firefox,Referral,25,6,False,False
S0001880,U001749,2025-01-06,Mobile,Android,Safari,Facebook,49,2,False,False
S0001881,U001673,2024-12-09,Tablet,Android,Safari,Instagram,43,1,True,False
S0001882,U001905,2024-10-15,Desktop,Android,Edge,YouTube,52,11,False,False
S0001883,U001038,2024-06-20,Desktop,iOS,Firefox,Instagram,31,6,False,False
S0001884,U001974,2024-05-07,Desktop,Android,Safari,Instagram,44,5,False,True
S0001885,U001783,2024-05-26,Desktop,iOS,Edge,Direct,40,6,False,False
S0001886,U000330,2024-09-02,Desktop,macOS,Chrome,Instagram,44,1,True,False
S0001887,U000777,2024-02-01,Desktop,iOS,Edge,Organic Search,17,5,False,False
S0001888,U001152,2024-10-03,Desktop,macOS,Edge,Referral,5,9,False,False
S0001889,U001160,2025-07-26,Tablet,iOS,Edge,Referral,4,5,False,False
S0001890,U000128,2025-10-05,Tablet,Android,Firefox,Facebook,5,6,False,False
S0001891,U000011,2024-02-12,Tablet,macOS,Edge,Instagram,15,1,True,False
S0001892,U001419,2025-01-22,Mobile,iOS,Chrome,Direct,20,5,False,False
S0001893,U001557,2025-10-18,Tablet,Windows,Firefox,YouTube,40,5,False,False
S0001894,U000347,2025-09-21,Tablet,Windows,Safari,YouTube,33,9,False,False
S0001895,U001021,2024-07-12,Mobile,macOS,Edge,Facebook,13,5,False,False
S0001896,U000732,2025-07-18,Desktop,macOS,Safari,Email,29,8,False,False
S0001897,U000832,2024-10-12,Desktop,Windows,Safari,Direct,31,9,False,True
S0001898,U001383,2025-03-29,Desktop,macOS,Chrome,Email,5,12,False,False
S0001899,U000608,2025-09-08,Mobile,Windows,Firefox,Organic Search,48,9,False,False
S0001900,U001407,2024-09-27,Mobile,Windows,Safari,YouTube,45,11,False,False
S0001901,U000498,2024-02-28,Mobile,iOS,Safari,YouTube,27,12,False,False
S0001902,U000536,2025-12-06,Tablet,Windows,Edge,Direct,31,7,False,False
S0001903,U001014,2024-04-08,Tablet,Android,Edge,Facebook,20,8,False,False
S0001904,U001478,2024-09-23,Tablet,macOS,Safari,Organic Search,32,7,False,False
S0001905,U000560,2025-11-23,Desktop,Windows,Firefox,Instagram,44,8,False,False
S0001906,U001157,2024-03-07,Desktop,iOS,Edge,Email,30,10,False,False
S0001907,U001684,2024-11-15,Mobile,Windows,Edge,Facebook,21,3,False,False
S0001908,U000401,2024-12-11,Desktop,Android,Firefox,Instagram,49,2,False,False
S0001909,U000888,2024-08-07,Desktop,Windows,Chrome,Instagram,18,3,False,False
S0001910,U000611,2025-08-26,Mobile,Android,Chrome,Paid Search,57,6,False,False
S0001911,U000138,2025-12-21,Desktop,Windows,Chrome,Referral,53,10,False,False
S0001912,U001093,2024-05-07,Desktop,macOS,Edge,Paid Search,53,1,True,False
S0001913,U001934,2025-12-11,Desktop,iOS,Firefox,Email,14,2,False,False
S0001914,U001259,2024-12-26,Desktop,Android,Firefox,Instagram,36,4,False,False
S0001915,U000351,2025-01-26,Mobile,Android,Edge,Paid Search,1,4,False,False
S0001916,U001515,2025-08-10,Desktop,macOS,Safari,Instagram,3,2,False,False
S0001917,U000640,2025-12-28,Tablet,iOS,Safari,Referral,50,10,False,True
S0001918,U000495,2025-02-02,Desktop,Windows,Firefox,YouTube,3,4,False,True
S0001919,U001497,2024-12-13,Desktop,Android,Edge,Organic Search,35,11,False,False
S0001920,U001281,2025-12-30,Mobile,iOS,Firefox,Instagram,5,5,False,False
S0001921,U000332,2024-07-23,Desktop,Android,Safari,YouTube,25,4,False,False
S0001922,U000615,2025-10-09,Desktop,iOS,Firefox,Paid Search,16,7,False,False
S0001923,U000512,2025-04-22,Mobile,Android,Safari,Referral,2,11,False,False
S0001924,U000075,2024-07-04,Tablet,Windows,Safari,Organic Search,49,4,False,False
S0001925,U000720,2025-12-18,Tablet,iOS,Edge,Direct,18,3,False,False
S0001926,U001494,2024-05-25,Mobile,iOS,Safari,Facebook,49,2,False,True
S0001927,U000540,2024-06-27,Tablet,iOS,Chrome,YouTube,14,11,False,False
S0001928,U001261,2024-06-21,Mobile,Windows,Edge,Referral,39,11,False,False
S0001929,U001222,2025-09-03,Mobile,Android,Edge,Email,9,2,False,True
S0001930,U000066,2024-10-03,Mobile,Windows,Firefox,Organic Search,38,10,False,False
S0001931,U000605,2025-08-02,Tablet,iOS,Firefox,Facebook,50,11,False,False
S0001932,U001832,2025-04-01,Tablet,Windows,Safari,Organic Search,32,7,False,True
S0001933,U001500,2024-06-18,Mobile,Windows,Firefox,Facebook,16,1,True,False
S0001934,U000382,2024-12-05,Mobile,Android,Chrome,Facebook,56,7,False,False
S0001935,U000171,2024-06-03,Desktop,macOS,Firefox,Email,14,4,False,False
S0001936,U000654,2025-02-24,Mobile,Windows,Firefox,Facebook,12,2,False,False
S0001937,U000278,2024-06-23,Tablet,Android,Chrome,Referral,37,6,False,False
S0001938,U001425,2025-11-11,Tablet,macOS,Chrome,Paid Search,39,12,False,False
S0001939,U001887,2024-06-03,Desktop,macOS,Firefox,Direct,16,7,False,False
S0001940,U000049,2025-06-04,Desktop,Android,Safari,Organic Search,2,6,False,False
S0001941,U000510,2024-02-19,Mobile,macOS,Chrome,Paid Search,58,10,False,False
S0001942,U000751,2025-11-01,Tablet,Android,Safari,Organic Search,49,2,False,False
S0001943,U001568,2024-02-24,Tablet,iOS,Firefox,Email,40,7,False,False
S0001944,U001856,2025-04-05,Desktop,Android,Edge,Organic Search,42,5,False,False
S0001945,U001226,2024-06-05,Mobile,iOS,Edge,Instagram,1,10,False,False
S0001946,U000001,2024-11-26,Mobile,iOS,Edge,Direct,13,11,False,False
S0001947,U000050,2025-06-29,Tablet,Android,Firefox,Organic Search,51,6,False,False
S0001948,U001347,2025-05-03,Desktop,Windows,Firefox,YouTube,56,5,False,False
S0001949,U001881,2025-05-07,Desktop,iOS,Firefox,Paid Search,18,9,False,False
S0001950,U000741,2024-06-27,Mobile,Android,Firefox,Organic Search,44,7,False,False
S0001951,U001914,2024-11-26,Tablet,macOS,Firefox,Paid Search,54,6,False,False
S0001952,U000392,2025-07-07,Desktop,Android,Chrome,Organic Search,6,11,False,False
S0001953,U000618,2024-01-13,Tablet,Windows,Safari,YouTube,16,9,False,False
S0001954,U001969,2024-01-14,Tablet,iOS,Edge,Paid Search,32,8,False,False
S0001955,U001448,2024-08-26,Desktop,Windows,Firefox,Email,33,6,False,False
S0001956,U001190,2025-07-26,Mobile,Windows,Edge,Instagram,39,5,False,False
S0001957,U000211,2024-10-25,Desktop,macOS,Edge,Organic Search,50,9,False,False
S0001958,U000687,2024-10-24,Desktop,macOS,Edge,Paid Search,13,8,False,True
S0001959,U000881,2024-12-20,Tablet,macOS,Firefox,Instagram,10,1,True,False
S0001960,U000188,2025-05-23,Desktop,macOS,Chrome,Email,14,12,False,True
S0001961,U001966,2025-06-20,Desktop,Windows,Firefox,Organic Search,17,1,True,False
S0001962,U000387,2024-04-22,Tablet,Windows,Edge,YouTube,21,1,True,False
S0001963,U001233,2025-09-23,Mobile,Windows,Firefox,Instagram,5,8,False,False
S0001964,U001110,2025-02-17,Tablet,Android,Edge,Facebook,20,12,False,False
S0001965,U001865,2024-07-29,Tablet,iOS,Firefox,Direct,33,2,False,True
S0001966,U000790,2025-02-27,Tablet,macOS,Edge,Instagram,21,6,False,False
S0001967,U000099,2024-05-26,Desktop,iOS,Chrome,Direct,54,6,False,False
S0001968,U000092,2024-01-01,Tablet,macOS,Chrome,Paid Search,43,12,False,False
S0001969,U000465,2025-07-31,Tablet,Android,Chrome,Instagram,59,1,True,False
S0001970,U000683,2024-07-22,Desktop,macOS,Chrome,Paid Search,10,10,False,False
S0001971,U001335,2025-08-21,Mobile,Android,Firefox,Organic Search,7,5,False,False
S0001972,U000527,2024-04-03,Mobile,macOS,Chrome,Direct,39,7,False,False
S0001973,U000406,2025-04-11,Desktop,iOS,Chrome,Organic Search,8,7,False,False
S0001974,U001875,2025-03-01,Tablet,Android,Edge,Organic Search,1,2,False,True
S0001975,U000179,2024-10-24,Desktop,iOS,Firefox,YouTube,8,7,False,False
S0001976,U001022,2025-08-12,Mobile,Android,Edge,YouTube,42,8,False,False
S0001977,U001967,2025-04-20,Mobile,iOS,Firefox,YouTube,33,5,False,True
S0001978,U001276,2024-01-02,Tablet,Windows,Safari,Facebook,58,3,False,False
S0001979,U000292,2024-01-03,Desktop,Android,Chrome,Instagram,43,10,False,False
S0001980,U001919,2024-03-19,Tablet,iOS,Edge,Paid Search,47,10,False,False
S0001981,U001486,2025-05-18,Mobile,iOS,Safari,Referral,28,9,False,False
S0001982,U000854,2025-02-10,Tablet,macOS,Edge,Referral,12,2,False,True
S0001983,U000609,2024-11-14,Desktop,Windows,Firefox,Referral,19,2,False,False
S0001984,U000636,2025-08-22,Tablet,Windows,Firefox,Instagram,58,10,False,False
S0001985,U001137,2024-11-08,Tablet,iOS,Firefox,Direct,22,2,False,False
S0001986,U000315,2025-10-11,Tablet,iOS,Edge,Direct,40,7,False,False
S0001987,U000857,2024-04-12,Tablet,iOS,Edge,Facebook,7,8,False,False
S0001988,U000425,2025-01-03,Tablet,Android,Chrome,Direct,50,9,False,False
S0001989,U001463,2024-05-08,Tablet,macOS,Edge,YouTube,2,3,False,False
S0001990,U001100,2025-05-21,Mobile,iOS,Edge,Organic Search,21,2,False,False
S0001991,U000339,2025-05-22,Desktop,Windows,Edge,Paid Search,20,11,False,False
S0001992,U001422,2025-12-03,Desktop,Android,Firefox,Email,19,6,False,False
S0001993,U001087,2024-03-24,Mobile,iOS,Chrome,Email,4,4,False,True
S0001994,U000564,2025-01-01,Mobile,Windows,Firefox,YouTube,2,1,True,False
S0001995,U001062,2025-02-14,Desktop,Android,Safari,Referral,20,5,False,False
S0001996,U000937,2025-04-09,Mobile,iOS,Firefox,Direct,33,11,False,False
S0001997,U001772,2025-01-21,Desktop,Windows,Edge,YouTube,48,3,False,False
S0001998,U000543,2024-02-26,Desktop,macOS,Safari,Referral,4,12,False,False
S0001999,U001725,2025-04-18,Tablet,macOS,Firefox,Paid Search,45,3,False,False
S0002000,U000599,2024-08-24,Desktop,macOS,Firefox,YouTube,5,4,False,False
S0002001,U000786,2025-05-17,Tablet,macOS,Edge,Email,29,3,False,False
S0002002,U000124,2024-01-22,Mobile,macOS,Chrome,Paid Search,37,7,False,False
S0002003,U000626,2025-10-03,Mobile,iOS,Edge,Direct,40,5,False,False
S0002004,U000358,2025-04-18,Desktop,Windows,Firefox,Direct,3,2,False,True
S0002005,U001533,2024-12-06,Tablet,Android,Edge,Direct,9,12,False,False
S0002006,U001086,2024-02-26,Desktop,Android,Edge,Paid Search,14,9,False,True
S0002007,U000370,2025-08-20,Desktop,macOS,Firefox,Facebook,27,2,False,False
S0002008,U000573,2025-10-26,Mobile,macOS,Chrome,Paid Search,59,7,False,False
S0002009,U001419,2024-03-08,Tablet,iOS,Chrome,Paid Search,39,9,False,False
S0002010,U001734,2025-02-19,Desktop,Android,Edge,Organic Search,8,6,False,False
S0002011,U000576,2024-12-11,Desktop,iOS,Safari,Organic Search,59,4,False,False
S0002012,U000285,2025-11-15,Mobile,macOS,Edge,Facebook,12,7,False,False
S0002013,U001151,2025-11-16,Desktop,macOS,Edge,Referral,22,9,False,False
S0002014,U000933,2025-04-19,Tablet,macOS,Firefox,Organic Search,5,5,False,False
S0002015,U001556,2024-11-25,Tablet,macOS,Chrome,Paid Search,34,11,False,True
S0002016,U001582,2024-09-23,Tablet,iOS,Firefox,Organic Search,57,8,False,False
S0002017,U000145,2025-06-19,Desktop,iOS,Edge,Facebook,4,3,False,False
S0002018,U001579,2024-08-04,Mobile,macOS,Safari,YouTube,20,4,False,False
S0002019,U001364,2024-12-22,Desktop,macOS,Chrome,Paid Search,4,5,False,False
S0002020,U001809,2024-09-09,Mobile,Android,Safari,Referral,35,9,False,True
S0002021,U000298,2025-06-30,Desktop,macOS,Firefox,YouTube,42,4,False,False
S0002022,U001273,2024-12-31,Desktop,Android,Safari,Email,29,9,False,False
S0002023,U001242,2025-10-29,Tablet,Windows,Chrome,Instagram,45,4,False,False
S0002024,U000417,2024-12-30,Desktop,Windows,Edge,Instagram,27,8,False,False
S0002025,U001782,2024-08-23,Tablet,iOS,Firefox,Referral,18,11,False,False
S0002026,U001595,2025-06-20,Mobile,macOS,Chrome,Referral,39,8,False,False
S0002027,U001509,2024-10-29,Desktop,iOS,Firefox,Email,58,8,False,False
S0002028,U001437,2024-02-20,Mobile,Windows,Firefox,Paid Search,2,1,True,True
S0002029,U001241,2024-07-21,Desktop,Android,Chrome,Direct,10,8,False,False
S0002030,U000999,2024-05-19,Desktop,macOS,Edge,Facebook,37,11,False,False
S0002031,U000261,2024-01-15,Tablet,Android,Firefox,Paid Search,4,6,False,False
S0002032,U000210,2025-06-05,Tablet,iOS,Safari,Instagram,32,8,False,False
S0002033,U001134,2025-11-19,Mobile,iOS,Edge,Referral,10,11,False,False
S0002034,U001593,2024-08-09,Mobile,Android,Chrome,Direct,20,3,False,False
S0002035,U001547,2024-02-15,Mobile,macOS,Firefox,YouTube,9,1,True,False
S0002036,U001621,2024-11-08,Desktop,Android,Chrome,Paid Search,3,8,False,False
S0002037,U001048,2025-08-12,Desktop,Windows,Safari,Referral,47,5,False,False
S0002038,U001072,2025-05-17,Mobile,Windows,Edge,Direct,15,8,False,False
S0002039,U001156,2025-02-07,Desktop,Android,Edge,Organic Search,8,12,False,False
S0002040,U000292,2024-11-21,Tablet,iOS,Chrome,YouTube,24,12,False,True
S0002041,U000613,2024-02-23,Tablet,Windows,Firefox,Facebook,58,10,False,False
S0002042,U000861,2024-03-02,Mobile,macOS,Firefox,Facebook,18,11,False,False
S0002043,U000477,2024-11-02,Mobile,Windows,Edge,Organic Search,5,2,False,False
S0002044,U001795,2025-04-18,Desktop,Windows,Firefox,Organic Search,35,10,False,False
S0002045,U000398,2025-05-17,Mobile,Windows,Firefox,Paid Search,51,7,False,False
S0002046,U000945,2024-09-02,Tablet,macOS,Safari,Direct,45,8,False,False
S0002047,U001404,2024-05-24,Desktop,macOS,Firefox,Email,57,10,False,False
S0002048,U001402,2025-12-23,Mobile,iOS,Edge,Direct,6,5,False,False
S0002049,U001080,2024-09-02,Desktop,Android,Chrome,Organic Search,3,8,False,False
S0002050,U001431,2024-12-20,Mobile,Android,Safari,Facebook,60,8,False,False
S0002051,U000772,2025-04-28,Tablet,Android,Safari,Referral,40,10,False,False
S0002052,U001356,2025-10-22,Tablet,macOS,Chrome,Paid Search,60,5,False,False
S0002053,U000811,2025-12-11,Tablet,macOS,Safari,Email,32,7,False,False
S0002054,U000628,2025-07-10,Tablet,Windows,Chrome,Paid Search,58,9,False,False
S0002055,U001197,2024-12-13,Desktop,Android,Edge,Email,5,4,False,True
S0002056,U000624,2025-10-20,Mobile,Android,Edge,Referral,34,4,False,False
S0002057,U001307,2025-11-15,Desktop,Windows,Safari,Email,32,6,False,True
S0002058,U000747,2025-12-28,Tablet,macOS,Firefox,YouTube,41,3,False,False
S0002059,U000323,2024-03-01,Tablet,Android,Safari,Paid Search,3,5,False,False
S0002060,U000392,2024-12-02,Desktop,iOS,Edge,Referral,26,12,False,False
S0002061,U000449,2024-11-06,Tablet,macOS,Chrome,Direct,38,4,False,False
S0002062,U000576,2024-11-10,Mobile,macOS,Chrome,Facebook,8,5,False,False
S0002063,U000562,2024-11-10,Mobile,Android,Safari,Instagram,31,11,False,False
S0002064,U000177,2024-08-29,Tablet,Windows,Firefox,Email,17,5,False,True
S0002065,U001604,2025-05-14,Mobile,macOS,Safari,Organic Search,32,8,False,False
S0002066,U000426,2024-12-25,Desktop,Android,Edge,Referral,22,1,True,False
S0002067,U000685,2025-12-07,Desktop,macOS,Firefox,Instagram,53,3,False,False
S0002068,U000409,2024-09-19,Tablet,iOS,Chrome,Paid Search,52,7,False,True
S0002069,U000460,2025-09-06,Desktop,iOS,Safari,Email,38,10,False,True
S0002070,U001751,2025-10-08,Desktop,Windows,Chrome,Paid Search,12,3,False,False
S0002071,U001006,2025-07-16,Mobile,Android,Firefox,Direct,53,8,False,False
S0002072,U001442,2025-08-24,Tablet,Windows,Safari,Facebook,44,8,False,False
S0002073,U000127,2024-11-16,Tablet,Android,Firefox,Email,9,3,False,False
S0002074,U001179,2024-10-10,Desktop,iOS,Safari,YouTube,35,5,False,True
S0002075,U000346,2024-12-01,Tablet,macOS,Edge,Direct,6,8,False,False
S0002076,U001179,2025-02-06,Desktop,Android,Safari,YouTube,43,5,False,False
S0002077,U001885,2025-11-03,Mobile,Android,Firefox,Organic Search,1,8,False,False
S0002078,U000338,2024-11-17,Mobile,macOS,Edge,YouTube,33,4,False,False
S0002079,U001957,2025-07-23,Tablet,Android,Safari,YouTube,55,11,False,False
S0002080,U001093,2025-06-04,Tablet,Windows,Chrome,Referral,34,7,False,False
S0002081,U000172,2025-05-31,Mobile,Windows,Chrome,Organic Search,38,6,False,False
S0002082,U001022,2024-02-05,Desktop,Windows,Edge,YouTube,12,3,False,False
S0002083,U000742,2025-06-06,Mobile,Android,Chrome,Email,43,1,True,False
S0002084,U000477,2024-05-22,Mobile,iOS,Edge,Paid Search,58,4,False,False
S0002085,U000329,2024-07-12,Mobile,macOS,Edge,Direct,14,8,False,False
S0002086,U001608,2024-03-01,Tablet,iOS,Firefox,Facebook,41,3,False,False
S0002087,U001541,2024-03-26,Tablet,Android,Edge,Email,11,8,False,False
S0002088,U001267,2024-05-25,Tablet,Android,Edge,Facebook,26,12,False,False
S0002089,U000772,2024-06-14,Tablet,Windows,Firefox,Paid Search,2,11,False,False
S0002090,U000794,2025-06-01,Mobile,Windows,Chrome,Organic Search,41,11,False,False
S0002091,U001291,2025-11-09,Mobile,macOS,Edge,Referral,17,1,True,False
S0002092,U000340,2025-07-31,Desktop,Android,Edge,Referral,10,5,False,False
S0002093,U001082,2024-07-18,Desktop,macOS,Edge,Direct,24,10,False,False
S0002094,U001780,2024-11-16,Desktop,Android,Edge,Direct,45,12,False,False
S0002095,U001356,2025-12-12,Mobile,Android,Firefox,Organic Search,7,6,False,False
S0002096,U000073,2024-11-08,Tablet,Android,Edge,Referral,50,2,False,False
S0002097,U001696,2025-07-23,Tablet,macOS,Firefox,Paid Search,17,6,False,True
S0002098,U001480,2024-11-06,Mobile,iOS,Firefox,Paid Search,28,1,True,False
S0002099,U000024,2025-03-30,Desktop,Windows,Firefox,Referral,15,4,False,False
S0002100,U000453,2025-12-16,Desktop,macOS,Firefox,Referral,21,3,False,False
S0002101,U001321,2025-03-06,Mobile,Android,Edge,Organic Search,5,11,False,True
S0002102,U001118,2025-05-23,Tablet,Windows,Chrome,Facebook,30,3,False,False
S0002103,U001584,2024-04-11,Mobile,macOS,Edge,YouTube,26,6,False,False
S0002104,U001820,2025-05-26,Tablet,iOS,Chrome,YouTube,38,12,False,False
S0002105,U000466,2025-02-01,Tablet,iOS,Firefox,Paid Search,30,12,False,False
S0002106,U001376,2024-05-04,Desktop,macOS,Safari,Organic Search,39,7,False,False
S0002107,U001031,2025-05-26,Desktop,iOS,Firefox,Instagram,48,3,False,False
S0002108,U001156,2024-12-16,Mobile,macOS,Chrome,Facebook,44,2,False,False
S0002109,U000764,2025-05-31,Mobile,iOS,Chrome,YouTube,13,11,False,False
S0002110,U000869,2025-11-14,Desktop,macOS,Safari,Facebook,10,7,False,False
S0002111,U000648,2024-05-11,Mobile,Windows,Edge,Facebook,46,5,False,False
S0002112,U001379,2025-11-24,Tablet,macOS,Edge,Paid Search,9,11,False,False
S0002113,U001441,2025-03-05,Tablet,Windows,Edge,Facebook,43,12,False,False
S0002114,U001717,2025-11-03,Desktop,Windows,Chrome,Direct,29,4,False,False
S0002115,U000473,2025-04-18,Tablet,iOS,Chrome,Email,38,6,False,False
S0002116,U001272,2024-11-29,Mobile,iOS,Firefox,Email,16,3,False,False
S0002117,U000342,2024-07-15,Mobile,iOS,Safari,Email,48,6,False,True
S0002118,U001688,2024-04-10,Mobile,Windows,Safari,Paid Search,44,12,False,False
S0002119,U001473,2024-10-11,Mobile,macOS,Edge,Email,39,11,False,False
S0002120,U000090,2024-07-24,Tablet,Windows,Firefox,Facebook,49,6,False,False
S0002121,U001944,2024-06-15,Tablet,Android,Firefox,Facebook,56,4,False,False
S0002122,U001060,2025-03-16,Tablet,Android,Edge,Organic Search,7,8,False,False
S0002123,U001565,2024-11-29,Tablet,iOS,Firefox,Organic Search,26,9,False,False
S0002124,U001706,2025-05-11,Desktop,macOS,Chrome,YouTube,12,9,False,False
S0002125,U000182,2025-12-20,Tablet,Windows,Safari,Direct,37,11,False,False
S0002126,U000574,2024-03-23,Mobile,Windows,Firefox,Instagram,24,5,False,False
S0002127,U001980,2025-04-23,Mobile,Android,Edge,YouTube,16,12,False,False
S0002128,U001402,2024-05-08,Tablet,iOS,Safari,Paid Search,8,4,False,False
S0002129,U001605,2024-03-09,Mobile,iOS,Firefox,Email,28,2,False,False
S0002130,U001765,2025-08-20,Desktop,Android,Safari,Referral,15,8,False,False
S0002131,U000434,2024-02-27,Desktop,macOS,Chrome,YouTube,6,3,False,False
S0002132,U001372,2024-08-19,Mobile,Android,Chrome,Referral,39,6,False,False
S0002133,U001386,2024-07-14,Tablet,iOS,Chrome,YouTube,51,9,False,False
S0002134,U001198,2024-07-01,Tablet,macOS,Safari,Direct,40,8,False,False
S0002135,U000694,2025-09-14,Tablet,macOS,Edge,Email,55,1,True,False
S0002136,U000670,2025-02-25,Mobile,macOS,Safari,Referral,5,10,False,False
S0002137,U000029,2024-01-17,Tablet,macOS,Firefox,Referral,21,12,False,False
S0002138,U001338,2025-11-26,Mobile,Android,Firefox,Instagram,17,1,True,False
S0002139,U001182,2024-09-18,Desktop,iOS,Chrome,Facebook,16,2,False,False
S0002140,U000240,2025-03-02,Desktop,Android,Firefox,Organic Search,26,2,False,False
S0002141,U000872,2025-05-15,Mobile,macOS,Safari,Instagram,15,10,False,False
S0002142,U001111,2025-06-03,Tablet,Windows,Firefox,Paid Search,19,6,False,False
S0002143,U001468,2024-06-22,Tablet,Windows,Firefox,YouTube,17,3,False,False
S0002144,U001722,2024-10-27,Mobile,Android,Firefox,Instagram,13,7,False,False
S0002145,U000039,2025-06-30,Mobile,Android,Chrome,Email,11,9,False,False
S0002146,U001205,2024-08-28,Desktop,macOS,Edge,Facebook,10,10,False,False
S0002147,U000565,2025-06-22,Tablet,iOS,Chrome,Referral,13,6,False,False
S0002148,U001809,2024-10-09,Tablet,iOS,Safari,Direct,57,8,False,False
S0002149,U001353,2024-09-19,Tablet,iOS,Edge,Referral,10,6,False,False
S0002150,U001474,2024-08-12,Desktop,Android,Safari,Paid Search,45,7,False,False
S0002151,U001938,2025-03-02,Desktop,iOS,Edge,Instagram,5,8,False,False
S0002152,U000678,2025-11-26,Mobile,iOS,Firefox,Organic Search,39,6,False,False
S0002153,U001294,2025-08-06,Tablet,iOS,Edge,Facebook,28,11,False,False
S0002154,U001674,2024-11-10,Mobile,macOS,Edge,Instagram,35,7,False,False
S0002155,U001059,2024-02-16,Mobile,macOS,Edge,Facebook,21,12,False,False
S0002156,U001363,2024-12-23,Tablet,Windows,Firefox,Direct,59,4,False,True
S0002157,U001446,2025-02-05,Desktop,Windows,Safari,Referral,59,2,False,False
S0002158,U000520,2024-09-14,Mobile,iOS,Safari,Facebook,54,7,False,False
S0002159,U000617,2024-07-11,Desktop,Android,Safari,Referral,3,5,False,True
S0002160,U000573,2024-01-22,Desktop,macOS,Safari,YouTube,60,1,True,False
S0002161,U000568,2025-04-21,Desktop,macOS,Safari,Instagram,60,4,False,True
S0002162,U001300,2024-07-01,Tablet,Windows,Safari,Instagram,5,11,False,False
S0002163,U000072,2024-08-13,Desktop,Windows,Safari,Direct,50,2,False,False
S0002164,U000994,2024-12-15,Desktop,Windows,Firefox,Organic Search,53,4,False,False
S0002165,U000729,2025-11-17,Mobile,macOS,Chrome,Direct,18,2,False,False
S0002166,U001791,2025-12-05,Tablet,Android,Firefox,Paid Search,37,3,False,False
S0002167,U001465,2025-11-11,Mobile,Windows,Edge,Instagram,49,12,False,False
S0002168,U000122,2025-07-01,Mobile,iOS,Safari,Facebook,3,2,False,False
S0002169,U001681,2024-11-14,Desktop,Android,Chrome,Instagram,58,11,False,False
S0002170,U001943,2024-02-08,Desktop,Android,Chrome,Facebook,24,6,False,False
S0002171,U001510,2025-11-05,Tablet,iOS,Firefox,YouTube,40,8,False,False
S0002172,U000612,2025-04-23,Mobile,macOS,Edge,Email,60,9,False,False
S0002173,U000755,2024-09-04,Tablet,iOS,Safari,Instagram,14,4,False,False
S0002174,U001741,2024-09-03,Mobile,iOS,Edge,Organic Search,5,10,False,False
S0002175,U001360,2024-09-16,Mobile,Windows,Chrome,YouTube,36,3,False,False
S0002176,U000736,2025-10-03,Desktop,iOS,Chrome,Email,51,1,True,False
S0002177,U000991,2025-11-25,Mobile,iOS,Chrome,Referral,24,11,False,False
S0002178,U000648,2024-04-23,Tablet,Android,Edge,Facebook,44,8,False,False
S0002179,U001810,2024-11-26,Tablet,Windows,Safari,Paid Search,46,11,False,False
S0002180,U001777,2024-07-21,Mobile,Android,Chrome,YouTube,36,12,False,False
S0002181,U001999,2025-11-23,Tablet,Android,Edge,Email,43,1,True,False
S0002182,U001621,2024-07-07,Desktop,Windows,Chrome,Organic Search,5,9,False,False
S0002183,U001873,2025-02-09,Mobile,Android,Safari,Referral,35,1,True,False
S0002184,U000637,2025-12-29,Mobile,iOS,Safari,Instagram,59,1,True,False
S0002185,U001889,2024-10-20,Desktop,Windows,Chrome,Email,16,6,False,False
S0002186,U000743,2025-10-16,Desktop,Android,Safari,Email,23,5,False,False
S0002187,U000595,2024-06-17,Mobile,iOS,Chrome,Direct,38,10,False,False
S0002188,U000949,2025-10-20,Tablet,Android,Chrome,Email,15,9,False,False
S0002189,U000791,2025-03-11,Tablet,Windows,Firefox,Instagram,5,8,False,False
S0002190,U001300,2025-02-23,Tablet,Windows,Edge,Instagram,1,10,False,True
S0002191,U001747,2025-03-01,Desktop,Android,Firefox,Email,50,8,False,False
S0002192,U001787,2024-01-25,Mobile,Windows,Safari,Referral,37,11,False,False
S0002193,U001494,2025-08-26,Tablet,Android,Safari,YouTube,15,4,False,False
S0002194,U001291,2025-09-27,Desktop,Windows,Edge,Facebook,21,4,False,False
S0002195,U000477,2025-08-02,Tablet,Android,Edge,Instagram,37,7,False,False
S0002196,U001859,2024-11-30,Tablet,Android,Chrome,Paid Search,36,6,False,False
S0002197,U001362,2024-09-12,Tablet,iOS,Firefox,Facebook,1,11,False,False
S0002198,U001002,2024-12-24,Desktop,macOS,Edge,Organic Search,50,5,False,False
S0002199,U000995,2025-11-23,Mobile,macOS,Chrome,Email,29,5,False,True
S0002200,U001046,2024-08-01,Tablet,macOS,Safari,Instagram,44,3,False,False
S0002201,U001611,2025-08-13,Desktop,iOS,Edge,Paid Search,40,10,False,True
S0002202,U001148,2025-10-17,Tablet,iOS,Chrome,Organic Search,2,4,False,False
S0002203,U000721,2024-09-16,Tablet,Windows,Chrome,Direct,15,11,False,False
S0002204,U000340,2025-07-11,Tablet,iOS,Safari,Instagram,59,10,False,False
S0002205,U001849,2025-12-01,Mobile,macOS,Chrome,Organic Search,23,2,False,False
S0002206,U001873,2024-04-05,Tablet,Android,Edge,Organic Search,32,10,False,False
S0002207,U000515,2025-03-23,Mobile,macOS,Safari,YouTube,51,3,False,False
S0002208,U001069,2024-07-20,Mobile,Windows,Edge,Referral,28,9,False,False
S0002209,U001481,2024-06-24,Mobile,Android,Firefox,Instagram,19,7,False,False
S0002210,U000878,2025-10-23,Mobile,iOS,Safari,Instagram,37,12,False,False
S0002211,U000564,2025-02-25,Mobile,iOS,Chrome,Facebook,26,3,False,True
S0002212,U000700,2025-01-08,Desktop,macOS,Firefox,Email,56,5,False,True
S0002213,U000142,2024-08-09,Mobile,macOS,Edge,Instagram,49,8,False,False
S0002214,U000581,2024-02-07,Desktop,macOS,Firefox,Referral,27,5,False,False
S0002215,U000466,2025-01-14,Tablet,iOS,Safari,Referral,28,7,False,False
S0002216,U001805,2025-12-04,Tablet,macOS,Firefox,Organic Search,47,1,True,False
S0002217,U000156,2024-04-02,Tablet,macOS,Firefox,Instagram,26,8,False,False
S0002218,U000263,2024-04-19,Tablet,Windows,Firefox,Direct,5,2,False,False
S0002219,U000040,2024-05-09,Desktop,Windows,Firefox,Direct,56,6,False,False
S0002220,U000755,2024-03-14,Tablet,macOS,Firefox,Organic Search,28,5,False,False
S0002221,U000873,2024-07-29,Desktop,macOS,Safari,Organic Search,55,12,False,False
S0002222,U000588,2025-05-24,Tablet,Android,Firefox,Organic Search,45,11,False,False
S0002223,U001416,2024-05-03,Mobile,macOS,Firefox,Organic Search,46,5,False,False
S0002224,U000609,2025-11-24,Mobile,Android,Edge,Instagram,55,11,False,False
S0002225,U000924,2025-02-27,Mobile,Windows,Edge,Facebook,12,2,False,False
S0002226,U001628,2025-05-31,Mobile,macOS,Safari,Email,17,12,False,False
S0002227,U000620,2025-02-03,Desktop,macOS,Firefox,Referral,21,12,False,True
S0002228,U000725,2025-09-22,Mobile,Android,Firefox,Facebook,41,2,False,False
S0002229,U000294,2025-12-10,Tablet,iOS,Edge,Email,24,9,False,False
S0002230,U001326,2024-03-16,Desktop,Windows,Safari,Instagram,22,9,False,False
S0002231,U000851,2025-04-10,Tablet,iOS,Edge,Direct,15,6,False,False
S0002232,U000169,2024-11-21,Tablet,iOS,Chrome,Direct,36,12,False,False
S0002233,U001896,2024-01-11,Mobile,Windows,Safari,Facebook,1,10,False,False
S0002234,U001269,2025-11-20,Mobile,Windows,Chrome,Facebook,49,10,False,False
S0002235,U001184,2025-02-22,Mobile,macOS,Chrome,Paid Search,58,10,False,False
S0002236,U000339,2025-05-11,Mobile,iOS,Firefox,YouTube,60,1,True,False
S0002237,U000062,2024-05-29,Desktop,iOS,Chrome,Organic Search,41,2,False,False
S0002238,U001540,2024-11-23,Desktop,iOS,Edge,Facebook,55,12,False,False
S0002239,U001394,2024-02-22,Desktop,iOS,Edge,Paid Search,59,11,False,False
S0002240,U000729,2024-03-31,Mobile,iOS,Chrome,Direct,2,12,False,False
S0002241,U000631,2025-06-29,Desktop,iOS,Firefox,Organic Search,35,11,False,False
S0002242,U000168,2024-06-29,Mobile,iOS,Firefox,Organic Search,54,8,False,False
S0002243,U001595,2024-12-26,Desktop,Windows,Chrome,Email,46,6,False,False
S0002244,U001073,2025-03-29,Desktop,Windows,Safari,YouTube,30,6,False,False
S0002245,U000417,2025-05-26,Tablet,macOS,Chrome,YouTube,43,1,True,False
S0002246,U000624,2025-04-26,Desktop,Windows,Edge,Facebook,38,5,False,False
S0002247,U000728,2025-05-22,Tablet,iOS,Firefox,Instagram,51,9,False,False
S0002248,U001130,2025-09-22,Tablet,Windows,Safari,Direct,35,3,False,False
S0002249,U001486,2024-07-06,Tablet,Windows,Firefox,YouTube,57,3,False,False
S0002250,U001380,2024-01-03,Desktop,Windows,Safari,Organic Search,37,11,False,False
S0002251,U000393,2025-08-09,Desktop,macOS,Chrome,Organic Search,55,9,False,False
S0002252,U001985,2024-05-15,Desktop,Windows,Edge,Organic Search,1,3,False,False
S0002253,U000869,2024-06-14,Desktop,iOS,Safari,Paid Search,60,10,False,False
S0002254,U001531,2024-09-27,Desktop,iOS,Edge,Instagram,22,8,False,False
S0002255,U001973,2025-09-17,Mobile,Android,Safari,Instagram,60,11,False,False
S0002256,U001919,2024-09-15,Desktop,Windows,Edge,Referral,37,9,False,False
S0002257,U000675,2024-08-06,Mobile,Windows,Chrome,Paid Search,57,12,False,False
S0002258,U000391,2024-02-12,Desktop,iOS,Edge,Email,8,12,False,False
S0002259,U001877,2025-12-08,Mobile,iOS,Chrome,Referral,13,2,False,False
S0002260,U000565,2024-02-09,Mobile,Android,Safari,Referral,1,11,False,False
S0002261,U001434,2024-03-04,Mobile,macOS,Chrome,Paid Search,50,10,False,False
S0002262,U001344,2024-08-14,Mobile,Windows,Edge,Direct,13,11,False,False
S0002263,U000376,2025-06-24,Tablet,iOS,Edge,Instagram,57,1,True,False
S0002264,U000022,2024-03-28,Tablet,Windows,Safari,Facebook,8,10,False,False
S0002265,U001567,2025-06-06,Mobile,iOS,Edge,Instagram,38,6,False,False
S0002266,U001167,2024-04-28,Tablet,Android,Firefox,Direct,40,10,False,True
S0002267,U000467,2025-09-28,Desktop,Windows,Chrome,Email,9,5,False,False
S0002268,U001020,2025-07-21,Mobile,macOS,Safari,Facebook,55,11,False,False
S0002269,U001839,2025-12-30,Mobile,iOS,Safari,Direct,14,5,False,True
S0002270,U000536,2024-06-12,Mobile,macOS,Edge,Email,22,12,False,False
S0002271,U001861,2024-10-28,Mobile,macOS,Edge,Direct,16,6,False,False
S0002272,U000214,2024-07-16,Desktop,Android,Safari,YouTube,4,2,False,False
S0002273,U001260,2025-05-29,Desktop,Android,Chrome,Paid Search,36,6,False,False
S0002274,U001444,2025-04-08,Mobile,macOS,Edge,Organic Search,25,8,False,True
S0002275,U000791,2025-01-05,Mobile,iOS,Chrome,Referral,33,3,False,False
S0002276,U001640,2025-10-19,Desktop,iOS,Edge,YouTube,54,11,False,False
S0002277,U000862,2024-05-26,Tablet,Android,Firefox,Organic Search,10,10,False,False
S0002278,U000964,2025-02-01,Desktop,iOS,Safari,Instagram,41,2,False,False
S0002279,U001414,2025-05-28,Tablet,Windows,Firefox,Facebook,2,10,False,False
S0002280,U001712,2024-02-23,Tablet,iOS,Safari,Direct,23,5,False,False
S0002281,U000393,2025-01-13,Mobile,Windows,Firefox,Referral,23,5,False,False
S0002282,U000595,2024-02-20,Tablet,Windows,Safari,Instagram,17,5,False,False
S0002283,U000439,2024-04-19,Tablet,Windows,Firefox,YouTube,27,4,False,False
S0002284,U001575,2024-04-22,Desktop,iOS,Firefox,YouTube,21,2,False,False
S0002285,U001355,2024-12-06,Tablet,Windows,Firefox,Instagram,45,6,False,False
S0002286,U000515,2024-07-20,Tablet,macOS,Firefox,YouTube,11,6,False,False
S0002287,U001688,2024-07-24,Tablet,Android,Chrome,Facebook,21,1,True,False
S0002288,U001371,2025-05-23,Tablet,iOS,Edge,Paid Search,16,2,False,False
S0002289,U001856,2024-02-01,Desktop,macOS,Firefox,Facebook,16,10,False,True
S0002290,U001225,2024-10-17,Desktop,macOS,Safari,Direct,34,4,False,False
S0002291,U001687,2025-08-22,Desktop,iOS,Edge,Direct,48,8,False,False
S0002292,U001909,2025-10-14,Desktop,Windows,Edge,Email,17,2,False,False
S0002293,U001161,2025-12-29,Desktop,Android,Edge,Email,18,2,False,False
S0002294,U001162,2024-02-25,Mobile,macOS,Firefox,Paid Search,56,8,False,False
S0002295,U001558,2025-07-22,Desktop,Windows,Chrome,YouTube,39,8,False,False
S0002296,U000282,2024-11-21,Tablet,macOS,Safari,Email,16,3,False,False
S0002297,U001352,2024-04-28,Mobile,iOS,Edge,Referral,15,6,False,False
S0002298,U001296,2025-11-15,Tablet,Android,Safari,Email,24,6,False,False
S0002299,U000403,2025-01-15,Desktop,iOS,Chrome,Organic Search,11,2,False,False
S0002300,U000765,2024-04-04,Tablet,Windows,Chrome,Paid Search,36,9,False,False
S0002301,U001829,2024-05-28,Mobile,Windows,Safari,Email,52,10,False,False
S0002302,U001606,2025-07-21,Mobile,macOS,Firefox,Email,19,3,False,False
S0002303,U001870,2024-10-19,Tablet,iOS,Firefox,Email,13,11,False,False
S0002304,U001175,2024-08-23,Desktop,macOS,Chrome,Referral,52,5,False,False
S0002305,U000630,2024-03-24,Mobile,Android,Edge,Facebook,9,11,False,True
S0002306,U001814,2025-02-08,Tablet,Windows,Chrome,Paid Search,10,5,False,False
S0002307,U001774,2024-02-14,Desktop,Android,Chrome,YouTube,44,12,False,False
S0002308,U000918,2025-08-04,Tablet,Android,Chrome,Referral,13,4,False,False
S0002309,U000703,2025-07-19,Desktop,Android,Chrome,Referral,49,3,False,False
S0002310,U001129,2024-09-26,Mobile,iOS,Safari,YouTube,8,3,False,True
S0002311,U000353,2024-07-19,Mobile,Android,Firefox,Paid Search,60,10,False,False
S0002312,U000316,2025-11-25,Tablet,Android,Safari,Direct,37,9,False,False
S0002313,U001776,2025-05-05,Desktop,Android,Chrome,Referral,18,5,False,False
S0002314,U000427,2025-11-04,Mobile,iOS,Edge,Email,25,10,False,False
S0002315,U002000,2024-05-10,Tablet,macOS,Safari,Instagram,6,2,False,False
S0002316,U001571,2024-04-27,Mobile,Windows,Chrome,Organic Search,7,7,False,False
S0002317,U001699,2024-05-10,Mobile,Android,Safari,Referral,24,5,False,False
S0002318,U000408,2025-07-10,Mobile,Android,Chrome,YouTube,25,1,True,False
S0002319,U001544,2025-06-02,Desktop,Windows,Chrome,Organic Search,9,6,False,False
S0002320,U001912,2024-08-31,Desktop,iOS,Safari,Facebook,2,4,False,False
S0002321,U000218,2025-05-06,Desktop,Android,Firefox,Referral,16,10,False,False
S0002322,U001029,2025-02-12,Tablet,iOS,Firefox,Paid Search,41,2,False,False
S0002323,U000584,2024-02-04,Mobile,Android,Chrome,Direct,56,7,False,False
S0002324,U000618,2024-02-13,Mobile,macOS,Edge,Referral,38,2,False,False
S0002325,U001754,2025-11-29,Mobile,Android,Chrome,Email,9,6,False,False
S0002326,U001751,2025-02-04,Mobile,macOS,Edge,Email,49,12,False,True
S0002327,U000481,2024-01-28,Desktop,macOS,Firefox,Direct,29,1,True,False
S0002328,U001762,2025-10-15,Mobile,Android,Firefox,Facebook,44,6,False,False
S0002329,U001038,2024-09-08,Tablet,iOS,Safari,YouTube,55,7,False,False
S0002330,U000097,2025-11-23,Mobile,iOS,Firefox,Instagram,15,2,False,False
S0002331,U001194,2025-06-30,Mobile,Android,Safari,Instagram,58,10,False,False
S0002332,U000901,2025-04-21,Desktop,Android,Edge,Referral,15,6,False,False
S0002333,U001861,2024-05-22,Desktop,macOS,Edge,Direct,11,5,False,False
S0002334,U001868,2025-05-11,Mobile,macOS,Firefox,Referral,27,12,False,False
S0002335,U000142,2025-04-02,Desktop,iOS,Edge,Direct,38,1,True,False
S0002336,U000147,2024-03-14,Tablet,Windows,Firefox,YouTube,19,12,False,False
S0002337,U001612,2025-02-16,Tablet,macOS,Chrome,YouTube,17,3,False,False
S0002338,U000931,2025-10-15,Tablet,macOS,Chrome,Email,18,4,False,False
S0002339,U001349,2025-02-16,Mobile,Windows,Chrome,YouTube,19,9,False,False
S0002340,U001635,2025-10-19,Desktop,Android,Firefox,Direct,3,2,False,False
S0002341,U000347,2024-01-16,Tablet,iOS,Firefox,Direct,60,2,False,True
S0002342,U001531,2025-07-24,Mobile,iOS,Edge,Referral,17,1,True,True
S0002343,U000643,2024-10-02,Desktop,Windows,Edge,Instagram,40,1,True,False
S0002344,U001872,2024-05-27,Desktop,Android,Safari,Facebook,34,12,False,False
S0002345,U000144,2024-06-14,Desktop,iOS,Safari,Referral,21,5,False,False
S0002346,U001323,2025-11-02,Desktop,Android,Chrome,Facebook,17,3,False,False
S0002347,U000229,2024-09-03,Desktop,iOS,Safari,Facebook,14,7,False,False
S0002348,U000459,2024-02-18,Tablet,iOS,Chrome,Referral,38,8,False,False
S0002349,U001580,2025-07-18,Desktop,Android,Firefox,Email,34,11,False,False
S0002350,U000232,2025-07-23,Tablet,Windows,Safari,Referral,4,9,False,False
S0002351,U000215,2024-04-04,Tablet,iOS,Firefox,Paid Search,34,11,False,False
S0002352,U000040,2025-04-21,Tablet,Android,Firefox,YouTube,7,10,False,False
S0002353,U000885,2025-04-23,Tablet,Android,Safari,Instagram,31,2,False,False
S0002354,U001716,2024-12-24,Mobile,Windows,Chrome,Direct,11,4,False,False
S0002355,U000151,2024-07-30,Desktop,macOS,Edge,Instagram,47,10,False,False
S0002356,U000128,2024-03-09,Desktop,macOS,Chrome,Instagram,5,9,False,False
S0002357,U000511,2025-09-16,Tablet,Android,Safari,Paid Search,14,3,False,True
S0002358,U000124,2025-01-19,Mobile,iOS,Firefox,YouTube,15,11,False,False
S0002359,U001632,2024-09-01,Desktop,Android,Firefox,Paid Search,18,2,False,False
S0002360,U000989,2025-03-23,Desktop,iOS,Chrome,YouTube,43,1,True,False
S0002361,U001000,2025-08-13,Tablet,iOS,Chrome,Paid Search,37,12,False,False
S0002362,U000648,2025-06-04,Mobile,Windows,Edge,Referral,6,8,False,True
S0002363,U001819,2024-04-24,Tablet,iOS,Safari,Referral,2,10,False,False
S0002364,U000316,2024-02-12,Desktop,Android,Safari,Email,38,1,True,False
S0002365,U001332,2025-03-02,Tablet,Android,Safari,Instagram,41,2,False,False
S0002366,U000492,2025-09-26,Desktop,Windows,Chrome,Organic Search,40,3,False,False
S0002367,U000573,2025-02-22,Tablet,macOS,Safari,Facebook,2,7,False,False
S0002368,U001625,2024-09-06,Desktop,Windows,Chrome,Email,4,1,True,False
S0002369,U001934,2025-10-27,Tablet,macOS,Safari,Paid Search,9,6,False,False
S0002370,U001359,2025-09-05,Mobile,iOS,Edge,Referral,35,1,True,False
S0002371,U001854,2024-04-25,Mobile,Windows,Chrome,Direct,3,1,True,False
S0002372,U001084,2025-12-05,Mobile,Android,Safari,Email,49,3,False,False
S0002373,U000561,2024-03-16,Mobile,Windows,Chrome,Paid Search,56,10,False,True
S0002374,U000956,2025-08-25,Tablet,macOS,Edge,Facebook,49,9,False,False
S0002375,U000377,2024-08-25,Desktop,macOS,Safari,Referral,47,10,False,False
S0002376,U000866,2025-10-27,Mobile,iOS,Firefox,Paid Search,54,2,False,True
S0002377,U000361,2025-02-25,Mobile,Android,Edge,Instagram,6,7,False,False
S0002378,U000324,2024-04-05,Mobile,iOS,Safari,Paid Search,8,10,False,False
S0002379,U001133,2025-04-02,Mobile,macOS,Chrome,Direct,28,8,False,False
S0002380,U001280,2025-11-30,Desktop,macOS,Firefox,Instagram,53,6,False,False
S0002381,U001973,2024-04-19,Tablet,Android,Chrome,Direct,3,3,False,False
S0002382,U000870,2024-11-09,Desktop,Windows,Firefox,Referral,59,6,False,False
S0002383,U000903,2024-12-14,Desktop,Windows,Edge,Facebook,23,10,False,False
S0002384,U000711,2024-03-11,Mobile,macOS,Edge,Email,10,5,False,False
S0002385,U000692,2025-01-24,Tablet,macOS,Firefox,Facebook,24,3,False,False
S0002386,U000735,2025-08-20,Mobile,Android,Edge,Organic Search,33,8,False,False
S0002387,U000968,2024-02-13,Tablet,Android,Edge,Organic Search,10,1,True,False
S0002388,U000419,2025-07-11,Desktop,macOS,Safari,Referral,16,2,False,False
S0002389,U000500,2024-02-16,Mobile,Android,Safari,Organic Search,18,5,False,False
S0002390,U001053,2025-04-24,Mobile,iOS,Safari,Email,32,4,False,False
S0002391,U001822,2025-03-21,Desktop,macOS,Safari,Referral,3,12,False,False
S0002392,U000696,2025-09-08,Desktop,Windows,Edge,YouTube,49,7,False,False
S0002393,U000362,2025-02-20,Tablet,Windows,Chrome,Facebook,42,5,False,False
S0002394,U000885,2024-09-23,Desktop,iOS,Firefox,Facebook,51,12,False,False
S0002395,U000951,2024-08-06,Desktop,iOS,Safari,Instagram,54,6,False,False
S0002396,U000052,2025-12-01,Mobile,Android,Safari,Paid Search,30,8,False,False
S0002397,U001458,2024-05-03,Desktop,Android,Edge,Referral,23,4,False,False
S0002398,U000945,2025-02-27,Mobile,macOS,Safari,YouTube,50,4,False,False
S0002399,U001964,2025-02-05,Tablet,iOS,Edge,Referral,21,5,False,False
S0002400,U001387,2025-07-30,Desktop,macOS,Firefox,Instagram,56,5,False,False
S0002401,U000186,2025-08-11,Mobile,Windows,Chrome,Direct,41,5,False,False
S0002402,U000541,2025-11-18,Mobile,macOS,Safari,Instagram,42,2,False,False
S0002403,U000164,2025-01-23,Mobile,Android,Edge,Direct,49,10,False,False
S0002404,U001714,2025-07-29,Desktop,Android,Edge,Instagram,16,5,False,False
S0002405,U000571,2025-05-06,Mobile,Android,Safari,Instagram,25,7,False,False
S0002406,U000666,2025-02-09,Desktop,Android,Chrome,Email,50,8,False,False
S0002407,U000727,2024-05-13,Mobile,Windows,Edge,Email,54,12,False,False
S0002408,U001896,2024-02-05,Desktop,Windows,Chrome,Instagram,52,11,False,False
S0002409,U000767,2025-05-16,Mobile,Windows,Firefox,Paid Search,44,8,False,False
S0002410,U001624,2025-03-04,Tablet,Windows,Safari,Direct,8,2,False,False
S0002411,U001056,2025-11-28,Tablet,iOS,Edge,Paid Search,14,2,False,False
S0002412,U001822,2025-10-25,Tablet,macOS,Firefox,Organic Search,8,6,False,False
S0002413,U000399,2024-01-11,Tablet,macOS,Firefox,Organic Search,37,2,False,False
S0002414,U000396,2024-05-16,Tablet,Android,Chrome,Instagram,24,8,False,False
S0002415,U000254,2025-12-10,Tablet,Windows,Chrome,Organic Search,5,1,True,False
S0002416,U000024,2025-02-18,Desktop,Android,Chrome,Organic Search,42,10,False,False
S0002417,U001240,2024-05-09,Mobile,Windows,Safari,Instagram,9,8,False,False
S0002418,U000603,2024-12-31,Desktop,macOS,Edge,Organic Search,26,10,False,False
S0002419,U001484,2025-10-03,Desktop,Android,Edge,YouTube,54,11,False,False
S0002420,U001895,2024-02-23,Mobile,Windows,Chrome,Facebook,52,8,False,False
S0002421,U001509,2024-07-05,Desktop,iOS,Edge,Referral,16,2,False,False
S0002422,U001702,2025-04-02,Mobile,macOS,Firefox,Direct,6,5,False,False
S0002423,U001255,2024-04-21,Desktop,iOS,Safari,Paid Search,38,4,False,True
S0002424,U001325,2025-11-17,Mobile,Windows,Safari,Referral,19,4,False,False
S0002425,U000677,2024-08-18,Tablet,iOS,Firefox,Organic Search,20,12,False,False
S0002426,U001024,2025-07-03,Desktop,iOS,Edge,Facebook,23,9,False,False
S0002427,U000555,2025-02-05,Tablet,macOS,Edge,Facebook,32,6,False,False
S0002428,U000283,2025-08-26,Tablet,Android,Edge,Facebook,22,10,False,False
S0002429,U000970,2024-08-21,Mobile,iOS,Edge,Paid Search,22,6,False,False
S0002430,U000415,2025-01-01,Tablet,macOS,Chrome,Paid Search,2,1,True,False
S0002431,U001434,2025-07-28,Desktop,iOS,Firefox,Email,49,8,False,False
S0002432,U000996,2024-09-01,Mobile,iOS,Safari,YouTube,37,12,False,False
S0002433,U001988,2025-07-08,Desktop,Android,Edge,Email,25,3,False,False
S0002434,U000415,2025-09-26,Tablet,Windows,Chrome,Direct,37,6,False,False
S0002435,U000748,2025-04-01,Mobile,iOS,Edge,Instagram,42,6,False,False
S0002436,U000443,2025-08-24,Desktop,Android,Chrome,Direct,26,12,False,False
S0002437,U001367,2024-02-16,Desktop,macOS,Chrome,Paid Search,53,6,False,False
S0002438,U001090,2025-08-16,Mobile,Windows,Safari,Instagram,15,2,False,False
S0002439,U001251,2025-12-18,Mobile,iOS,Edge,YouTube,8,8,False,False
S0002440,U001063,2024-12-26,Tablet,Android,Chrome,Instagram,10,5,False,False
S0002441,U001497,2024-04-08,Desktop,iOS,Edge,Referral,6,6,False,False
S0002442,U001380,2024-05-12,Desktop,Windows,Edge,Instagram,57,9,False,False
S0002443,U000574,2024-06-24,Tablet,Windows,Chrome,Instagram,44,10,False,False
S0002444,U001821,2025-04-29,Mobile,iOS,Safari,Direct,51,5,False,False
S0002445,U001170,2025-05-19,Desktop,iOS,Edge,Email,47,8,False,False
S0002446,U000235,2024-07-31,Mobile,Windows,Edge,YouTube,55,2,False,False
S0002447,U000183,2024-07-07,Tablet,macOS,Firefox,Direct,43,9,False,False
S0002448,U000328,2024-07-29,Desktop,Windows,Firefox,Email,43,12,False,False
S0002449,U001635,2024-11-20,Mobile,Windows,Safari,Instagram,26,11,False,False
S0002450,U000088,2025-10-20,Tablet,Windows,Edge,Instagram,3,7,False,False
S0002451,U000155,2025-08-18,Desktop,iOS,Firefox,Paid Search,55,12,False,False
S0002452,U001888,2024-11-13,Mobile,Android,Chrome,Paid Search,27,5,False,False
S0002453,U001286,2024-06-07,Tablet,iOS,Firefox,Organic Search,6,6,False,False
S0002454,U000322,2025-01-31,Mobile,Windows,Chrome,YouTube,11,7,False,False
S0002455,U001976,2024-09-16,Mobile,Android,Safari,Email,46,12,False,False
S0002456,U000610,2025-11-06,Tablet,Windows,Firefox,Direct,11,4,False,False
S0002457,U001331,2025-06-24,Desktop,iOS,Safari,Paid Search,10,10,False,False
S0002458,U001170,2024-04-24,Desktop,Android,Safari,Paid Search,13,12,False,False
S0002459,U000545,2024-01-10,Desktop,iOS,Firefox,Facebook,42,11,False,False
S0002460,U000570,2024-02-22,Desktop,iOS,Firefox,Referral,60,4,False,True
S0002461,U000415,2024-02-10,Desktop,Windows,Firefox,YouTube,48,8,False,False
S0002462,U000522,2025-07-27,Desktop,Windows,Edge,Paid Search,53,12,False,False
S0002463,U000407,2025-09-03,Mobile,iOS,Edge,Email,26,4,False,False
S0002464,U000815,2024-05-02,Desktop,macOS,Firefox,Referral,46,7,False,False
S0002465,U000685,2024-09-23,Desktop,Windows,Safari,Organic Search,45,9,False,False
S0002466,U000576,2024-10-27,Tablet,macOS,Safari,YouTube,12,6,False,True
S0002467,U000243,2025-03-31,Tablet,iOS,Chrome,Instagram,3,7,False,False
S0002468,U001610,2024-06-13,Mobile,macOS,Safari,Instagram,46,3,False,False
S0002469,U000259,2024-07-14,Desktop,iOS,Safari,Facebook,23,12,False,False
S0002470,U000223,2025-04-08,Desktop,Windows,Edge,Facebook,56,2,False,False
S0002471,U000392,2024-04-05,Desktop,Android,Safari,Facebook,1,11,False,False
S0002472,U000763,2024-05-13,Desktop,Windows,Chrome,Organic Search,33,4,False,False
S0002473,U000519,2025-12-12,Tablet,Android,Chrome,Referral,57,2,False,False
S0002474,U000622,2024-11-20,Tablet,Windows,Edge,Direct,7,7,False,False
S0002475,U000601,2024-04-26,Tablet,Android,Chrome,Referral,31,2,False,False
S0002476,U001032,2025-05-31,Desktop,iOS,Chrome,Paid Search,57,10,False,False
S0002477,U000243,2024-04-14,Desktop,iOS,Safari,YouTube,55,9,False,False
S0002478,U000318,2025-12-06,Mobile,macOS,Safari,Instagram,48,1,True,False
S0002479,U001560,2025-03-14,Mobile,iOS,Chrome,Instagram,48,3,False,False
S0002480,U000974,2024-12-26,Mobile,Android,Chrome,YouTube,9,11,False,False
S0002481,U001053,2024-07-28,Tablet,Windows,Safari,Referral,56,7,False,False
S0002482,U000205,2025-09-27,Tablet,macOS,Firefox,Email,13,2,False,False
S0002483,U001962,2025-07-17,Tablet,macOS,Safari,Direct,8,4,False,False
S0002484,U000732,2025-08-22,Mobile,macOS,Safari,Instagram,51,6,False,False
S0002485,U001547,2024-10-22,Mobile,iOS,Safari,YouTube,5,2,False,False
S0002486,U000605,2025-10-16,Mobile,Windows,Safari,Direct,41,6,False,False
S0002487,U001974,2024-04-24,Desktop,Android,Safari,Direct,31,2,False,False
S0002488,U000379,2024-02-04,Mobile,iOS,Chrome,Email,35,2,False,False
S0002489,U000532,2024-08-31,Mobile,iOS,Safari,Organic Search,51,6,False,True
S0002490,U000317,2025-05-27,Tablet,macOS,Safari,Instagram,46,8,False,False
S0002491,U001199,2025-09-23,Desktop,macOS,Firefox,Facebook,29,5,False,False
S0002492,U000233,2024-03-11,Mobile,macOS,Edge,Direct,46,5,False,False
S0002493,U000183,2025-09-04,Desktop,macOS,Safari,Facebook,7,3,False,False
S0002494,U000850,2025-12-15,Desktop,Windows,Edge,Paid Search,53,1,True,False
S0002495,U000202,2025-04-25,Tablet,macOS,Firefox,Organic Search,22,2,False,False
S0002496,U000838,2024-08-06,Desktop,macOS,Safari,Email,35,12,False,False
S0002497,U000570,2025-01-16,Desktop,macOS,Safari,Paid Search,35,8,False,False
S0002498,U001183,2025-06-15,Desktop,Android,Edge,Facebook,15,5,False,True
S0002499,U001522,2024-03-05,Desktop,macOS,Edge,Referral,56,2,False,True
S0002500,U000233,2024-01-15,Mobile,Windows,Safari,Referral,27,7,False,False
S0002501,U000763,2024-08-27,Tablet,Android,Edge,YouTube,41,1,True,False
S0002502,U001030,2025-10-10,Desktop,iOS,Chrome,Organic Search,29,11,False,False
S0002503,U000823,2024-08-27,Tablet,iOS,Edge,Referral,56,12,False,False
S0002504,U001883,2024-07-13,Mobile,Android,Chrome,Organic Search,58,2,False,False
S0002505,U000495,2025-01-04,Desktop,Windows,Edge,Instagram,14,11,False,False
S0002506,U000660,2024-02-29,Tablet,Windows,Safari,Email,48,9,False,False
S0002507,U000067,2025-02-28,Mobile,Android,Chrome,Organic Search,44,12,False,False
S0002508,U000721,2024-08-11,Desktop,iOS,Chrome,Facebook,28,7,False,False
S0002509,U000025,2025-09-18,Desktop,macOS,Firefox,Instagram,31,9,False,False
S0002510,U001027,2024-01-09,Tablet,macOS,Firefox,Referral,55,9,False,False
S0002511,U000549,2024-12-19,Mobile,iOS,Chrome,Referral,45,10,False,False
S0002512,U000783,2024-06-19,Desktop,Windows,Chrome,YouTube,59,10,False,False
S0002513,U000449,2025-07-12,Mobile,Android,Firefox,Paid Search,38,12,False,False
S0002514,U001148,2025-09-26,Tablet,Android,Edge,Referral,2,9,False,False
S0002515,U000203,2025-07-28,Desktop,macOS,Firefox,Direct,43,9,False,False
S0002516,U000946,2025-11-12,Desktop,iOS,Chrome,Email,2,1,True,False
S0002517,U001866,2025-12-22,Desktop,Windows,Chrome,Facebook,4,6,False,False
S0002518,U000202,2024-01-20,Desktop,macOS,Firefox,Paid Search,49,3,False,True
S0002519,U001427,2024-09-28,Mobile,iOS,Firefox,Referral,52,4,False,False
S0002520,U000850,2024-05-03,Tablet,macOS,Chrome,Organic Search,28,1,True,False
S0002521,U001549,2025-04-13,Tablet,Android,Safari,Organic Search,35,5,False,False
S0002522,U000840,2025-08-12,Desktop,macOS,Safari,Paid Search,20,6,False,False
S0002523,U000601,2025-10-09,Desktop,macOS,Safari,YouTube,10,12,False,False
S0002524,U001574,2024-05-20,Mobile,iOS,Firefox,Instagram,10,2,False,False
S0002525,U001559,2024-11-22,Tablet,Android,Chrome,Instagram,26,2,False,False
S0002526,U001212,2025-08-16,Tablet,Android,Firefox,Instagram,48,4,False,False
S0002527,U000860,2025-06-03,Mobile,Windows,Firefox,Organic Search,16,2,False,False
S0002528,U000585,2024-01-24,Mobile,Android,Firefox,Paid Search,20,1,True,False
S0002529,U000268,2024-04-15,Desktop,iOS,Edge,Email,44,8,False,True
S0002530,U001125,2024-09-03,Mobile,Windows,Edge,Facebook,52,8,False,False
S0002531,U001833,2025-09-13,Mobile,iOS,Safari,Paid Search,53,11,False,False
S0002532,U000848,2024-10-15,Desktop,macOS,Edge,Paid Search,52,9,False,False
S0002533,U000101,2024-01-22,Desktop,iOS,Edge,Direct,49,8,False,False
S0002534,U001011,2025-09-19,Desktop,Android,Safari,Facebook,7,1,True,False
S0002535,U000526,2025-08-06,Desktop,Windows,Safari,Instagram,35,3,False,True
S0002536,U000666,2024-02-20,Tablet,macOS,Edge,Paid Search,2,12,False,False
S0002537,U001903,2025-04-02,Mobile,iOS,Safari,Paid Search,15,3,False,False
S0002538,U000538,2025-09-22,Tablet,iOS,Chrome,YouTube,40,7,False,False
S0002539,U001380,2024-11-17,Desktop,iOS,Safari,Organic Search,26,3,False,False
S0002540,U000576,2024-02-17,Tablet,macOS,Safari,Direct,28,6,False,False
S0002541,U000185,2024-11-27,Desktop,macOS,Safari,Paid Search,54,4,False,False
S0002542,U001863,2024-02-08,Mobile,Android,Chrome,Referral,44,8,False,False
S0002543,U000239,2024-07-22,Mobile,macOS,Chrome,Organic Search,25,12,False,False
S0002544,U001711,2024-06-12,Tablet,macOS,Edge,Facebook,9,3,False,False
S0002545,U001890,2024-04-08,Tablet,iOS,Edge,Organic Search,20,6,False,False
S0002546,U001413,2024-04-26,Tablet,macOS,Chrome,YouTube,45,1,True,False
S0002547,U001859,2025-05-03,Desktop,iOS,Chrome,YouTube,51,5,False,False
S0002548,U001206,2024-09-13,Desktop,macOS,Firefox,Email,35,11,False,False
S0002549,U001117,2024-10-26,Tablet,Android,Edge,YouTube,45,3,False,True
S0002550,U000931,2024-05-28,Mobile,Android,Safari,Instagram,36,7,False,False
S0002551,U001791,2024-06-11,Tablet,iOS,Firefox,Instagram,24,12,False,False
S0002552,U001945,2025-01-18,Desktop,iOS,Edge,Organic Search,31,12,False,False
S0002553,U001713,2025-08-02,Desktop,iOS,Edge,Organic Search,38,3,False,False
S0002554,U001273,2025-07-14,Mobile,Android,Edge,Instagram,59,9,False,False
S0002555,U000387,2025-03-18,Mobile,Android,Edge,YouTube,30,6,False,True
S0002556,U000957,2025-10-30,Tablet,iOS,Chrome,Facebook,26,5,False,False
S0002557,U001731,2025-04-13,Tablet,macOS,Edge,Paid Search,54,6,False,False
S0002558,U000938,2025-04-18,Desktop,macOS,Edge,Direct,19,10,False,False
S0002559,U000772,2024-05-31,Desktop,macOS,Chrome,Email,52,11,False,False
S0002560,U000840,2024-09-15,Tablet,Windows,Safari,Paid Search,36,3,False,False
S0002561,U000617,2025-09-30,Desktop,macOS,Firefox,Paid Search,4,1,True,False
S0002562,U001853,2024-08-02,Mobile,macOS,Safari,Email,41,8,False,False
S0002563,U000844,2024-03-13,Tablet,Android,Edge,Email,43,11,False,False
S0002564,U001863,2025-10-07,Desktop,Android,Safari,Direct,47,4,False,False
S0002565,U001760,2024-09-26,Desktop,Android,Safari,Paid Search,23,9,False,False
S0002566,U000858,2024-05-26,Tablet,Android,Edge,Instagram,59,7,False,False
S0002567,U000324,2024-01-15,Tablet,Android,Safari,Referral,3,8,False,False
S0002568,U001196,2024-09-09,Mobile,Windows,Chrome,YouTube,15,12,False,False
S0002569,U001094,2024-10-05,Tablet,macOS,Chrome,Email,34,5,False,False
S0002570,U001620,2025-04-24,Mobile,iOS,Chrome,YouTube,60,4,False,False
S0002571,U000758,2024-11-03,Mobile,macOS,Safari,Direct,30,3,False,False
S0002572,U001384,2025-07-05,Desktop,macOS,Safari,Referral,35,2,False,False
S0002573,U001863,2025-02-23,Tablet,macOS,Safari,Email,48,8,False,False
S0002574,U000304,2025-01-12,Tablet,Windows,Chrome,Instagram,45,10,False,False
S0002575,U001175,2024-11-04,Desktop,Android,Edge,Organic Search,42,10,False,False
S0002576,U001625,2024-03-21,Desktop,Windows,Safari,Direct,24,4,False,False
S0002577,U001549,2025-08-27,Mobile,Android,Edge,Direct,17,3,False,False
S0002578,U001536,2024-11-11,Desktop,Android,Safari,Instagram,18,9,False,False
S0002579,U001574,2024-10-13,Tablet,Windows,Safari,YouTube,7,9,False,False
S0002580,U000027,2024-10-07,Desktop,Windows,Safari,Email,6,4,False,False
S0002581,U001762,2024-02-04,Desktop,macOS,Edge,Instagram,24,8,False,False
S0002582,U000031,2025-05-12,Tablet,iOS,Chrome,Organic Search,31,3,False,False
S0002583,U001645,2024-01-16,Tablet,iOS,Edge,Instagram,30,3,False,False
S0002584,U001356,2024-05-22,Tablet,macOS,Safari,Direct,34,1,True,True
S0002585,U001990,2025-02-11,Tablet,iOS,Chrome,Instagram,51,12,False,False
S0002586,U000169,2024-02-08,Desktop,macOS,Edge,Instagram,5,5,False,False
S0002587,U000417,2024-06-04,Desktop,Android,Firefox,Instagram,47,10,False,False
S0002588,U000498,2024-06-16,Tablet,macOS,Chrome,Organic Search,16,7,False,False
S0002589,U000674,2024-06-06,Tablet,macOS,Safari,Direct,32,8,False,False
S0002590,U001041,2024-09-26,Desktop,iOS,Safari,Paid Search,10,3,False,False
S0002591,U000100,2025-02-04,Mobile,Windows,Chrome,Direct,49,6,False,False
S0002592,U000633,2024-12-17,Desktop,Windows,Safari,YouTube,32,1,True,False
S0002593,U000693,2025-09-27,Tablet,macOS,Edge,Organic Search,52,10,False,False
S0002594,U000202,2025-09-20,Desktop,Android,Safari,Organic Search,58,6,False,False
S0002595,U000936,2024-06-19,Mobile,Android,Chrome,Referral,8,7,False,False
S0002596,U000860,2024-02-01,Desktop,Windows,Firefox,Instagram,22,1,True,True
S0002597,U001715,2025-05-15,Mobile,Android,Edge,Facebook,34,6,False,False
S0002598,U000197,2024-09-28,Desktop,iOS,Edge,Email,17,6,False,False
S0002599,U001763,2024-01-17,Tablet,iOS,Firefox,Paid Search,12,3,False,True
S0002600,U001366,2024-01-17,Tablet,iOS,Chrome,Referral,13,10,False,False
S0002601,U000916,2025-07-25,Mobile,Windows,Edge,Paid Search,26,10,False,False
S0002602,U001787,2024-09-07,Tablet,Windows,Safari,Organic Search,21,7,False,False
S0002603,U001335,2025-12-22,Desktop,iOS,Chrome,Organic Search,23,12,False,False
S0002604,U001329,2025-02-07,Mobile,macOS,Chrome,Paid Search,54,7,False,False
S0002605,U000496,2025-10-16,Desktop,iOS,Chrome,Paid Search,52,3,False,False
S0002606,U000143,2025-05-01,Mobile,macOS,Edge,Direct,5,8,False,False
S0002607,U000784,2025-11-18,Tablet,macOS,Safari,Direct,5,5,False,False
S0002608,U001237,2025-02-02,Mobile,Windows,Edge,Facebook,33,10,False,False
S0002609,U001529,2025-10-19,Tablet,iOS,Chrome,Instagram,4,6,False,False
S0002610,U000287,2024-12-11,Mobile,Windows,Chrome,Direct,25,1,True,False
S0002611,U000631,2025-01-12,Tablet,iOS,Safari,Instagram,42,7,False,True
S0002612,U001430,2025-04-30,Mobile,iOS,Firefox,Organic Search,17,10,False,False
S0002613,U000493,2024-12-16,Desktop,iOS,Firefox,Referral,39,4,False,False
S0002614,U001263,2025-02-23,Desktop,Windows,Firefox,Facebook,5,10,False,False
S0002615,U001683,2024-06-04,Desktop,Windows,Firefox,YouTube,33,8,False,False
S0002616,U001042,2024-11-24,Tablet,Windows,Firefox,YouTube,25,3,False,False
S0002617,U000332,2024-03-29,Desktop,iOS,Safari,Paid Search,1,10,False,False
S0002618,U000820,2024-02-01,Mobile,Android,Firefox,Organic Search,24,1,True,False
S0002619,U000182,2024-05-21,Desktop,macOS,Chrome,Instagram,27,7,False,False
S0002620,U001933,2025-08-10,Tablet,iOS,Firefox,Referral,2,6,False,False
S0002621,U001748,2024-02-22,Tablet,Android,Safari,Email,28,6,False,False
S0002622,U000713,2025-12-24,Desktop,macOS,Firefox,Email,38,2,False,False
S0002623,U000279,2024-07-17,Tablet,Windows,Edge,Instagram,30,3,False,False
S0002624,U001924,2025-10-21,Tablet,macOS,Chrome,Paid Search,56,3,False,True
S0002625,U000755,2024-11-04,Desktop,macOS,Chrome,Facebook,2,3,False,False
S0002626,U001171,2024-11-09,Mobile,Android,Chrome,Paid Search,12,5,False,False
S0002627,U000958,2024-08-25,Mobile,macOS,Safari,Direct,5,11,False,False
S0002628,U000433,2025-03-09,Tablet,Windows,Edge,Email,16,8,False,False
S0002629,U000836,2024-02-17,Tablet,Android,Chrome,Facebook,1,10,False,False
S0002630,U001419,2024-08-02,Tablet,Windows,Edge,Facebook,24,3,False,False
S0002631,U001438,2024-08-04,Tablet,Android,Safari,Facebook,25,4,False,False
S0002632,U001539,2024-05-21,Desktop,iOS,Safari,YouTube,41,3,False,False
S0002633,U001196,2024-02-20,Tablet,iOS,Chrome,Organic Search,27,9,False,True
S0002634,U000769,2025-08-01,Tablet,iOS,Edge,Paid Search,4,12,False,False
S0002635,U001132,2024-10-15,Mobile,Windows,Firefox,Facebook,21,8,False,False
S0002636,U001049,2025-07-30,Tablet,iOS,Safari,Paid Search,15,11,False,False
S0002637,U000852,2025-08-20,Desktop,macOS,Firefox,Paid Search,36,11,False,True
S0002638,U001913,2025-10-20,Tablet,Windows,Firefox,Paid Search,52,5,False,False
S0002639,U001552,2025-10-29,Mobile,iOS,Firefox,Paid Search,19,5,False,False
S0002640,U000197,2024-03-02,Desktop,iOS,Safari,Direct,30,2,False,True
S0002641,U001761,2025-03-20,Tablet,iOS,Firefox,Instagram,59,7,False,False
S0002642,U000858,2025-03-26,Tablet,macOS,Edge,Referral,43,6,False,False
S0002643,U000452,2024-10-11,Desktop,iOS,Chrome,Direct,60,8,False,False
S0002644,U000416,2025-02-19,Mobile,Android,Chrome,YouTube,43,4,False,False
S0002645,U000977,2024-12-17,Desktop,iOS,Chrome,YouTube,12,3,False,False
S0002646,U001563,2025-10-24,Mobile,Android,Safari,Email,7,5,False,False
S0002647,U001318,2025-07-14,Mobile,iOS,Edge,Email,46,6,False,False
S0002648,U000361,2024-04-22,Tablet,Android,Chrome,Email,6,11,False,False
S0002649,U001546,2024-02-07,Mobile,macOS,Chrome,Direct,23,7,False,False
S0002650,U001526,2024-09-23,Mobile,iOS,Firefox,Referral,32,9,False,False
S0002651,U001314,2024-08-16,Desktop,Android,Edge,Email,54,10,False,False
S0002652,U001149,2025-03-06,Tablet,Windows,Safari,YouTube,50,10,False,False
S0002653,U000922,2025-12-18,Desktop,Android,Edge,Instagram,5,10,False,False
S0002654,U000571,2024-02-10,Tablet,iOS,Edge,Paid Search,34,9,False,False
S0002655,U000356,2024-07-18,Desktop,macOS,Firefox,Organic Search,14,11,False,False
S0002656,U001522,2024-04-28,Desktop,Windows,Safari,Email,34,8,False,False
S0002657,U001400,2025-02-01,Tablet,macOS,Chrome,Referral,40,8,False,False
S0002658,U000802,2024-02-15,Desktop,Windows,Safari,Paid Search,23,7,False,False
S0002659,U001601,2025-05-02,Desktop,Android,Firefox,Paid Search,33,4,False,False
S0002660,U001691,2025-04-16,Desktop,iOS,Firefox,Instagram,6,9,False,True
S0002661,U001287,2025-03-25,Tablet,Android,Firefox,Paid Search,5,10,False,False
S0002662,U001289,2025-02-25,Desktop,Android,Firefox,Facebook,24,3,False,False
S0002663,U001780,2024-06-16,Mobile,macOS,Chrome,YouTube,1,2,False,False
S0002664,U001322,2024-10-19,Desktop,iOS,Firefox,Email,17,10,False,False
S0002665,U000213,2025-06-21,Desktop,Android,Chrome,Paid Search,16,8,False,False
S0002666,U000280,2024-07-16,Mobile,iOS,Safari,Paid Search,53,6,False,False
S0002667,U001191,2025-10-27,Mobile,iOS,Safari,Email,25,11,False,False
S0002668,U001216,2024-09-19,Tablet,iOS,Chrome,Paid Search,13,8,False,False
S0002669,U001918,2025-05-23,Desktop,Windows,Chrome,Organic Search,13,5,False,True
S0002670,U001578,2025-09-23,Desktop,Windows,Firefox,Instagram,32,2,False,False
S0002671,U001724,2025-12-14,Mobile,iOS,Firefox,Instagram,7,5,False,False
S0002672,U001064,2025-09-27,Mobile,macOS,Chrome,Referral,35,4,False,False
S0002673,U001836,2025-08-23,Tablet,Windows,Chrome,Facebook,12,10,False,False
S0002674,U001342,2024-05-08,Mobile,macOS,Firefox,Direct,16,9,False,False
S0002675,U000345,2024-10-31,Mobile,Windows,Chrome,Referral,55,8,False,False
S0002676,U000292,2025-01-21,Tablet,macOS,Firefox,Facebook,60,1,True,False
S0002677,U001315,2025-12-27,Tablet,Windows,Safari,Organic Search,22,1,True,False
S0002678,U000608,2024-11-12,Mobile,Windows,Chrome,Referral,17,6,False,False
S0002679,U001347,2024-06-02,Mobile,macOS,Safari,Email,15,4,False,True
S0002680,U001163,2025-06-20,Desktop,Android,Edge,Email,46,3,False,False
S0002681,U000398,2025-10-24,Desktop,iOS,Chrome,Facebook,51,8,False,False
S0002682,U000159,2025-05-29,Tablet,macOS,Chrome,Instagram,54,4,False,False
S0002683,U001510,2025-09-12,Mobile,iOS,Edge,Instagram,38,1,True,False
S0002684,U000369,2024-08-21,Tablet,iOS,Firefox,Email,54,3,False,False
S0002685,U000434,2025-01-21,Tablet,macOS,Edge,Facebook,4,6,False,False
S0002686,U000406,2024-05-25,Tablet,iOS,Safari,Facebook,54,6,False,True
S0002687,U000232,2024-11-30,Desktop,Windows,Chrome,Referral,10,7,False,True
S0002688,U001956,2025-07-19,Mobile,iOS,Chrome,Facebook,11,8,False,False
S0002689,U001933,2024-03-21,Desktop,iOS,Chrome,Paid Search,42,12,False,False
S0002690,U000494,2025-02-28,Tablet,Android,Safari,Instagram,39,10,False,False
S0002691,U000104,2025-07-06,Tablet,Android,Firefox,Facebook,27,5,False,False
S0002692,U000255,2025-06-07,Mobile,macOS,Edge,Direct,57,3,False,False
S0002693,U000190,2025-11-29,Mobile,iOS,Safari,Email,11,4,False,False
S0002694,U001806,2025-01-13,Tablet,iOS,Firefox,Direct,35,11,False,False
S0002695,U001627,2025-08-18,Desktop,iOS,Safari,Instagram,10,6,False,True
S0002696,U000437,2024-03-24,Desktop,macOS,Firefox,YouTube,12,10,False,False
S0002697,U000499,2024-04-07,Tablet,iOS,Safari,Email,24,6,False,False
S0002698,U000463,2025-05-16,Desktop,macOS,Firefox,Referral,35,4,False,False
S0002699,U001214,2024-12-03,Mobile,Windows,Edge,Direct,4,4,False,True
S0002700,U000932,2024-01-11,Tablet,macOS,Firefox,Email,41,2,False,False
S0002701,U000718,2025-05-12,Mobile,Windows,Firefox,Facebook,42,11,False,False
S0002702,U000081,2024-01-06,Desktop,iOS,Firefox,Referral,48,9,False,False
S0002703,U001779,2024-03-18,Tablet,Android,Safari,Email,19,10,False,False
S0002704,U000916,2024-07-28,Mobile,iOS,Firefox,Email,36,12,False,False
S0002705,U001114,2025-07-15,Desktop,Android,Firefox,Direct,3,10,False,False
S0002706,U000367,2025-11-28,Mobile,iOS,Safari,YouTube,5,6,False,True
S0002707,U000034,2025-03-04,Desktop,Android,Firefox,Referral,55,1,True,False
S0002708,U000725,2024-09-11,Desktop,macOS,Chrome,Organic Search,7,6,False,False
S0002709,U000173,2024-10-02,Mobile,Windows,Edge,Organic Search,35,1,True,False
S0002710,U000299,2025-04-22,Tablet,Android,Edge,Instagram,11,3,False,False
S0002711,U000159,2024-07-28,Desktop,Android,Edge,Email,24,2,False,False
S0002712,U001200,2025-09-18,Desktop,Windows,Firefox,Direct,10,9,False,False
S0002713,U001658,2025-08-15,Mobile,Android,Safari,Direct,60,3,False,False
S0002714,U000687,2024-07-04,Mobile,macOS,Chrome,Instagram,8,5,False,False
S0002715,U001138,2025-04-06,Mobile,macOS,Safari,Referral,42,1,True,False
S0002716,U000253,2024-11-30,Mobile,Windows,Chrome,Instagram,32,9,False,False
S0002717,U000987,2025-05-03,Mobile,macOS,Firefox,Direct,49,10,False,False
S0002718,U000806,2024-10-06,Desktop,Android,Firefox,Instagram,13,3,False,False
S0002719,U001501,2025-12-07,Tablet,Windows,Edge,Email,51,5,False,False
S0002720,U000310,2024-03-11,Tablet,Android,Chrome,Organic Search,46,7,False,False
S0002721,U001683,2024-12-30,Tablet,macOS,Edge,Direct,57,6,False,False
S0002722,U000248,2024-04-04,Desktop,iOS,Firefox,Instagram,13,12,False,False
S0002723,U000455,2024-01-17,Tablet,macOS,Safari,Direct,9,8,False,False
S0002724,U001966,2024-07-26,Mobile,Android,Firefox,YouTube,41,7,False,True
S0002725,U000648,2025-02-06,Tablet,Android,Chrome,YouTube,19,1,True,False
S0002726,U001192,2024-11-14,Tablet,iOS,Chrome,Referral,33,10,False,False
S0002727,U000615,2024-05-07,Tablet,macOS,Edge,Paid Search,45,9,False,False
S0002728,U000374,2024-03-17,Tablet,iOS,Safari,Facebook,37,11,False,False
S0002729,U001500,2024-05-28,Tablet,Windows,Chrome,Organic Search,25,2,False,False
S0002730,U001698,2025-06-26,Desktop,Windows,Safari,Instagram,10,5,False,True
S0002731,U001478,2024-09-21,Desktop,Android,Firefox,Email,34,7,False,False
S0002732,U001300,2025-12-22,Mobile,Android,Safari,YouTube,13,3,False,False
S0002733,U000034,2024-06-13,Tablet,iOS,Firefox,Email,28,9,False,False
S0002734,U001806,2025-03-11,Mobile,Windows,Safari,Instagram,5,2,False,False
S0002735,U001285,2024-10-04,Tablet,iOS,Safari,Email,56,2,False,False
S0002736,U000611,2024-11-17,Tablet,iOS,Firefox,Email,51,10,False,False
S0002737,U000584,2025-02-01,Desktop,macOS,Chrome,Organic Search,6,1,True,False
S0002738,U000576,2025-05-02,Tablet,Android,Safari,Instagram,60,4,False,False
S0002739,U000854,2025-08-11,Tablet,iOS,Safari,Referral,37,7,False,True
S0002740,U000762,2024-04-18,Tablet,iOS,Edge,Facebook,39,4,False,False
S0002741,U001878,2024-06-01,Desktop,iOS,Firefox,Direct,58,3,False,False
S0002742,U000249,2024-03-29,Tablet,macOS,Chrome,YouTube,48,2,False,False
S0002743,U001252,2024-06-18,Mobile,Windows,Chrome,Facebook,9,11,False,False
S0002744,U001456,2024-08-30,Tablet,Windows,Firefox,Paid Search,4,11,False,False
S0002745,U000890,2025-01-12,Desktop,Windows,Firefox,Organic Search,52,5,False,False
S0002746,U000968,2024-05-15,Mobile,Android,Firefox,Referral,36,6,False,True
S0002747,U001232,2025-12-23,Tablet,macOS,Edge,YouTube,41,5,False,False
S0002748,U000628,2025-01-13,Mobile,macOS,Firefox,Referral,17,2,False,False
S0002749,U001627,2025-12-31,Tablet,Android,Edge,Facebook,9,6,False,False
S0002750,U001468,2025-07-01,Tablet,macOS,Chrome,Facebook,22,4,False,False
S0002751,U001631,2025-05-31,Mobile,macOS,Firefox,Facebook,9,5,False,True
S0002752,U000762,2024-07-07,Tablet,macOS,Firefox,Direct,9,6,False,False
S0002753,U000737,2025-05-04,Mobile,Windows,Chrome,Paid Search,29,7,False,False
S0002754,U001290,2024-06-02,Desktop,macOS,Chrome,Facebook,11,3,False,False
S0002755,U000566,2025-09-08,Tablet,Windows,Safari,Organic Search,57,3,False,False
S0002756,U001363,2025-10-19,Desktop,Windows,Safari,Email,11,1,True,False
S0002757,U001309,2025-09-25,Tablet,iOS,Chrome,Paid Search,23,2,False,False
S0002758,U000737,2024-01-18,Mobile,Windows,Safari,Organic Search,31,6,False,False
S0002759,U000982,2024-07-17,Mobile,Android,Safari,Referral,9,11,False,False
S0002760,U000005,2025-06-19,Desktop,Android,Safari,Referral,1,9,False,False
S0002761,U000776,2025-06-30,Mobile,iOS,Edge,Referral,59,6,False,False
S0002762,U001182,2024-03-21,Tablet,Windows,Firefox,Email,6,8,False,False
S0002763,U000560,2025-08-25,Mobile,Android,Firefox,YouTube,16,4,False,True
S0002764,U000667,2025-06-27,Desktop,Windows,Edge,Email,37,7,False,False
S0002765,U001038,2025-05-15,Tablet,macOS,Edge,Facebook,5,2,False,False
S0002766,U001145,2025-05-21,Mobile,macOS,Safari,Email,35,12,False,False
S0002767,U001517,2025-10-26,Mobile,Windows,Chrome,Email,6,6,False,False
S0002768,U000131,2025-11-22,Tablet,Windows,Edge,Paid Search,42,11,False,False
S0002769,U000838,2025-08-02,Mobile,macOS,Safari,Referral,23,7,False,False
S0002770,U000258,2024-12-24,Desktop,Android,Firefox,Paid Search,6,4,False,False
S0002771,U001120,2025-11-22,Mobile,Android,Edge,Direct,48,5,False,False
S0002772,U001278,2024-10-16,Desktop,iOS,Edge,Referral,57,6,False,False
S0002773,U000741,2025-08-05,Tablet,iOS,Safari,Instagram,49,10,False,False
S0002774,U000952,2024-01-19,Mobile,Android,Firefox,Direct,29,8,False,False
S0002775,U000426,2024-05-27,Mobile,macOS,Firefox,Organic Search,8,11,False,False
S0002776,U001065,2024-10-21,Mobile,Windows,Firefox,Facebook,28,5,False,True
S0002777,U000675,2025-01-12,Desktop,Android,Chrome,Referral,3,3,False,False
S0002778,U001170,2024-08-14,Desktop,Android,Edge,Referral,57,6,False,True
S0002779,U000583,2024-03-18,Tablet,iOS,Chrome,Facebook,41,1,True,False
S0002780,U001880,2025-07-14,Mobile,macOS,Safari,Email,7,1,True,False
S0002781,U000130,2024-07-26,Mobile,macOS,Edge,Paid Search,53,7,False,False
S0002782,U001402,2025-05-07,Desktop,iOS,Firefox,Email,12,7,False,False
S0002783,U000957,2024-02-06,Tablet,macOS,Safari,Referral,25,8,False,False
S0002784,U001890,2025-03-01,Tablet,Android,Safari,YouTube,43,5,False,False
S0002785,U000457,2024-05-21,Mobile,Android,Edge,Email,46,4,False,True
S0002786,U000152,2025-07-22,Tablet,Android,Chrome,Referral,9,8,False,False
S0002787,U000450,2024-07-07,Desktop,macOS,Chrome,YouTube,1,3,False,False
S0002788,U000245,2025-08-03,Desktop,Windows,Firefox,Paid Search,5,5,False,False
S0002789,U001825,2024-10-27,Desktop,Windows,Safari,Organic Search,20,12,False,False
S0002790,U001272,2025-11-21,Tablet,iOS,Edge,YouTube,51,4,False,False
S0002791,U001326,2024-11-08,Mobile,Android,Safari,Instagram,2,7,False,False
S0002792,U000524,2025-11-23,Mobile,Windows,Safari,YouTube,46,7,False,True
S0002793,U001913,2024-05-04,Tablet,Android,Edge,Direct,5,11,False,False
S0002794,U000899,2025-04-13,Desktop,Windows,Firefox,Organic Search,47,6,False,False
S0002795,U001321,2025-08-23,Mobile,Android,Firefox,Referral,28,10,False,True
S0002796,U001350,2024-10-12,Tablet,Windows,Chrome,Direct,48,12,False,False
S0002797,U000970,2025-08-18,Mobile,Android,Edge,Instagram,4,3,False,False
S0002798,U000217,2025-10-21,Tablet,Windows,Edge,Direct,41,10,False,False
S0002799,U001609,2024-05-04,Mobile,Windows,Edge,Email,3,8,False,False
S0002800,U000402,2025-01-07,Mobile,Android,Firefox,Paid Search,24,12,False,False
S0002801,U000643,2025-01-11,Mobile,macOS,Safari,Email,7,12,False,False
S0002802,U001582,2024-10-30,Mobile,macOS,Safari,YouTube,35,11,False,False
S0002803,U000812,2025-10-29,Mobile,macOS,Chrome,Facebook,29,9,False,False
S0002804,U001853,2024-02-21,Desktop,macOS,Firefox,Paid Search,12,3,False,False
S0002805,U001810,2025-12-15,Tablet,macOS,Firefox,Referral,20,5,False,False
S0002806,U001625,2025-12-31,Desktop,Android,Chrome,YouTube,18,4,False,True
S0002807,U001072,2025-10-16,Tablet,iOS,Chrome,Referral,34,2,False,False
S0002808,U001259,2025-05-27,Tablet,Windows,Chrome,Email,10,1,True,False
S0002809,U001951,2024-04-25,Mobile,Android,Chrome,Facebook,1,1,True,False
S0002810,U000392,2024-04-24,Tablet,Windows,Chrome,Referral,58,2,False,False
S0002811,U000597,2025-05-26,Mobile,Windows,Firefox,Organic Search,38,7,False,False
S0002812,U000507,2025-03-25,Desktop,Windows,Firefox,Facebook,30,5,False,False
S0002813,U000775,2025-09-17,Tablet,Android,Chrome,Direct,16,3,False,False
S0002814,U001099,2025-08-11,Tablet,iOS,Chrome,YouTube,46,9,False,False
S0002815,U000967,2024-11-25,Mobile,macOS,Edge,Facebook,6,11,False,False
S0002816,U000603,2025-11-19,Tablet,iOS,Chrome,YouTube,54,1,True,False
S0002817,U001108,2025-06-25,Mobile,Android,Safari,Organic Search,15,3,False,False
S0002818,U001038,2025-05-09,Tablet,iOS,Chrome,Organic Search,58,12,False,False
S0002819,U001937,2025-07-03,Mobile,Android,Safari,Instagram,16,8,False,False
S0002820,U000566,2025-10-21,Desktop,Android,Firefox,Email,39,5,False,False
S0002821,U001504,2024-05-31,Desktop,Android,Firefox,Referral,34,6,False,True
S0002822,U001241,2025-12-16,Mobile,macOS,Firefox,Facebook,34,2,False,False
S0002823,U001224,2025-05-13,Tablet,iOS,Safari,Paid Search,46,7,False,False
S0002824,U000239,2024-12-07,Tablet,Windows,Chrome,Organic Search,53,4,False,False
S0002825,U001155,2025-03-10,Tablet,Windows,Firefox,Instagram,57,3,False,False
S0002826,U000307,2024-01-23,Tablet,iOS,Chrome,Paid Search,44,2,False,False
S0002827,U000233,2024-06-25,Desktop,Windows,Edge,Email,53,1,True,True
S0002828,U001896,2024-08-31,Desktop,macOS,Edge,Organic Search,50,12,False,False
S0002829,U000192,2025-02-10,Tablet,Windows,Edge,Email,7,5,False,False
S0002830,U000046,2025-11-08,Mobile,macOS,Safari,YouTube,22,7,False,False
S0002831,U000160,2024-08-17,Mobile,macOS,Edge,Referral,26,1,True,False
S0002832,U001726,2025-06-05,Desktop,macOS,Safari,Paid Search,34,11,False,False
S0002833,U000439,2024-04-20,Mobile,Android,Firefox,Referral,35,2,False,False
S0002834,U000353,2025-01-17,Desktop,Windows,Chrome,Facebook,43,8,False,False
S0002835,U001213,2025-09-01,Tablet,Windows,Edge,Direct,31,4,False,False
S0002836,U001060,2025-08-29,Mobile,iOS,Edge,Facebook,7,4,False,False
S0002837,U000591,2024-01-01,Desktop,Android,Chrome,Facebook,41,2,False,False
S0002838,U001765,2024-09-09,Tablet,macOS,Firefox,Direct,49,5,False,False
S0002839,U000908,2025-01-07,Mobile,iOS,Chrome,Organic Search,51,6,False,False
S0002840,U001176,2025-10-04,Desktop,Android,Edge,Facebook,60,2,False,False
S0002841,U001494,2025-09-09,Mobile,iOS,Chrome,Paid Search,24,1,True,True
S0002842,U001783,2025-12-05,Mobile,macOS,Safari,YouTube,13,11,False,True
S0002843,U000673,2025-05-28,Tablet,Windows,Safari,YouTube,5,8,False,True
S0002844,U001823,2025-01-05,Desktop,iOS,Edge,Organic Search,36,12,False,False
S0002845,U001041,2025-06-16,Mobile,iOS,Chrome,Paid Search,60,10,False,False
S0002846,U000228,2024-04-05,Tablet,Android,Edge,Facebook,35,7,False,False
S0002847,U000019,2024-02-03,Desktop,macOS,Edge,Facebook,17,5,False,True
S0002848,U001351,2024-10-28,Mobile,macOS,Edge,YouTube,32,8,False,False
S0002849,U000765,2024-07-03,Tablet,Windows,Safari,Organic Search,10,1,True,False
S0002850,U000073,2024-05-03,Desktop,Windows,Safari,Direct,43,5,False,False
S0002851,U001918,2024-04-30,Tablet,Windows,Chrome,Referral,56,4,False,True
S0002852,U000551,2024-04-09,Desktop,macOS,Edge,Referral,4,12,False,False
S0002853,U000198,2025-06-22,Desktop,Android,Firefox,Facebook,9,2,False,False
S0002854,U001502,2024-11-15,Tablet,Windows,Firefox,Referral,47,12,False,False
S0002855,U000417,2025-11-10,Mobile,Android,Safari,Instagram,3,6,False,False
S0002856,U001897,2025-10-04,Tablet,iOS,Chrome,YouTube,25,6,False,False
S0002857,U001733,2025-01-30,Desktop,Windows,Firefox,Referral,21,7,False,False
S0002858,U001919,2024-12-05,Mobile,Android,Chrome,Referral,50,2,False,False
S0002859,U001976,2024-12-15,Tablet,Windows,Firefox,Email,2,2,False,False
S0002860,U000970,2024-03-01,Desktop,Android,Safari,Direct,49,6,False,False
S0002861,U000040,2025-12-13,Mobile,iOS,Safari,YouTube,24,12,False,False
S0002862,U001093,2024-03-04,Tablet,Android,Edge,Instagram,6,6,False,True
S0002863,U000395,2025-09-13,Tablet,iOS,Chrome,YouTube,56,10,False,False
S0002864,U000150,2025-11-13,Tablet,Android,Chrome,Facebook,5,9,False,False
S0002865,U000498,2024-09-04,Mobile,macOS,Firefox,Email,14,5,False,False
S0002866,U000352,2024-03-08,Mobile,Windows,Edge,Email,9,2,False,False
S0002867,U001648,2025-04-21,Mobile,Windows,Chrome,Facebook,58,10,False,False
S0002868,U001628,2024-06-01,Desktop,iOS,Firefox,Organic Search,1,1,True,False
S0002869,U000074,2025-12-24,Desktop,macOS,Firefox,Organic Search,7,5,False,True
S0002870,U000750,2024-01-09,Desktop,Windows,Chrome,Instagram,10,6,False,False
S0002871,U001949,2025-01-03,Desktop,Windows,Firefox,YouTube,40,1,True,False
S0002872,U001428,2024-10-05,Mobile,Windows,Edge,YouTube,13,7,False,False
S0002873,U000033,2024-10-13,Tablet,Android,Safari,Direct,57,5,False,False
S0002874,U000856,2025-04-06,Desktop,Windows,Safari,Email,27,10,False,False
S0002875,U001588,2024-01-18,Desktop,Windows,Safari,Referral,25,8,False,False
S0002876,U000384,2025-12-19,Tablet,iOS,Edge,YouTube,21,3,False,False
S0002877,U000766,2024-11-07,Desktop,macOS,Chrome,Facebook,40,2,False,False
S0002878,U001652,2024-05-08,Desktop,Android,Safari,Referral,7,12,False,False
S0002879,U000699,2025-02-03,Tablet,macOS,Firefox,Instagram,3,6,False,True
S0002880,U001165,2025-10-19,Desktop,iOS,Chrome,YouTube,3,6,False,False
S0002881,U000329,2024-09-18,Tablet,iOS,Chrome,Paid Search,29,9,False,False
S0002882,U001320,2024-11-01,Tablet,Android,Safari,Organic Search,15,10,False,False
S0002883,U000402,2024-06-03,Mobile,iOS,Edge,Organic Search,29,5,False,False
S0002884,U000927,2024-08-25,Tablet,iOS,Edge,Direct,7,4,False,False
S0002885,U001077,2024-05-19,Mobile,iOS,Chrome,Facebook,35,11,False,False
S0002886,U000654,2024-12-11,Tablet,macOS,Edge,Instagram,25,3,False,False
S0002887,U000390,2024-02-20,Mobile,Android,Safari,Direct,54,8,False,False
S0002888,U001751,2025-04-07,Tablet,Windows,Edge,Facebook,31,4,False,False
S0002889,U000487,2024-10-26,Tablet,iOS,Edge,Direct,21,5,False,False
S0002890,U000896,2024-11-19,Mobile,iOS,Firefox,YouTube,54,2,False,False
S0002891,U000708,2024-07-28,Desktop,Android,Chrome,Referral,36,7,False,False
S0002892,U000173,2024-08-07,Mobile,iOS,Safari,Referral,37,1,True,False
S0002893,U001766,2025-11-19,Tablet,iOS,Chrome,Paid Search,27,2,False,False
S0002894,U001431,2024-08-23,Desktop,macOS,Edge,Instagram,49,1,True,False
S0002895,U001305,2025-01-02,Mobile,Windows,Chrome,Direct,31,12,False,False
S0002896,U001211,2024-01-31,Tablet,iOS,Firefox,Organic Search,34,1,True,False
S0002897,U001440,2024-10-29,Desktop,iOS,Chrome,Instagram,2,1,True,False
S0002898,U000969,2024-09-02,Mobile,iOS,Safari,Direct,28,7,False,False
S0002899,U000597,2024-08-22,Mobile,Windows,Edge,Paid Search,32,6,False,False
S0002900,U000110,2025-10-22,Mobile,Android,Chrome,Instagram,29,6,False,False
S0002901,U000473,2024-10-12,Tablet,Android,Safari,YouTube,13,8,False,True
S0002902,U000542,2025-06-11,Tablet,macOS,Edge,Organic Search,45,12,False,True
S0002903,U000416,2025-03-01,Tablet,iOS,Edge,Direct,43,4,False,False
S0002904,U000176,2024-11-24,Desktop,iOS,Safari,Referral,15,11,False,False
S0002905,U000843,2025-07-07,Desktop,macOS,Firefox,Email,31,10,False,False
S0002906,U000289,2024-03-11,Desktop,iOS,Edge,YouTube,54,3,False,False
S0002907,U001158,2025-04-05,Tablet,Windows,Safari,Referral,42,9,False,False
S0002908,U000773,2024-06-22,Desktop,macOS,Firefox,Instagram,23,8,False,False
S0002909,U000291,2025-04-13,Desktop,macOS,Firefox,Instagram,44,12,False,False
S0002910,U000973,2024-11-10,Desktop,Android,Safari,Email,6,12,False,False
S0002911,U001641,2024-11-26,Mobile,iOS,Chrome,YouTube,17,7,False,False
S0002912,U001261,2025-03-20,Tablet,macOS,Edge,Instagram,23,3,False,False
S0002913,U000076,2024-10-03,Desktop,macOS,Edge,Facebook,7,2,False,False
S0002914,U001764,2024-09-05,Tablet,macOS,Safari,Referral,41,2,False,False
S0002915,U001377,2025-08-30,Mobile,macOS,Chrome,Organic Search,20,8,False,False
S0002916,U000393,2025-05-02,Desktop,Android,Safari,Referral,13,2,False,False
S0002917,U001764,2025-10-06,Mobile,macOS,Safari,Referral,56,10,False,False
S0002918,U001698,2025-09-06,Tablet,Android,Chrome,Instagram,43,12,False,False
S0002919,U001806,2024-04-02,Desktop,macOS,Firefox,YouTube,44,12,False,True
S0002920,U000477,2024-10-25,Desktop,Android,Firefox,YouTube,12,3,False,False
S0002921,U000771,2024-09-04,Desktop,iOS,Chrome,Instagram,22,2,False,False
S0002922,U001962,2025-12-10,Desktop,Windows,Edge,Direct,15,2,False,False
S0002923,U000824,2025-12-16,Desktop,Windows,Safari,YouTube,41,10,False,False
S0002924,U000386,2025-06-20,Desktop,macOS,Safari,Organic Search,21,2,False,False
S0002925,U001546,2025-08-04,Tablet,iOS,Edge,YouTube,51,2,False,False
S0002926,U000919,2024-06-12,Tablet,iOS,Firefox,Direct,30,1,True,False
S0002927,U001659,2025-01-23,Tablet,Android,Firefox,YouTube,12,7,False,False
S0002928,U001437,2025-06-02,Tablet,iOS,Safari,Referral,58,6,False,False
S0002929,U001275,2024-07-02,Mobile,macOS,Edge,Direct,51,4,False,False
S0002930,U000782,2025-03-18,Desktop,Windows,Chrome,Email,1,3,False,False
S0002931,U001273,2024-01-23,Mobile,Android,Chrome,Facebook,42,2,False,False
S0002932,U001517,2024-01-02,Tablet,iOS,Safari,Instagram,39,9,False,True
S0002933,U001435,2025-02-28,Tablet,macOS,Edge,Facebook,53,6,False,False
S0002934,U000829,2025-11-25,Tablet,Android,Edge,Paid Search,44,11,False,False
S0002935,U000627,2024-01-11,Tablet,Windows,Edge,YouTube,13,3,False,False
S0002936,U000555,2025-01-23,Desktop,Android,Firefox,Organic Search,25,10,False,False
S0002937,U000232,2024-08-02,Tablet,macOS,Edge,Direct,34,5,False,False
S0002938,U001580,2024-10-22,Tablet,iOS,Firefox,YouTube,37,8,False,False
S0002939,U000683,2024-06-07,Tablet,Android,Safari,Organic Search,10,8,False,False
S0002940,U000065,2025-11-08,Desktop,macOS,Firefox,Instagram,41,3,False,False
S0002941,U001672,2024-11-21,Tablet,Windows,Chrome,YouTube,37,9,False,False
S0002942,U000584,2025-10-01,Desktop,Android,Chrome,YouTube,26,1,True,False
S0002943,U001786,2024-06-29,Tablet,iOS,Safari,Direct,10,7,False,False
S0002944,U001683,2025-11-23,Desktop,Android,Chrome,Direct,18,5,False,False
S0002945,U001742,2025-03-11,Mobile,Windows,Edge,Referral,47,9,False,False
S0002946,U001571,2024-04-22,Tablet,Windows,Chrome,Paid Search,20,10,False,False
S0002947,U001928,2025-11-11,Mobile,iOS,Chrome,Direct,10,3,False,True
S0002948,U001083,2024-04-11,Mobile,Android,Safari,Facebook,42,11,False,False
S0002949,U000520,2025-12-08,Mobile,macOS,Firefox,Direct,3,6,False,False
S0002950,U001201,2025-01-31,Tablet,macOS,Safari,Referral,15,8,False,True
S0002951,U001072,2025-09-07,Mobile,Android,Edge,Direct,24,2,False,False
S0002952,U001195,2025-07-26,Mobile,iOS,Safari,Facebook,47,7,False,True
S0002953,U000773,2025-04-11,Desktop,iOS,Safari,Facebook,16,3,False,False
S0002954,U000741,2024-12-03,Mobile,Android,Edge,Email,41,4,False,True
S0002955,U000887,2025-07-17,Desktop,iOS,Edge,Referral,15,9,False,False
S0002956,U000673,2025-12-17,Desktop,Android,Chrome,Instagram,46,7,False,False
S0002957,U001054,2024-10-30,Mobile,macOS,Firefox,Instagram,36,6,False,False
S0002958,U000934,2025-07-24,Mobile,Android,Firefox,Email,39,10,False,False
S0002959,U000637,2025-12-04,Mobile,Android,Firefox,Instagram,6,3,False,False
S0002960,U001151,2024-03-21,Mobile,Android,Edge,Organic Search,33,9,False,False
S0002961,U000361,2024-08-05,Mobile,Android,Firefox,Referral,31,9,False,False
S0002962,U000292,2024-09-07,Mobile,macOS,Safari,Direct,2,11,False,False
S0002963,U001414,2024-09-25,Tablet,iOS,Firefox,Referral,54,5,False,False
S0002964,U000272,2025-04-22,Desktop,Windows,Chrome,Email,21,11,False,False
S0002965,U001109,2025-08-03,Tablet,macOS,Safari,Email,54,2,False,False
S0002966,U000011,2025-05-20,Desktop,Android,Safari,Facebook,8,11,False,True
S0002967,U000131,2025-09-15,Desktop,Android,Firefox,YouTube,21,10,False,False
S0002968,U000235,2024-10-16,Mobile,Windows,Chrome,Organic Search,34,5,False,False
S0002969,U001538,2025-11-17,Desktop,macOS,Edge,YouTube,13,6,False,False
S0002970,U000328,2024-02-28,Desktop,iOS,Chrome,Direct,13,11,False,False
S0002971,U001735,2024-01-15,Mobile,macOS,Firefox,Direct,32,11,False,True
S0002972,U000574,2025-04-24,Mobile,macOS,Edge,Organic Search,8,12,False,True
S0002973,U000461,2024-08-27,Desktop,iOS,Safari,Organic Search,32,4,False,False
S0002974,U000410,2024-05-16,Desktop,Windows,Chrome,YouTube,25,11,False,False
S0002975,U001586,2024-04-18,Mobile,Android,Firefox,YouTube,43,11,False,False
S0002976,U000767,2024-06-27,Mobile,Android,Chrome,Paid Search,10,4,False,False
S0002977,U001344,2025-03-26,Tablet,macOS,Chrome,Organic Search,56,2,False,False
S0002978,U001089,2024-07-07,Mobile,Android,Edge,Organic Search,1,1,True,False
S0002979,U001037,2024-08-15,Mobile,Windows,Edge,Instagram,23,4,False,False
S0002980,U001784,2024-08-15,Tablet,Windows,Firefox,YouTube,25,1,True,False
S0002981,U001550,2025-10-23,Mobile,Windows,Chrome,Facebook,25,2,False,False
S0002982,U001351,2024-09-20,Desktop,iOS,Chrome,Paid Search,31,9,False,False
S0002983,U000360,2025-10-25,Mobile,macOS,Safari,Instagram,58,8,False,False
S0002984,U000431,2024-07-07,Tablet,iOS,Safari,YouTube,4,12,False,False
S0002985,U001853,2025-07-13,Mobile,Windows,Safari,Organic Search,50,1,True,False
S0002986,U001443,2025-12-01,Tablet,iOS,Firefox,Organic Search,16,6,False,True
S0002987,U000005,2025-10-05,Desktop,Windows,Firefox,Direct,26,4,False,False
S0002988,U000156,2025-01-14,Tablet,macOS,Firefox,Instagram,55,5,False,False
S0002989,U001975,2025-07-29,Desktop,macOS,Safari,YouTube,28,5,False,False
S0002990,U001383,2025-06-20,Tablet,iOS,Safari,Paid Search,50,11,False,False
S0002991,U001380,2025-06-07,Desktop,Windows,Chrome,Organic Search,18,3,False,False
S0002992,U001462,2024-11-13,Mobile,Android,Safari,Facebook,60,1,True,False
S0002993,U001498,2025-11-25,Desktop,Windows,Chrome,Referral,13,8,False,False
S0002994,U000021,2025-08-01,Mobile,Android,Edge,Instagram,16,9,False,False
S0002995,U001022,2025-11-24,Tablet,Android,Edge,Referral,55,12,False,False
S0002996,U001034,2024-01-29,Mobile,Android,Edge,Facebook,28,3,False,False
S0002997,U001573,2024-03-05,Desktop,Windows,Safari,Referral,22,1,True,False
S0002998,U001239,2025-07-01,Desktop,macOS,Chrome,Organic Search,26,6,False,False
S0002999,U000776,2025-04-13,Mobile,iOS,Chrome,Paid Search,45,11,False,True
S0003000,U001439,2025-10-26,Tablet,iOS,Safari,Email,34,7,False,False
S0003001,U000237,2025-07-09,Mobile,iOS,Chrome,Facebook,40,4,False,False
S0003002,U001842,2025-09-03,Tablet,macOS,Edge,Paid Search,4,3,False,False
S0003003,U001054,2025-07-18,Desktop,Windows,Chrome,Referral,21,12,False,False
S0003004,U000326,2024-03-09,Desktop,iOS,Chrome,Email,24,8,False,False
S0003005,U001258,2024-04-09,Mobile,Android,Edge,Referral,8,9,False,False
S0003006,U001667,2024-09-13,Desktop,iOS,Firefox,YouTube,4,11,False,False
S0003007,U001354,2025-10-18,Mobile,Android,Chrome,Email,35,11,False,False
S0003008,U000535,2025-01-23,Tablet,iOS,Chrome,Facebook,33,6,False,False
S0003009,U000111,2025-04-27,Desktop,iOS,Firefox,Referral,12,10,False,False
S0003010,U001997,2025-01-09,Desktop,Android,Edge,Referral,3,2,False,False
S0003011,U001467,2025-07-27,Desktop,iOS,Edge,YouTube,43,1,True,True
S0003012,U001284,2024-03-10,Tablet,macOS,Chrome,Direct,3,6,False,False
S0003013,U000092,2024-01-12,Tablet,Windows,Edge,YouTube,31,10,False,False
S0003014,U000627,2024-12-09,Desktop,iOS,Safari,Organic Search,11,11,False,False
S0003015,U001936,2025-02-15,Mobile,macOS,Safari,Organic Search,28,12,False,True
S0003016,U000625,2024-05-06,Mobile,Windows,Edge,Direct,40,6,False,False
S0003017,U001316,2025-06-16,Desktop,iOS,Safari,Facebook,56,2,False,False
S0003018,U000558,2024-11-27,Mobile,Windows,Safari,Instagram,15,6,False,False
S0003019,U000671,2024-06-08,Mobile,Windows,Firefox,Direct,15,4,False,False
S0003020,U000529,2024-02-03,Tablet,Windows,Safari,Paid Search,33,11,False,False
S0003021,U000596,2025-03-04,Desktop,macOS,Edge,Facebook,43,8,False,False
S0003022,U000173,2025-04-27,Tablet,macOS,Firefox,Direct,58,6,False,False
S0003023,U000790,2024-03-24,Tablet,Android,Firefox,Instagram,12,1,True,False
S0003024,U001819,2025-10-06,Mobile,iOS,Chrome,Referral,34,4,False,True
S0003025,U000287,2025-05-29,Mobile,iOS,Firefox,Paid Search,24,7,False,False
S0003026,U000739,2024-03-18,Desktop,Android,Firefox,Email,47,1,True,False
S0003027,U000529,2024-10-18,Mobile,macOS,Edge,Referral,59,2,False,False
S0003028,U000919,2024-02-08,Mobile,iOS,Chrome,Referral,55,8,False,False
S0003029,U001718,2024-08-07,Mobile,Android,Chrome,Paid Search,38,11,False,False
S0003030,U001989,2024-04-16,Desktop,macOS,Chrome,Paid Search,25,11,False,False
S0003031,U001789,2024-06-11,Mobile,Windows,Safari,Email,1,4,False,False
S0003032,U000045,2024-01-31,Desktop,macOS,Firefox,Paid Search,28,2,False,False
S0003033,U001087,2025-05-30,Tablet,iOS,Chrome,Organic Search,31,11,False,False
S0003034,U001177,2025-02-01,Mobile,Windows,Edge,Email,51,1,True,True
S0003035,U000131,2024-08-31,Tablet,Windows,Firefox,Organic Search,4,11,False,False
S0003036,U001361,2025-11-26,Tablet,Android,Edge,Paid Search,17,1,True,True
S0003037,U000546,2025-05-11,Tablet,Windows,Edge,Referral,23,11,False,False
S0003038,U001307,2024-11-04,Desktop,iOS,Edge,Referral,50,8,False,False
S0003039,U001159,2024-10-24,Desktop,macOS,Chrome,Facebook,46,7,False,False
S0003040,U001137,2025-07-13,Mobile,iOS,Edge,Email,28,9,False,False
S0003041,U000190,2024-04-13,Tablet,macOS,Firefox,Referral,59,7,False,False
S0003042,U001901,2024-03-25,Tablet,Windows,Firefox,Referral,57,1,True,False
S0003043,U000727,2024-06-08,Mobile,Windows,Edge,Email,48,12,False,False
S0003044,U001435,2025-02-13,Desktop,iOS,Safari,Paid Search,34,3,False,False
S0003045,U001320,2024-06-20,Tablet,macOS,Chrome,Direct,37,8,False,False
S0003046,U000274,2024-07-15,Tablet,Windows,Safari,Direct,25,7,False,False
S0003047,U001867,2025-05-26,Desktop,Windows,Safari,YouTube,47,12,False,False
S0003048,U001324,2025-02-06,Desktop,macOS,Firefox,Referral,23,8,False,False
S0003049,U000002,2025-12-13,Tablet,macOS,Safari,YouTube,29,11,False,False
S0003050,U001931,2024-04-10,Tablet,Windows,Chrome,Referral,31,4,False,False
S0003051,U000394,2024-09-11,Desktop,Android,Edge,Email,21,1,True,False
S0003052,U000992,2024-03-24,Mobile,Android,Firefox,Referral,50,8,False,False
S0003053,U000007,2024-05-17,Tablet,Android,Safari,Referral,50,5,False,False
S0003054,U001551,2025-11-02,Desktop,macOS,Chrome,Referral,36,9,False,False
S0003055,U000104,2024-07-15,Desktop,iOS,Safari,Organic Search,16,11,False,False
S0003056,U000308,2025-11-22,Mobile,Windows,Safari,Email,48,12,False,False
S0003057,U000952,2024-02-20,Mobile,iOS,Safari,Direct,9,2,False,False
S0003058,U001173,2024-07-11,Mobile,Android,Edge,Instagram,52,11,False,False
S0003059,U000504,2024-11-17,Mobile,Windows,Edge,Referral,22,8,False,False
S0003060,U001712,2024-08-27,Tablet,Windows,Chrome,YouTube,53,11,False,True
S0003061,U000309,2025-09-23,Tablet,Windows,Firefox,Facebook,9,4,False,False
S0003062,U001798,2024-07-10,Mobile,macOS,Firefox,Referral,15,5,False,False
S0003063,U000460,2024-12-05,Desktop,macOS,Safari,Paid Search,1,11,False,False
S0003064,U000577,2024-02-25,Mobile,iOS,Firefox,YouTube,8,12,False,False
S0003065,U001758,2024-04-27,Desktop,Windows,Firefox,Paid Search,16,5,False,False
S0003066,U001867,2024-07-26,Tablet,macOS,Safari,Direct,27,3,False,False
S0003067,U000654,2024-06-11,Desktop,Android,Safari,Organic Search,18,1,True,False
S0003068,U001311,2025-04-28,Mobile,iOS,Safari,YouTube,6,12,False,False
S0003069,U001336,2024-12-11,Tablet,Windows,Safari,Paid Search,29,1,True,True
S0003070,U000243,2024-04-26,Desktop,Android,Chrome,Referral,30,2,False,True
S0003071,U000772,2025-07-11,Tablet,Windows,Edge,Direct,52,2,False,False
S0003072,U001133,2024-10-13,Tablet,macOS,Chrome,Instagram,6,4,False,False
S0003073,U000527,2025-10-01,Desktop,Windows,Chrome,Referral,3,4,False,False
S0003074,U000464,2024-12-22,Desktop,iOS,Chrome,Facebook,16,5,False,True
S0003075,U000607,2025-02-21,Desktop,Windows,Edge,Email,27,6,False,False
S0003076,U001144,2025-11-26,Desktop,iOS,Chrome,YouTube,56,4,False,False
S0003077,U000063,2025-05-30,Mobile,iOS,Safari,YouTube,51,5,False,False
S0003078,U000476,2025-07-20,Desktop,Android,Edge,YouTube,13,1,True,False
S0003079,U000846,2024-05-24,Desktop,Windows,Chrome,Referral,46,5,False,False
S0003080,U000194,2025-09-17,Desktop,Android,Firefox,Organic Search,60,5,False,False
S0003081,U000735,2024-12-14,Desktop,Android,Safari,Facebook,5,10,False,True
S0003082,U001420,2025-10-01,Tablet,macOS,Safari,Referral,30,1,True,False
S0003083,U001071,2025-11-05,Mobile,iOS,Chrome,Facebook,32,9,False,False
S0003084,U001857,2025-12-22,Desktop,macOS,Firefox,Paid Search,51,6,False,False
S0003085,U001290,2025-05-07,Mobile,Windows,Firefox,Email,44,6,False,False
S0003086,U000177,2025-07-25,Tablet,iOS,Chrome,YouTube,23,12,False,False
S0003087,U001062,2025-05-13,Tablet,iOS,Safari,Instagram,14,10,False,False
S0003088,U000414,2025-04-30,Desktop,Windows,Chrome,Organic Search,7,4,False,False
S0003089,U001904,2025-03-22,Mobile,Android,Safari,Facebook,20,10,False,False
S0003090,U000776,2024-01-27,Desktop,macOS,Chrome,Paid Search,49,4,False,False
S0003091,U001386,2024-03-10,Desktop,Windows,Chrome,YouTube,37,3,False,False
S0003092,U001993,2025-06-03,Tablet,Android,Edge,YouTube,55,4,False,False
S0003093,U001007,2025-11-11,Mobile,Android,Safari,Instagram,9,6,False,False
S0003094,U001639,2025-04-12,Mobile,Android,Firefox,Paid Search,32,12,False,False
S0003095,U000392,2025-07-24,Mobile,Windows,Chrome,YouTube,9,9,False,False
S0003096,U000390,2025-08-17,Mobile,Android,Edge,Facebook,12,4,False,False
S0003097,U000701,2025-12-07,Tablet,Windows,Safari,Referral,24,2,False,False
S0003098,U001900,2025-08-06,Tablet,macOS,Chrome,Referral,26,2,False,False
S0003099,U000519,2025-08-23,Mobile,Android,Edge,Email,40,2,False,True
S0003100,U001947,2024-01-05,Mobile,Android,Firefox,Email,46,6,False,False
S0003101,U001742,2024-02-17,Desktop,Android,Safari,Direct,6,6,False,False
S0003102,U000043,2025-11-24,Tablet,Windows,Firefox,Organic Search,46,5,False,False
S0003103,U000138,2024-10-28,Desktop,macOS,Chrome,YouTube,37,5,False,False
S0003104,U001572,2024-05-18,Tablet,Android,Chrome,Direct,36,3,False,False
S0003105,U000595,2024-05-30,Mobile,Windows,Safari,Email,19,5,False,False
S0003106,U001281,2024-06-22,Mobile,Android,Safari,Facebook,25,3,False,False
S0003107,U000289,2025-11-19,Tablet,macOS,Edge,Direct,42,12,False,False
S0003108,U001025,2024-03-13,Mobile,Android,Firefox,Direct,46,3,False,False
S0003109,U001297,2025-07-26,Tablet,Android,Safari,Paid Search,55,7,False,False
S0003110,U000230,2025-10-19,Desktop,iOS,Edge,Referral,11,6,False,False
S0003111,U000724,2024-02-28,Desktop,Windows,Firefox,Facebook,53,9,False,False
S0003112,U001249,2024-02-17,Desktop,macOS,Firefox,Email,30,5,False,False
S0003113,U001231,2024-06-13,Desktop,macOS,Firefox,Organic Search,18,5,False,True
S0003114,U000309,2024-11-25,Desktop,Android,Edge,Email,25,12,False,False
S0003115,U001851,2024-07-05,Desktop,Android,Firefox,Instagram,41,3,False,False
S0003116,U001622,2025-07-29,Desktop,iOS,Chrome,Referral,8,10,False,False
S0003117,U001960,2024-10-25,Desktop,macOS,Edge,Paid Search,31,6,False,False
S0003118,U001047,2025-01-17,Mobile,macOS,Safari,Direct,48,6,False,False
S0003119,U001492,2024-09-29,Tablet,macOS,Edge,Direct,23,12,False,True
S0003120,U000071,2024-09-03,Desktop,macOS,Chrome,Facebook,2,5,False,False
S0003121,U000329,2025-11-03,Desktop,Android,Firefox,Facebook,40,5,False,False
S0003122,U001595,2025-05-29,Desktop,Android,Edge,Organic Search,38,3,False,False
S0003123,U000827,2024-04-17,Tablet,Windows,Chrome,Direct,21,7,False,False
S0003124,U001473,2024-01-17,Tablet,Windows,Edge,Direct,2,12,False,False
S0003125,U000763,2024-12-01,Desktop,Android,Chrome,Organic Search,3,10,False,False
S0003126,U000875,2025-08-21,Desktop,Android,Edge,Instagram,42,12,False,False
S0003127,U001170,2024-09-14,Mobile,Android,Chrome,Direct,44,5,False,False
S0003128,U001825,2024-05-02,Tablet,Windows,Edge,Instagram,32,10,False,False
S0003129,U000923,2024-03-05,Tablet,Android,Edge,Referral,6,1,True,True
S0003130,U001246,2025-02-16,Mobile,iOS,Safari,Email,39,9,False,False
S0003131,U001262,2024-06-23,Tablet,iOS,Edge,Direct,22,10,False,False
S0003132,U001041,2025-03-11,Mobile,iOS,Chrome,Organic Search,28,1,True,False
S0003133,U001212,2024-09-02,Tablet,Windows,Chrome,Email,55,11,False,False
S0003134,U000023,2024-09-29,Mobile,iOS,Chrome,YouTube,31,9,False,False
S0003135,U001536,2025-02-04,Desktop,Windows,Firefox,Direct,35,6,False,False
S0003136,U000029,2025-06-21,Mobile,iOS,Chrome,Direct,44,1,True,False
S0003137,U000835,2024-09-08,Desktop,macOS,Chrome,Organic Search,9,11,False,False
S0003138,U001659,2024-12-24,Desktop,iOS,Firefox,Paid Search,37,10,False,False
S0003139,U001404,2025-04-07,Tablet,Windows,Edge,YouTube,7,8,False,False
S0003140,U000904,2024-05-20,Mobile,macOS,Edge,Instagram,19,9,False,False
S0003141,U000823,2024-12-11,Mobile,Windows,Edge,Instagram,40,11,False,False
S0003142,U000814,2024-04-02,Desktop,Android,Firefox,Email,39,10,False,False
S0003143,U001002,2025-11-18,Tablet,macOS,Safari,Referral,45,3,False,False
S0003144,U000490,2025-09-01,Tablet,Android,Firefox,Instagram,5,6,False,False
S0003145,U001379,2025-03-30,Tablet,iOS,Safari,Referral,52,8,False,True
S0003146,U000840,2024-04-28,Mobile,Windows,Chrome,Email,4,1,True,False
S0003147,U001781,2024-08-08,Mobile,iOS,Edge,Paid Search,24,4,False,False
S0003148,U000530,2024-06-14,Desktop,Windows,Firefox,Paid Search,41,8,False,False
S0003149,U000028,2024-05-30,Tablet,macOS,Safari,Email,24,6,False,False
S0003150,U000115,2024-04-11,Tablet,iOS,Edge,Referral,53,2,False,False
S0003151,U001609,2024-08-26,Desktop,iOS,Edge,Paid Search,4,7,False,False
S0003152,U000721,2025-08-23,Tablet,iOS,Firefox,Paid Search,8,12,False,False
S0003153,U000468,2024-04-25,Desktop,iOS,Firefox,Paid Search,40,3,False,False
S0003154,U000428,2024-06-06,Tablet,macOS,Safari,Facebook,31,4,False,False
S0003155,U001917,2024-03-25,Mobile,Android,Safari,Facebook,36,2,False,False
S0003156,U001481,2025-03-17,Mobile,Windows,Chrome,Paid Search,2,12,False,True
S0003157,U000344,2024-08-22,Mobile,Android,Firefox,Facebook,1,7,False,False
S0003158,U001749,2025-09-28,Desktop,iOS,Chrome,Paid Search,16,3,False,False
S0003159,U001478,2025-04-17,Tablet,iOS,Firefox,Paid Search,42,10,False,False
S0003160,U000383,2024-12-28,Desktop,Android,Safari,Organic Search,29,10,False,False
S0003161,U001827,2025-11-28,Desktop,iOS,Firefox,Email,58,11,False,False
S0003162,U001580,2024-11-15,Mobile,Windows,Chrome,Organic Search,2,5,False,False
S0003163,U000582,2024-02-26,Desktop,Windows,Edge,Email,1,7,False,False
S0003164,U000154,2024-05-01,Desktop,Android,Safari,YouTube,60,4,False,True
S0003165,U001034,2025-01-11,Tablet,Android,Chrome,Referral,19,1,True,False
S0003166,U000551,2025-09-28,Tablet,Windows,Safari,Facebook,23,1,True,False
S0003167,U000025,2024-05-14,Desktop,macOS,Chrome,Organic Search,2,9,False,False
S0003168,U000162,2025-07-28,Desktop,iOS,Chrome,Organic Search,37,2,False,False
S0003169,U001413,2024-05-01,Mobile,macOS,Firefox,Email,52,6,False,False
S0003170,U000283,2024-07-29,Desktop,iOS,Firefox,Email,47,8,False,False
S0003171,U000471,2025-01-09,Desktop,macOS,Safari,Instagram,39,4,False,True
S0003172,U001695,2024-05-03,Desktop,macOS,Chrome,Direct,17,10,False,False
S0003173,U001562,2024-12-05,Tablet,Windows,Chrome,Referral,50,7,False,False
S0003174,U001121,2024-04-27,Desktop,Android,Edge,Organic Search,41,11,False,False
S0003175,U000771,2025-01-30,Tablet,Android,Chrome,Referral,6,10,False,False
S0003176,U001848,2024-07-13,Tablet,macOS,Edge,Email,41,9,False,False
S0003177,U001505,2025-10-05,Tablet,Windows,Chrome,Paid Search,46,3,False,False
S0003178,U000472,2024-08-08,Desktop,Windows,Firefox,Paid Search,11,12,False,False
S0003179,U001160,2025-02-17,Tablet,iOS,Firefox,Direct,35,1,True,False
S0003180,U000449,2025-03-01,Tablet,Windows,Chrome,Facebook,17,7,False,False
S0003181,U001914,2025-04-08,Desktop,macOS,Safari,Instagram,56,11,False,False
S0003182,U001614,2024-01-28,Desktop,iOS,Firefox,Facebook,32,2,False,False
S0003183,U001053,2024-05-02,Desktop,Windows,Safari,Paid Search,52,8,False,False
S0003184,U001784,2025-12-25,Tablet,Windows,Chrome,Facebook,17,10,False,False
S0003185,U000657,2024-02-10,Mobile,iOS,Firefox,Facebook,2,12,False,False
S0003186,U000369,2024-05-02,Tablet,iOS,Edge,Paid Search,20,10,False,False
S0003187,U001966,2025-09-26,Tablet,macOS,Edge,Organic Search,27,6,False,False
S0003188,U000284,2024-01-27,Desktop,macOS,Firefox,Direct,30,7,False,False
S0003189,U000904,2024-10-31,Mobile,Windows,Edge,Paid Search,55,5,False,False
S0003190,U001201,2025-02-05,Tablet,macOS,Chrome,YouTube,54,6,False,False
S0003191,U001163,2025-11-01,Mobile,Windows,Edge,Facebook,59,6,False,False
S0003192,U001863,2025-10-03,Desktop,Android,Safari,Email,24,1,True,False
S0003193,U000956,2025-03-30,Tablet,macOS,Chrome,Paid Search,21,1,True,False
S0003194,U000033,2024-04-28,Desktop,Windows,Safari,YouTube,37,3,False,False
S0003195,U001525,2025-08-22,Tablet,Android,Firefox,Direct,11,4,False,False
S0003196,U001141,2025-06-24,Desktop,macOS,Edge,YouTube,58,7,False,True
S0003197,U000588,2024-12-28,Mobile,Android,Safari,Paid Search,22,6,False,False
S0003198,U001838,2024-09-22,Desktop,Android,Safari,Organic Search,13,6,False,False
S0003199,U000883,2025-03-29,Tablet,Android,Edge,Email,6,11,False,False
S0003200,U001179,2024-08-07,Mobile,Windows,Edge,Instagram,42,3,False,False
S0003201,U000154,2024-01-18,Desktop,macOS,Safari,Facebook,56,11,False,False
S0003202,U000964,2024-05-19,Tablet,iOS,Edge,Email,2,8,False,True
S0003203,U001465,2025-01-27,Desktop,Android,Firefox,YouTube,8,2,False,False
S0003204,U001516,2025-04-26,Desktop,iOS,Edge,Paid Search,12,12,False,False
S0003205,U000560,2025-05-31,Mobile,Android,Safari,Facebook,50,9,False,False
S0003206,U000714,2024-05-25,Mobile,macOS,Firefox,Instagram,37,3,False,False
S0003207,U000461,2025-02-08,Desktop,macOS,Edge,Email,34,8,False,False
S0003208,U001827,2025-04-26,Mobile,Android,Chrome,YouTube,46,1,True,False
S0003209,U000547,2025-08-10,Tablet,Windows,Safari,Organic Search,49,9,False,False
S0003210,U000918,2024-06-14,Mobile,iOS,Firefox,Referral,7,9,False,False
S0003211,U001321,2024-11-05,Mobile,iOS,Chrome,Direct,17,11,False,True
S0003212,U000584,2025-06-26,Tablet,Android,Firefox,Organic Search,7,9,False,False
S0003213,U000039,2024-01-08,Tablet,Windows,Firefox,Facebook,55,11,False,True
S0003214,U001156,2024-10-18,Desktop,macOS,Safari,YouTube,45,12,False,False
S0003215,U000290,2025-10-16,Desktop,Android,Firefox,Email,60,10,False,False
S0003216,U001265,2025-02-01,Mobile,macOS,Chrome,Direct,27,8,False,False
S0003217,U001387,2024-12-19,Desktop,macOS,Firefox,Paid Search,3,4,False,False
S0003218,U000814,2025-09-11,Desktop,Android,Edge,Organic Search,41,8,False,False
S0003219,U001383,2024-01-05,Mobile,Android,Edge,Referral,4,3,False,False
S0003220,U000965,2024-05-02,Desktop,Android,Edge,Email,6,7,False,False
S0003221,U001121,2024-11-24,Mobile,macOS,Edge,Paid Search,48,12,False,False
S0003222,U000513,2024-12-25,Tablet,Android,Safari,Organic Search,5,2,False,False
S0003223,U001314,2024-11-18,Tablet,Android,Chrome,YouTube,54,10,False,False
S0003224,U001012,2025-08-25,Desktop,Android,Chrome,Paid Search,52,8,False,False
S0003225,U000205,2024-01-17,Tablet,Android,Chrome,Organic Search,47,2,False,False
S0003226,U001006,2024-03-10,Mobile,Windows,Firefox,YouTube,5,1,True,False
S0003227,U001028,2025-08-03,Mobile,Windows,Firefox,Instagram,3,1,True,False
S0003228,U000228,2025-11-28,Tablet,macOS,Firefox,Paid Search,53,7,False,False
S0003229,U001501,2025-05-06,Tablet,iOS,Edge,Referral,2,4,False,False
S0003230,U000948,2024-11-15,Desktop,Android,Edge,Organic Search,44,11,False,False
S0003231,U001169,2024-06-27,Mobile,iOS,Firefox,Organic Search,11,6,False,False
S0003232,U001794,2024-06-10,Tablet,macOS,Firefox,Referral,32,7,False,False
S0003233,U000196,2025-08-05,Mobile,iOS,Edge,Paid Search,31,7,False,False
S0003234,U001235,2025-12-11,Mobile,Android,Firefox,Instagram,17,7,False,False
S0003235,U001311,2025-02-26,Desktop,Windows,Chrome,YouTube,44,4,False,False
S0003236,U001701,2025-11-17,Tablet,macOS,Chrome,Direct,3,12,False,False
S0003237,U000680,2024-03-27,Tablet,iOS,Firefox,Facebook,10,3,False,False
S0003238,U001453,2024-06-11,Tablet,iOS,Firefox,Instagram,18,8,False,False
S0003239,U001827,2025-08-31,Tablet,iOS,Firefox,Instagram,51,11,False,False
S0003240,U001618,2024-08-08,Mobile,iOS,Safari,Direct,6,12,False,False
S0003241,U001128,2025-09-22,Desktop,Android,Safari,Organic Search,40,12,False,False
S0003242,U000241,2024-07-31,Tablet,Windows,Firefox,Email,31,2,False,False
S0003243,U000951,2025-03-27,Desktop,iOS,Safari,Paid Search,58,9,False,False
S0003244,U001096,2025-06-03,Tablet,iOS,Firefox,Facebook,50,3,False,False
S0003245,U001049,2025-01-09,Tablet,Android,Firefox,Paid Search,24,12,False,False
S0003246,U000281,2025-06-04,Mobile,macOS,Safari,Referral,54,4,False,False
S0003247,U000230,2024-04-19,Tablet,macOS,Chrome,Email,41,11,False,False
S0003248,U000081,2024-04-15,Mobile,iOS,Safari,YouTube,55,10,False,False
S0003249,U000986,2024-12-11,Desktop,Android,Chrome,Paid Search,11,1,True,False
S0003250,U001275,2024-07-10,Tablet,Android,Edge,Paid Search,49,11,False,False
S0003251,U001332,2024-04-14,Tablet,iOS,Chrome,Referral,33,12,False,False
S0003252,U001474,2024-09-12,Tablet,iOS,Firefox,Organic Search,16,10,False,False
S0003253,U001226,2025-02-08,Mobile,iOS,Chrome,Paid Search,24,1,True,False
S0003254,U000137,2024-08-29,Tablet,iOS,Safari,YouTube,17,7,False,False
S0003255,U000544,2025-03-29,Tablet,macOS,Edge,Referral,11,2,False,False
S0003256,U000839,2024-09-20,Mobile,Windows,Firefox,Facebook,57,12,False,False
S0003257,U000155,2025-02-13,Desktop,Windows,Firefox,Referral,56,6,False,False
S0003258,U001092,2024-08-18,Mobile,iOS,Firefox,YouTube,22,4,False,False
S0003259,U001335,2025-02-03,Desktop,iOS,Firefox,Facebook,48,4,False,False
S0003260,U000311,2025-11-29,Tablet,Android,Edge,Paid Search,22,1,True,True
S0003261,U001296,2025-12-17,Tablet,iOS,Chrome,Email,59,10,False,False
S0003262,U001119,2024-11-06,Desktop,Android,Chrome,Email,6,3,False,False
S0003263,U000429,2024-07-21,Tablet,Android,Edge,Organic Search,2,10,False,False
S0003264,U001731,2025-09-29,Desktop,Windows,Safari,YouTube,11,12,False,False
S0003265,U000283,2025-05-18,Tablet,macOS,Edge,Direct,27,10,False,False
S0003266,U000756,2024-07-29,Desktop,macOS,Firefox,Organic Search,36,3,False,False
S0003267,U001992,2025-07-30,Tablet,macOS,Safari,Email,44,1,True,False
S0003268,U000381,2024-07-12,Tablet,macOS,Edge,Instagram,21,12,False,False
S0003269,U000795,2024-08-30,Mobile,Windows,Edge,Paid Search,43,10,False,False
S0003270,U001058,2025-04-30,Mobile,Windows,Chrome,Direct,14,6,False,False
S0003271,U000470,2024-07-25,Mobile,macOS,Firefox,YouTube,22,4,False,False
S0003272,U000745,2024-12-07,Mobile,macOS,Safari,Instagram,28,10,False,False
S0003273,U000415,2024-02-02,Mobile,Android,Chrome,Facebook,59,7,False,False
S0003274,U001915,2024-09-06,Mobile,iOS,Firefox,Referral,33,3,False,False
S0003275,U000140,2024-02-28,Desktop,iOS,Firefox,Email,12,1,True,False
S0003276,U000910,2024-06-30,Tablet,iOS,Firefox,Instagram,11,2,False,False
S0003277,U001904,2024-02-14,Tablet,iOS,Firefox,Organic Search,1,3,False,False
S0003278,U000411,2024-04-30,Tablet,macOS,Chrome,Referral,23,9,False,False
S0003279,U001236,2025-04-22,Tablet,iOS,Edge,Direct,11,3,False,False
S0003280,U001105,2024-01-26,Tablet,macOS,Safari,Organic Search,51,12,False,False
S0003281,U000095,2024-04-22,Tablet,iOS,Edge,Instagram,7,1,True,False
S0003282,U000172,2025-08-09,Mobile,iOS,Edge,Email,19,5,False,False
S0003283,U000840,2024-06-29,Desktop,Windows,Safari,Email,48,7,False,False
S0003284,U001077,2025-06-11,Tablet,Android,Safari,Facebook,42,8,False,True
S0003285,U000423,2025-10-10,Mobile,iOS,Chrome,Direct,46,3,False,False
S0003286,U001469,2025-11-30,Mobile,macOS,Edge,Referral,42,10,False,False
S0003287,U000621,2024-05-10,Mobile,Windows,Firefox,Instagram,31,12,False,False
S0003288,U001403,2024-11-29,Tablet,Windows,Firefox,Facebook,38,2,False,False
S0003289,U001689,2025-11-17,Desktop,iOS,Chrome,Facebook,11,5,False,False
S0003290,U001881,2025-12-18,Mobile,iOS,Chrome,Referral,7,5,False,False
S0003291,U000615,2024-12-17,Mobile,iOS,Safari,Direct,32,10,False,False
S0003292,U001453,2025-03-27,Tablet,Android,Safari,Organic Search,9,10,False,False
S0003293,U001537,2025-06-15,Tablet,iOS,Chrome,Facebook,41,2,False,False
S0003294,U000882,2025-03-20,Tablet,Android,Edge,Organic Search,45,8,False,False
S0003295,U001577,2025-10-05,Tablet,iOS,Safari,Paid Search,50,10,False,False
S0003296,U001911,2025-07-15,Tablet,Android,Firefox,Direct,20,2,False,False
S0003297,U000643,2025-12-22,Desktop,iOS,Chrome,YouTube,30,7,False,False
S0003298,U001388,2025-09-27,Desktop,macOS,Safari,Referral,22,4,False,False
S0003299,U000467,2024-09-30,Mobile,macOS,Chrome,YouTube,36,6,False,False
S0003300,U001166,2025-08-26,Tablet,Windows,Chrome,YouTube,19,4,False,False
S0003301,U000980,2024-11-21,Desktop,Android,Firefox,Paid Search,52,9,False,False
S0003302,U000774,2025-07-03,Tablet,macOS,Firefox,Referral,58,8,False,False
S0003303,U001081,2025-04-15,Tablet,Android,Firefox,Email,36,3,False,False
S0003304,U000061,2025-09-23,Mobile,Windows,Chrome,Direct,12,6,False,True
S0003305,U000213,2025-03-10,Tablet,Windows,Firefox,Paid Search,43,9,False,False
S0003306,U000004,2024-02-23,Mobile,Android,Chrome,Paid Search,18,2,False,True
S0003307,U001212,2025-08-18,Desktop,iOS,Chrome,Instagram,42,8,False,False
S0003308,U000227,2025-07-01,Mobile,iOS,Edge,Email,44,8,False,False
S0003309,U000840,2025-09-23,Tablet,Windows,Edge,Facebook,50,9,False,True
S0003310,U000172,2025-06-13,Desktop,macOS,Chrome,Organic Search,21,12,False,False
S0003311,U000984,2025-05-25,Mobile,macOS,Firefox,Referral,48,8,False,True
S0003312,U001429,2024-11-24,Tablet,iOS,Edge,Instagram,18,12,False,False
S0003313,U001200,2024-04-30,Tablet,macOS,Chrome,Direct,18,3,False,False
S0003314,U001023,2025-06-27,Tablet,iOS,Firefox,YouTube,25,10,False,False
S0003315,U000071,2024-08-27,Mobile,Windows,Safari,Direct,26,7,False,False
S0003316,U000087,2025-11-07,Mobile,Windows,Safari,Organic Search,37,8,False,False
S0003317,U000497,2024-06-11,Mobile,Android,Firefox,Facebook,33,7,False,False
S0003318,U000502,2024-09-27,Desktop,Windows,Edge,Organic Search,23,4,False,False
S0003319,U000502,2025-12-11,Tablet,iOS,Safari,Organic Search,45,4,False,False
S0003320,U001454,2025-10-27,Mobile,Android,Safari,Email,9,9,False,False
S0003321,U000664,2024-02-17,Desktop,iOS,Firefox,Paid Search,27,12,False,False
S0003322,U001377,2024-11-06,Desktop,Windows,Firefox,Facebook,44,11,False,False
S0003323,U000162,2025-08-09,Mobile,macOS,Edge,YouTube,30,6,False,True
S0003324,U001116,2024-12-08,Desktop,Windows,Edge,Email,58,11,False,True
S0003325,U000463,2025-01-19,Tablet,Windows,Chrome,Direct,44,9,False,False
S0003326,U001852,2024-04-13,Desktop,macOS,Edge,Facebook,39,8,False,False
S0003327,U001987,2024-07-13,Mobile,Windows,Edge,Direct,28,6,False,False
S0003328,U000489,2025-04-30,Tablet,Windows,Safari,Organic Search,12,3,False,False
S0003329,U001999,2024-12-17,Mobile,Android,Edge,Email,14,6,False,False
S0003330,U000644,2025-02-13,Desktop,iOS,Edge,Facebook,11,8,False,False
S0003331,U001614,2025-07-08,Tablet,Android,Chrome,Facebook,5,7,False,False
S0003332,U001747,2024-02-27,Tablet,iOS,Edge,Direct,49,9,False,False
S0003333,U000227,2025-06-02,Mobile,Android,Firefox,YouTube,14,11,False,False
S0003334,U000354,2025-08-18,Tablet,macOS,Chrome,Organic Search,49,7,False,False
S0003335,U000213,2024-05-06,Tablet,macOS,Edge,Direct,33,12,False,True
S0003336,U000618,2024-07-01,Mobile,macOS,Firefox,Direct,60,2,False,False
S0003337,U000964,2025-08-25,Desktop,iOS,Firefox,Referral,6,5,False,False
S0003338,U000439,2025-02-06,Tablet,Windows,Firefox,Referral,9,3,False,False
S0003339,U001773,2025-05-27,Mobile,Android,Firefox,Referral,52,5,False,False
S0003340,U001987,2025-10-09,Desktop,iOS,Chrome,Email,13,1,True,False
S0003341,U000079,2024-06-07,Mobile,Android,Chrome,Organic Search,51,8,False,False
S0003342,U001669,2024-03-19,Tablet,Android,Chrome,Referral,26,11,False,True
S0003343,U000085,2024-03-15,Tablet,macOS,Safari,Instagram,32,4,False,False
S0003344,U000377,2024-10-31,Desktop,macOS,Chrome,Instagram,33,6,False,False
S0003345,U001668,2025-07-19,Desktop,Android,Edge,Referral,30,4,False,False
S0003346,U000932,2024-09-11,Mobile,Android,Firefox,Organic Search,50,10,False,False
S0003347,U001684,2024-05-04,Desktop,macOS,Safari,Paid Search,21,7,False,False
S0003348,U000071,2024-12-22,Tablet,Windows,Edge,Organic Search,40,3,False,False
S0003349,U000187,2025-12-03,Mobile,iOS,Chrome,Instagram,30,10,False,False
S0003350,U000554,2025-05-25,Mobile,macOS,Firefox,YouTube,11,3,False,False
S0003351,U000295,2025-02-14,Desktop,Android,Chrome,Paid Search,8,8,False,False
S0003352,U000518,2025-12-03,Mobile,Windows,Chrome,Referral,31,12,False,False
S0003353,U001873,2025-11-13,Tablet,macOS,Safari,Referral,21,11,False,False
S0003354,U000023,2024-01-15,Desktop,Windows,Chrome,YouTube,56,5,False,False
S0003355,U000239,2025-05-20,Desktop,iOS,Chrome,Referral,30,12,False,False
S0003356,U001191,2024-10-31,Tablet,macOS,Chrome,Email,8,12,False,False
S0003357,U001929,2024-01-07,Tablet,Android,Edge,Organic Search,2,3,False,False
S0003358,U000887,2024-11-03,Mobile,iOS,Chrome,Referral,59,1,True,False
S0003359,U000807,2025-05-14,Tablet,iOS,Chrome,Email,52,2,False,False
S0003360,U001863,2025-08-16,Mobile,Windows,Edge,Instagram,40,11,False,False
S0003361,U000996,2025-10-01,Mobile,macOS,Edge,Paid Search,18,4,False,False
S0003362,U000525,2024-02-20,Tablet,Windows,Firefox,Paid Search,10,12,False,False
S0003363,U001262,2024-02-09,Tablet,iOS,Safari,Email,50,10,False,False
S0003364,U001930,2025-04-19,Tablet,Android,Safari,Organic Search,9,12,False,False
S0003365,U000086,2025-10-05,Tablet,Android,Safari,Email,40,10,False,False
S0003366,U001750,2024-02-24,Mobile,macOS,Edge,Organic Search,56,10,False,True
S0003367,U000959,2025-08-16,Tablet,macOS,Edge,Organic Search,18,7,False,False
S0003368,U001757,2025-04-16,Desktop,Windows,Firefox,YouTube,50,4,False,False
S0003369,U001836,2024-10-16,Desktop,macOS,Firefox,Facebook,31,1,True,False
S0003370,U000526,2025-05-14,Mobile,iOS,Chrome,Organic Search,53,5,False,False
S0003371,U001813,2024-01-22,Mobile,macOS,Edge,Instagram,7,6,False,False
S0003372,U001996,2025-12-22,Tablet,Windows,Chrome,Referral,22,8,False,False
S0003373,U001352,2025-05-28,Mobile,Android,Chrome,Direct,9,6,False,False
S0003374,U001783,2024-06-17,Mobile,macOS,Firefox,Direct,11,11,False,False
S0003375,U001080,2024-05-31,Mobile,macOS,Edge,Email,8,11,False,False
S0003376,U001142,2024-10-16,Mobile,iOS,Chrome,YouTube,5,2,False,False
S0003377,U001370,2025-01-19,Desktop,macOS,Safari,Instagram,25,4,False,False
S0003378,U001183,2024-06-05,Desktop,macOS,Safari,Paid Search,51,10,False,False
S0003379,U001868,2024-10-28,Desktop,macOS,Chrome,Instagram,42,10,False,False
S0003380,U001743,2025-09-21,Desktop,iOS,Safari,Facebook,13,12,False,False
S0003381,U001303,2024-06-12,Tablet,Android,Firefox,YouTube,58,1,True,False
S0003382,U000641,2024-12-27,Desktop,Windows,Safari,Facebook,51,11,False,False
S0003383,U001355,2025-05-08,Tablet,Android,Chrome,Referral,49,7,False,False
S0003384,U000823,2024-08-27,Mobile,iOS,Edge,Organic Search,31,4,False,False
S0003385,U000834,2025-06-29,Mobile,Windows,Chrome,Organic Search,59,9,False,False
S0003386,U000594,2024-09-01,Mobile,Windows,Edge,YouTube,31,12,False,False
S0003387,U001725,2024-05-30,Mobile,macOS,Chrome,Email,14,8,False,False
S0003388,U000761,2024-10-07,Mobile,Windows,Edge,Email,59,3,False,False
S0003389,U000489,2024-10-26,Desktop,iOS,Firefox,Instagram,40,11,False,False
S0003390,U001639,2025-07-26,Tablet,iOS,Firefox,Referral,17,11,False,False
S0003391,U001758,2025-04-04,Desktop,Android,Firefox,Facebook,11,8,False,False
S0003392,U001793,2025-02-19,Tablet,macOS,Chrome,Referral,52,8,False,False
S0003393,U000378,2024-06-22,Desktop,macOS,Safari,Facebook,20,1,True,False
S0003394,U000068,2025-02-05,Desktop,Windows,Edge,Referral,9,1,True,False
S0003395,U000509,2024-04-13,Mobile,Android,Safari,YouTube,28,10,False,False
S0003396,U001400,2025-12-27,Tablet,Android,Chrome,Referral,6,9,False,False
S0003397,U001708,2025-07-05,Tablet,Windows,Edge,Paid Search,34,8,False,False
S0003398,U000055,2024-12-04,Desktop,Android,Firefox,Paid Search,12,2,False,False
S0003399,U000086,2024-06-27,Mobile,Android,Safari,Direct,24,7,False,False
S0003400,U000084,2025-05-14,Tablet,Windows,Edge,Email,11,12,False,False
S0003401,U000536,2025-03-11,Tablet,iOS,Firefox,Email,21,7,False,False
S0003402,U000326,2025-08-13,Tablet,Android,Firefox,Organic Search,32,11,False,False
S0003403,U001013,2025-08-09,Desktop,Android,Chrome,Organic Search,47,2,False,False
S0003404,U000318,2025-05-28,Tablet,Windows,Edge,Paid Search,17,4,False,False
S0003405,U001043,2025-02-04,Tablet,macOS,Safari,YouTube,10,5,False,False
S0003406,U001405,2025-08-16,Mobile,Windows,Edge,Paid Search,59,11,False,False
S0003407,U000660,2025-08-07,Desktop,Windows,Edge,Referral,32,3,False,False
S0003408,U001637,2025-09-06,Desktop,iOS,Chrome,Facebook,23,2,False,False
S0003409,U000347,2024-07-19,Tablet,macOS,Safari,Paid Search,48,11,False,False
S0003410,U001637,2024-11-29,Mobile,Android,Chrome,Facebook,36,5,False,False
S0003411,U001477,2025-02-07,Mobile,iOS,Chrome,Facebook,40,12,False,False
S0003412,U001543,2025-07-26,Tablet,iOS,Firefox,Email,3,6,False,False
S0003413,U001583,2024-04-23,Mobile,Windows,Safari,Instagram,45,5,False,True
S0003414,U001812,2025-12-22,Tablet,macOS,Edge,Direct,56,3,False,False
S0003415,U001790,2025-08-30,Tablet,iOS,Chrome,Direct,56,6,False,False
S0003416,U001969,2024-11-17,Mobile,Windows,Edge,Direct,59,3,False,False
S0003417,U000661,2025-11-24,Desktop,iOS,Firefox,Organic Search,31,3,False,False
S0003418,U000658,2024-04-18,Tablet,iOS,Edge,Instagram,16,11,False,True
S0003419,U000194,2025-10-21,Desktop,Android,Edge,YouTube,17,7,False,False
S0003420,U000816,2025-03-10,Mobile,Windows,Safari,Instagram,29,11,False,False
S0003421,U000144,2025-09-13,Tablet,Windows,Safari,YouTube,58,2,False,False
S0003422,U000556,2025-09-19,Tablet,iOS,Chrome,Organic Search,12,7,False,False
S0003423,U001001,2025-10-01,Mobile,Android,Chrome,Referral,30,4,False,False
S0003424,U000659,2025-10-04,Mobile,macOS,Chrome,Facebook,25,5,False,False
S0003425,U000456,2025-09-30,Desktop,iOS,Chrome,Direct,41,11,False,False
S0003426,U000229,2024-04-19,Tablet,iOS,Safari,Instagram,39,2,False,False
S0003427,U001307,2024-05-10,Tablet,iOS,Firefox,Paid Search,2,11,False,False
S0003428,U001262,2024-09-22,Mobile,Android,Firefox,YouTube,41,5,False,False
S0003429,U000833,2024-04-05,Tablet,Android,Firefox,Paid Search,3,12,False,False
S0003430,U001967,2024-10-13,Desktop,macOS,Edge,YouTube,6,11,False,False
S0003431,U001300,2025-02-21,Tablet,Windows,Firefox,Facebook,40,4,False,False
S0003432,U001726,2025-08-10,Tablet,iOS,Edge,Instagram,26,1,True,False
S0003433,U001063,2025-09-24,Desktop,Android,Chrome,Referral,43,12,False,False
S0003434,U000404,2024-10-17,Mobile,Windows,Firefox,Instagram,11,7,False,False
S0003435,U001695,2024-12-22,Mobile,iOS,Safari,YouTube,26,4,False,False
S0003436,U001635,2024-04-22,Mobile,macOS,Firefox,Instagram,7,3,False,False
S0003437,U001290,2025-01-16,Desktop,macOS,Chrome,YouTube,33,6,False,False
S0003438,U000952,2025-11-27,Mobile,macOS,Firefox,Paid Search,46,7,False,False
S0003439,U000681,2025-07-19,Tablet,macOS,Firefox,Facebook,7,10,False,False
S0003440,U001974,2024-05-10,Mobile,Windows,Safari,Referral,46,8,False,False
S0003441,U000406,2024-12-28,Desktop,iOS,Safari,Referral,33,6,False,False
S0003442,U000974,2025-04-28,Tablet,iOS,Firefox,Email,2,7,False,True
S0003443,U000218,2025-02-18,Desktop,iOS,Edge,Direct,20,9,False,False
S0003444,U000385,2025-01-02,Desktop,Windows,Chrome,Instagram,55,8,False,False
S0003445,U001005,2025-12-27,Desktop,Windows,Chrome,Instagram,28,6,False,False
S0003446,U000471,2025-08-08,Desktop,Windows,Chrome,Instagram,53,7,False,False
S0003447,U000069,2024-03-02,Tablet,Android,Chrome,Organic Search,9,8,False,False
S0003448,U001861,2025-10-08,Mobile,Windows,Safari,Facebook,36,6,False,False
S0003449,U001162,2024-04-12,Mobile,macOS,Safari,Facebook,60,12,False,False
S0003450,U000796,2025-10-22,Mobile,macOS,Firefox,Instagram,37,4,False,False
S0003451,U000364,2025-10-27,Tablet,Android,Edge,Email,45,9,False,False
S0003452,U000213,2024-12-18,Mobile,Android,Firefox,Facebook,42,2,False,False
S0003453,U001307,2024-02-22,Tablet,Android,Edge,Organic Search,33,6,False,False
S0003454,U001609,2025-07-18,Desktop,Android,Firefox,Referral,60,7,False,False
S0003455,U000472,2024-07-18,Mobile,Windows,Chrome,Organic Search,40,8,False,False
S0003456,U000635,2025-10-01,Mobile,Windows,Chrome,Email,10,9,False,False
S0003457,U001278,2024-10-06,Desktop,macOS,Chrome,Referral,58,3,False,False
S0003458,U001154,2025-03-30,Tablet,macOS,Firefox,Facebook,36,1,True,False
S0003459,U001387,2024-10-12,Tablet,Windows,Safari,Direct,45,10,False,False
S0003460,U000450,2025-07-29,Desktop,iOS,Chrome,Direct,32,12,False,False
S0003461,U000025,2025-10-19,Desktop,Android,Firefox,Organic Search,56,12,False,False
S0003462,U000768,2025-07-03,Tablet,Windows,Firefox,Email,49,2,False,False
S0003463,U001846,2024-10-23,Tablet,Android,Safari,Paid Search,24,4,False,False
S0003464,U001517,2024-11-26,Tablet,macOS,Chrome,YouTube,38,8,False,False
S0003465,U001581,2024-04-27,Mobile,Android,Chrome,Paid Search,11,5,False,False
S0003466,U000207,2024-09-27,Desktop,Windows,Chrome,Referral,53,11,False,True
S0003467,U000568,2025-10-28,Mobile,Android,Firefox,YouTube,30,5,False,False
S0003468,U000876,2025-03-16,Tablet,iOS,Chrome,Referral,17,10,False,False
S0003469,U000447,2024-10-22,Mobile,Android,Edge,Paid Search,36,4,False,True
S0003470,U001380,2024-08-26,Mobile,iOS,Safari,YouTube,55,6,False,False
S0003471,U001194,2025-05-29,Desktop,Windows,Chrome,Email,12,2,False,False
S0003472,U000914,2024-09-28,Mobile,macOS,Firefox,YouTube,29,6,False,False
S0003473,U000276,2024-06-09,Tablet,Android,Edge,Referral,45,7,False,False
S0003474,U000138,2025-05-17,Mobile,macOS,Safari,Organic Search,44,4,False,False
S0003475,U001848,2025-11-30,Tablet,macOS,Edge,Instagram,11,9,False,False
S0003476,U000926,2024-08-02,Mobile,Windows,Edge,Paid Search,24,6,False,False
S0003477,U000262,2024-07-04,Tablet,Windows,Firefox,Instagram,43,10,False,False
S0003478,U000822,2024-12-08,Desktop,iOS,Edge,Organic Search,9,6,False,False
S0003479,U000276,2024-02-26,Desktop,macOS,Chrome,Instagram,6,10,False,False
S0003480,U000811,2025-04-04,Desktop,iOS,Chrome,Facebook,51,10,False,False
S0003481,U000355,2024-08-04,Mobile,Windows,Edge,Organic Search,21,3,False,False
S0003482,U001536,2024-12-16,Tablet,macOS,Chrome,Referral,41,4,False,False
S0003483,U001923,2024-11-15,Tablet,macOS,Chrome,Facebook,5,4,False,False
S0003484,U001600,2024-01-13,Mobile,Windows,Chrome,Facebook,9,2,False,False
S0003485,U000937,2025-03-13,Desktop,iOS,Edge,Paid Search,27,9,False,False
S0003486,U001600,2025-07-20,Tablet,macOS,Firefox,Facebook,3,1,True,False
S0003487,U001045,2024-03-09,Desktop,macOS,Safari,Direct,12,6,False,False
S0003488,U001037,2025-07-22,Tablet,iOS,Firefox,Facebook,12,3,False,False
S0003489,U001745,2025-12-02,Mobile,iOS,Safari,Referral,52,2,False,False
S0003490,U000915,2024-09-30,Tablet,Android,Safari,Organic Search,14,10,False,False
S0003491,U000332,2025-11-21,Desktop,macOS,Edge,Email,30,1,True,False
S0003492,U001716,2025-12-05,Tablet,Android,Firefox,Paid Search,22,9,False,False
S0003493,U001942,2024-04-12,Mobile,iOS,Safari,Referral,30,6,False,False
S0003494,U000650,2024-12-22,Mobile,Windows,Safari,YouTube,2,1,True,False
S0003495,U001219,2024-06-01,Mobile,iOS,Firefox,Email,9,8,False,False
S0003496,U000482,2025-01-31,Tablet,iOS,Edge,Email,35,3,False,False
S0003497,U000042,2024-05-22,Mobile,Android,Firefox,Organic Search,10,12,False,False
S0003498,U000881,2024-06-03,Mobile,macOS,Edge,Direct,28,4,False,False
S0003499,U000422,2024-02-13,Mobile,iOS,Safari,Facebook,58,4,False,False
S0003500,U001738,2024-04-04,Mobile,Android,Chrome,Instagram,28,8,False,False
S0003501,U001761,2025-02-10,Mobile,iOS,Edge,Organic Search,48,5,False,False
S0003502,U000878,2024-09-15,Mobile,Windows,Chrome,Facebook,14,10,False,False
S0003503,U000193,2025-05-16,Mobile,iOS,Chrome,Organic Search,49,5,False,False
S0003504,U000514,2024-06-30,Mobile,iOS,Chrome,YouTube,53,10,False,False
S0003505,U001171,2025-09-08,Tablet,macOS,Safari,Facebook,45,1,True,True
S0003506,U000928,2025-12-05,Desktop,iOS,Edge,Direct,43,9,False,False
S0003507,U001103,2024-02-21,Desktop,macOS,Firefox,Referral,23,3,False,False
S0003508,U000968,2025-08-11,Desktop,iOS,Edge,Direct,22,6,False,False
S0003509,U000132,2025-07-28,Mobile,Android,Edge,Instagram,32,8,False,False
S0003510,U000628,2024-02-04,Desktop,iOS,Firefox,Direct,9,12,False,False
S0003511,U001338,2025-11-01,Mobile,Windows,Safari,YouTube,55,3,False,False
S0003512,U000383,2025-12-11,Desktop,Android,Edge,Paid Search,4,10,False,False
S0003513,U001922,2024-09-07,Mobile,iOS,Edge,Organic Search,18,10,False,False
S0003514,U001275,2024-07-10,Desktop,macOS,Safari,Referral,47,12,False,False
S0003515,U000338,2024-06-05,Desktop,Windows,Firefox,Email,40,4,False,False
S0003516,U001922,2024-03-23,Mobile,macOS,Edge,Email,34,7,False,False
S0003517,U000474,2024-10-09,Desktop,Android,Edge,Referral,5,8,False,False
S0003518,U000805,2025-08-11,Desktop,macOS,Safari,Email,13,11,False,False
S0003519,U001191,2024-10-02,Desktop,iOS,Edge,Referral,4,12,False,False
S0003520,U000132,2024-05-27,Desktop,macOS,Chrome,Instagram,57,7,False,False
S0003521,U001413,2024-08-10,Tablet,macOS,Edge,Organic Search,44,11,False,False
S0003522,U000673,2025-02-07,Tablet,iOS,Chrome,Facebook,41,4,False,False
S0003523,U000123,2024-11-07,Tablet,iOS,Edge,Email,43,11,False,False
S0003524,U001256,2024-12-23,Mobile,Windows,Safari,Instagram,27,9,False,False
S0003525,U000538,2024-12-03,Mobile,iOS,Firefox,Instagram,2,6,False,False
S0003526,U001109,2025-08-19,Desktop,Windows,Safari,YouTube,52,2,False,True
S0003527,U001184,2024-07-24,Tablet,Windows,Chrome,Referral,57,2,False,True
S0003528,U000787,2024-08-20,Mobile,macOS,Chrome,Paid Search,5,12,False,False
S0003529,U001406,2024-08-03,Tablet,Android,Chrome,Instagram,47,3,False,False
S0003530,U001573,2025-02-25,Desktop,Android,Chrome,YouTube,49,7,False,False
S0003531,U000366,2025-01-05,Mobile,Windows,Safari,Referral,4,6,False,False
S0003532,U001599,2024-06-20,Desktop,Android,Firefox,Direct,27,10,False,True
S0003533,U000751,2024-11-26,Mobile,Windows,Firefox,Referral,55,7,False,False
S0003534,U000421,2025-12-03,Tablet,Android,Edge,Direct,6,10,False,False
S0003535,U000255,2025-06-28,Tablet,macOS,Edge,Direct,32,12,False,False
S0003536,U001357,2025-03-02,Mobile,Windows,Edge,Email,22,8,False,False
S0003537,U000477,2024-03-28,Mobile,iOS,Chrome,Instagram,52,1,True,False
S0003538,U001369,2025-05-05,Mobile,Windows,Safari,Direct,27,12,False,False
S0003539,U001716,2025-12-12,Tablet,iOS,Safari,Email,50,2,False,False
S0003540,U000553,2024-02-21,Tablet,macOS,Safari,Organic Search,50,2,False,False
S0003541,U001519,2025-11-05,Desktop,Android,Firefox,Organic Search,42,2,False,False
S0003542,U000371,2024-04-16,Desktop,iOS,Edge,Paid Search,44,6,False,False
S0003543,U001602,2025-04-11,Mobile,Android,Firefox,Facebook,36,2,False,False
S0003544,U000373,2025-12-08,Tablet,macOS,Edge,Facebook,58,8,False,True
S0003545,U001738,2025-04-10,Tablet,Windows,Firefox,Facebook,53,2,False,False
S0003546,U001759,2024-08-16,Desktop,iOS,Safari,Paid Search,45,1,True,False
S0003547,U001265,2025-05-23,Desktop,Android,Firefox,Email,42,9,False,False
S0003548,U001913,2024-05-02,Mobile,Windows,Firefox,Instagram,27,9,False,False
S0003549,U000935,2024-08-03,Desktop,Windows,Safari,Direct,58,4,False,False
S0003550,U001577,2025-07-03,Desktop,iOS,Firefox,Facebook,50,1,True,False
S0003551,U000455,2025-07-23,Mobile,Android,Edge,Referral,22,9,False,False
S0003552,U001353,2024-01-27,Tablet,Windows,Edge,Paid Search,47,8,False,False
S0003553,U001839,2025-06-09,Desktop,macOS,Edge,Instagram,36,1,True,False
S0003554,U001389,2024-09-25,Tablet,iOS,Firefox,Facebook,12,8,False,False
S0003555,U001337,2024-04-12,Tablet,Windows,Safari,Referral,23,2,False,False
S0003556,U001149,2024-09-19,Mobile,Windows,Edge,Organic Search,32,5,False,False
S0003557,U000460,2025-04-10,Desktop,Android,Safari,Paid Search,27,4,False,False
S0003558,U001407,2025-10-11,Desktop,Android,Firefox,Referral,2,11,False,False
S0003559,U000597,2024-06-24,Desktop,Android,Edge,Referral,57,12,False,False
S0003560,U000408,2024-12-05,Desktop,macOS,Edge,Facebook,16,6,False,False
S0003561,U000805,2025-09-14,Tablet,Android,Edge,Direct,34,7,False,False
S0003562,U000652,2024-01-10,Mobile,iOS,Chrome,Direct,58,6,False,False
S0003563,U000934,2024-09-18,Desktop,macOS,Chrome,Email,12,8,False,False
S0003564,U001970,2024-05-27,Mobile,Android,Safari,Organic Search,15,9,False,False
S0003565,U000522,2024-03-06,Tablet,macOS,Firefox,Direct,22,9,False,False
S0003566,U001594,2024-04-29,Tablet,Android,Chrome,Organic Search,11,3,False,False
S0003567,U001790,2024-09-07,Mobile,Android,Firefox,Direct,47,5,False,True
S0003568,U000811,2024-01-09,Tablet,macOS,Edge,Facebook,60,1,True,False
S0003569,U001285,2025-06-14,Mobile,Windows,Edge,Paid Search,24,4,False,False
S0003570,U000898,2024-10-15,Mobile,Android,Safari,YouTube,21,11,False,False
S0003571,U001728,2025-07-09,Mobile,macOS,Firefox,YouTube,27,10,False,False
S0003572,U000486,2025-10-27,Tablet,Windows,Safari,Instagram,47,10,False,False
S0003573,U001574,2024-06-13,Mobile,iOS,Firefox,Instagram,55,12,False,False
S0003574,U001442,2025-04-26,Mobile,macOS,Safari,Referral,47,6,False,False
S0003575,U001031,2025-10-27,Tablet,iOS,Edge,Email,13,8,False,False
S0003576,U001532,2024-03-27,Tablet,macOS,Chrome,YouTube,6,9,False,False
S0003577,U001942,2025-10-10,Desktop,Android,Chrome,Paid Search,27,7,False,False
S0003578,U001913,2025-05-28,Mobile,macOS,Edge,Facebook,7,6,False,False
S0003579,U000746,2024-04-12,Desktop,iOS,Chrome,Paid Search,39,8,False,False
S0003580,U000329,2024-05-15,Desktop,Windows,Safari,Instagram,60,11,False,False
S0003581,U001403,2024-05-09,Desktop,iOS,Chrome,Direct,42,5,False,False
S0003582,U000254,2024-07-24,Tablet,iOS,Chrome,Referral,60,7,False,False
S0003583,U000147,2024-03-05,Mobile,Android,Firefox,Instagram,23,4,False,False
S0003584,U000969,2024-05-08,Mobile,Android,Firefox,Instagram,27,3,False,False
S0003585,U000471,2024-05-25,Tablet,Android,Edge,Email,28,6,False,False
S0003586,U000876,2024-01-05,Desktop,macOS,Safari,Organic Search,55,1,True,False
S0003587,U001246,2025-06-23,Desktop,iOS,Safari,Paid Search,22,10,False,False
S0003588,U000949,2025-04-30,Tablet,Android,Edge,Facebook,11,5,False,False
S0003589,U001552,2025-02-02,Desktop,macOS,Edge,Direct,17,2,False,False
S0003590,U000104,2024-10-01,Tablet,Windows,Firefox,Email,24,11,False,False
S0003591,U001238,2025-08-23,Desktop,Android,Chrome,Email,60,8,False,False
S0003592,U000110,2025-05-31,Desktop,macOS,Safari,Facebook,6,12,False,True
S0003593,U001875,2025-11-10,Desktop,macOS,Safari,Email,57,5,False,False
S0003594,U001691,2025-01-08,Tablet,Windows,Chrome,YouTube,9,1,True,False
S0003595,U000509,2025-02-20,Mobile,Android,Safari,Referral,40,5,False,False
S0003596,U001405,2025-03-12,Desktop,Windows,Chrome,Instagram,43,2,False,False
S0003597,U001864,2025-08-22,Tablet,macOS,Firefox,Organic Search,15,12,False,False
S0003598,U001622,2025-08-25,Mobile,iOS,Firefox,Paid Search,23,5,False,True
S0003599,U000823,2024-05-11,Desktop,Android,Safari,Paid Search,55,2,False,False
S0003600,U001596,2024-09-26,Desktop,iOS,Chrome,Facebook,20,3,False,False
S0003601,U001944,2024-05-13,Mobile,iOS,Edge,Referral,23,2,False,False
S0003602,U000009,2024-03-19,Tablet,Android,Firefox,Referral,2,9,False,False
S0003603,U000433,2024-11-27,Mobile,Windows,Chrome,Organic Search,44,5,False,False
S0003604,U001797,2024-10-28,Mobile,iOS,Safari,Organic Search,20,11,False,False
S0003605,U000870,2024-11-30,Mobile,iOS,Firefox,Referral,54,2,False,False
S0003606,U000835,2024-04-25,Mobile,Windows,Firefox,Organic Search,58,3,False,False
S0003607,U001283,2024-05-24,Desktop,macOS,Safari,Organic Search,33,2,False,True
S0003608,U000615,2025-03-04,Tablet,iOS,Safari,Organic Search,18,11,False,False
S0003609,U001061,2025-08-14,Mobile,macOS,Firefox,Direct,14,6,False,False
S0003610,U001009,2025-10-18,Mobile,iOS,Firefox,Referral,48,11,False,False
S0003611,U000764,2025-07-08,Tablet,macOS,Firefox,Facebook,26,10,False,False
S0003612,U001730,2024-10-18,Mobile,iOS,Safari,Organic Search,5,3,False,True
S0003613,U000124,2025-10-11,Mobile,macOS,Chrome,YouTube,23,10,False,False
S0003614,U001051,2025-11-23,Desktop,Android,Safari,Facebook,10,8,False,False
S0003615,U000055,2024-07-02,Mobile,Android,Safari,Organic Search,46,4,False,False
S0003616,U001187,2025-03-07,Desktop,Android,Firefox,Referral,46,6,False,False
S0003617,U000962,2024-11-19,Tablet,macOS,Chrome,Organic Search,47,6,False,False
S0003618,U000932,2024-01-10,Mobile,iOS,Safari,Facebook,37,7,False,False
S0003619,U001720,2025-12-26,Tablet,iOS,Safari,Organic Search,33,4,False,False
S0003620,U000315,2025-07-21,Tablet,iOS,Safari,Referral,8,7,False,False
S0003621,U001416,2025-04-05,Desktop,Android,Edge,Facebook,51,8,False,False
S0003622,U000590,2024-12-10,Mobile,Android,Chrome,Email,40,8,False,False
S0003623,U000875,2025-11-21,Tablet,Android,Edge,YouTube,42,7,False,False
S0003624,U000805,2025-09-18,Tablet,macOS,Chrome,Instagram,47,1,True,False
S0003625,U001379,2025-02-16,Desktop,Android,Edge,YouTube,47,8,False,False
S0003626,U000303,2024-12-19,Tablet,Windows,Edge,Referral,35,4,False,False
S0003627,U000565,2025-10-16,Desktop,iOS,Chrome,Referral,6,8,False,True
S0003628,U000886,2025-08-02,Tablet,Android,Chrome,Facebook,19,7,False,False
S0003629,U001992,2025-09-16,Desktop,macOS,Firefox,YouTube,54,7,False,False
S0003630,U000356,2025-02-20,Tablet,Android,Safari,Email,25,4,False,False
S0003631,U000107,2024-01-28,Mobile,Android,Edge,Direct,46,9,False,False
S0003632,U000166,2024-03-15,Mobile,iOS,Edge,Paid Search,57,3,False,False
S0003633,U000501,2024-06-19,Tablet,Android,Chrome,Facebook,4,4,False,False
S0003634,U001429,2024-05-30,Tablet,Android,Safari,Organic Search,42,9,False,False
S0003635,U000932,2025-12-24,Mobile,iOS,Safari,Email,59,2,False,False
S0003636,U000638,2025-01-01,Tablet,iOS,Chrome,Paid Search,48,8,False,False
S0003637,U001411,2024-08-11,Tablet,Android,Edge,Organic Search,12,10,False,False
S0003638,U001866,2025-09-19,Mobile,iOS,Firefox,Referral,5,4,False,False
S0003639,U000397,2024-08-22,Tablet,iOS,Chrome,Referral,57,5,False,False
S0003640,U000870,2024-07-02,Mobile,Windows,Edge,Direct,46,5,False,False
S0003641,U001632,2025-09-22,Desktop,macOS,Firefox,Email,35,3,False,False
S0003642,U000579,2024-07-21,Tablet,Android,Chrome,Email,35,3,False,False
S0003643,U000351,2024-06-20,Tablet,Android,Edge,Email,36,1,True,False
S0003644,U001678,2025-02-03,Tablet,macOS,Edge,YouTube,54,4,False,False
S0003645,U000438,2024-03-21,Mobile,iOS,Safari,YouTube,5,5,False,False
S0003646,U001074,2024-12-01,Desktop,macOS,Chrome,Instagram,5,10,False,False
S0003647,U000370,2024-01-18,Tablet,Windows,Chrome,YouTube,35,2,False,False
S0003648,U000890,2025-01-30,Tablet,Android,Edge,Direct,45,10,False,False
S0003649,U001873,2025-03-01,Tablet,macOS,Firefox,Email,60,4,False,True
S0003650,U000555,2024-07-08,Mobile,Windows,Chrome,Organic Search,42,11,False,False
S0003651,U001187,2024-09-03,Tablet,Android,Safari,Facebook,31,3,False,False
S0003652,U001191,2024-03-06,Mobile,Windows,Firefox,Facebook,48,8,False,False
S0003653,U001824,2024-11-08,Tablet,Android,Firefox,Facebook,8,1,True,False
S0003654,U000051,2025-07-14,Desktop,iOS,Edge,Facebook,17,3,False,False
S0003655,U000849,2025-08-29,Desktop,iOS,Firefox,Referral,39,5,False,True
S0003656,U001873,2025-08-29,Mobile,Android,Edge,Paid Search,48,8,False,True
S0003657,U001731,2025-07-25,Desktop,Windows,Chrome,Organic Search,4,10,False,True
S0003658,U001768,2024-01-06,Tablet,macOS,Edge,Email,19,11,False,False
S0003659,U001423,2024-10-10,Tablet,Android,Firefox,Direct,20,2,False,True
S0003660,U000422,2024-06-20,Tablet,macOS,Edge,Paid Search,23,1,True,False
S0003661,U001800,2024-08-15,Desktop,iOS,Firefox,Paid Search,4,7,False,False
S0003662,U001189,2025-10-31,Desktop,macOS,Safari,Paid Search,36,8,False,False
S0003663,U001499,2025-07-15,Tablet,macOS,Edge,YouTube,45,8,False,False
S0003664,U001703,2024-01-18,Desktop,Android,Safari,Instagram,9,12,False,False
S0003665,U001829,2024-08-16,Mobile,Windows,Chrome,Facebook,51,12,False,False
S0003666,U000118,2025-02-16,Tablet,Android,Firefox,Direct,5,1,True,False
S0003667,U000604,2025-03-20,Mobile,Windows,Safari,YouTube,14,1,True,False
S0003668,U001532,2025-11-14,Desktop,Windows,Firefox,Direct,36,3,False,False
S0003669,U001905,2025-09-21,Mobile,iOS,Safari,Organic Search,58,9,False,False
S0003670,U001580,2025-12-20,Tablet,Windows,Firefox,Organic Search,53,6,False,False
S0003671,U000750,2025-09-04,Tablet,iOS,Chrome,Referral,33,5,False,False
S0003672,U001874,2025-07-13,Mobile,Windows,Firefox,Referral,48,1,True,False
S0003673,U001706,2025-05-28,Desktop,macOS,Firefox,Direct,14,1,True,False
S0003674,U000961,2025-11-27,Tablet,iOS,Firefox,Paid Search,25,4,False,False
S0003675,U000327,2024-03-24,Desktop,Windows,Edge,Paid Search,15,4,False,False
S0003676,U001489,2025-11-25,Desktop,Windows,Chrome,Direct,4,4,False,False
S0003677,U001624,2025-09-08,Mobile,Android,Firefox,Organic Search,16,4,False,False
S0003678,U001059,2025-08-02,Tablet,Windows,Firefox,Referral,28,3,False,False
S0003679,U000730,2024-06-03,Tablet,Android,Edge,YouTube,58,1,True,False
S0003680,U001610,2024-07-26,Desktop,Windows,Firefox,Email,55,1,True,False
S0003681,U000294,2024-02-09,Tablet,iOS,Chrome,Direct,22,5,False,False
S0003682,U000573,2025-09-16,Tablet,iOS,Safari,Facebook,54,5,False,False
S0003683,U001947,2024-07-10,Tablet,Android,Edge,Email,42,7,False,False
S0003684,U001490,2024-02-12,Mobile,Windows,Firefox,Paid Search,4,5,False,False
S0003685,U000813,2025-09-11,Tablet,iOS,Edge,Instagram,33,2,False,False
S0003686,U000203,2024-08-03,Mobile,iOS,Chrome,Facebook,1,7,False,False
S0003687,U001854,2025-03-05,Tablet,iOS,Edge,Referral,40,2,False,False
S0003688,U000035,2025-11-12,Mobile,Android,Edge,YouTube,60,4,False,False
S0003689,U001199,2025-11-07,Tablet,iOS,Chrome,Direct,48,6,False,False
S0003690,U000460,2024-02-24,Tablet,Windows,Firefox,Email,58,3,False,True
S0003691,U000020,2025-07-29,Desktop,Android,Safari,Instagram,35,12,False,False
S0003692,U001618,2025-05-09,Tablet,iOS,Safari,Instagram,5,4,False,False
S0003693,U000838,2024-12-08,Desktop,Windows,Firefox,YouTube,5,9,False,False
S0003694,U000479,2025-10-12,Mobile,iOS,Chrome,Referral,8,11,False,False
S0003695,U000621,2024-05-06,Desktop,Windows,Chrome,Referral,38,9,False,False
S0003696,U001992,2025-07-29,Tablet,macOS,Chrome,Paid Search,53,8,False,False
S0003697,U000491,2025-11-11,Tablet,Android,Chrome,Referral,48,1,True,False
S0003698,U000850,2025-04-09,Tablet,macOS,Edge,Direct,52,4,False,False
S0003699,U000248,2024-06-09,Tablet,Android,Safari,Instagram,7,6,False,False
S0003700,U000918,2024-02-20,Desktop,Android,Safari,Paid Search,13,2,False,False
S0003701,U001829,2025-09-26,Mobile,iOS,Chrome,Organic Search,51,3,False,False
S0003702,U001711,2025-10-14,Mobile,macOS,Firefox,Paid Search,3,3,False,False
S0003703,U001528,2024-12-23,Tablet,Windows,Edge,Direct,35,4,False,False
S0003704,U001132,2024-04-26,Desktop,Windows,Safari,Instagram,36,8,False,False
S0003705,U000511,2025-04-12,Tablet,iOS,Edge,Email,42,8,False,False
S0003706,U001971,2024-09-13,Tablet,Windows,Edge,YouTube,23,2,False,False
S0003707,U000438,2024-05-22,Desktop,Android,Firefox,Paid Search,20,3,False,False
S0003708,U001736,2025-04-24,Tablet,iOS,Firefox,Referral,25,12,False,False
S0003709,U001216,2024-05-11,Mobile,macOS,Safari,Email,30,11,False,False
S0003710,U001769,2025-06-24,Mobile,Windows,Firefox,Instagram,40,11,False,False
S0003711,U001524,2025-12-28,Desktop,macOS,Chrome,Facebook,54,2,False,False
S0003712,U000101,2024-03-01,Mobile,Android,Chrome,Facebook,53,6,False,False
S0003713,U000580,2024-01-20,Tablet,Windows,Firefox,Direct,15,5,False,False
S0003714,U000614,2025-03-12,Desktop,iOS,Edge,Email,45,7,False,False
S0003715,U001618,2025-03-10,Mobile,Windows,Firefox,Organic Search,44,8,False,False
S0003716,U001336,2024-06-24,Mobile,Windows,Chrome,Organic Search,10,10,False,True
S0003717,U000341,2025-01-09,Mobile,iOS,Chrome,Referral,15,10,False,True
S0003718,U001273,2025-10-30,Desktop,macOS,Edge,Paid Search,23,6,False,False
S0003719,U000919,2025-03-26,Desktop,iOS,Firefox,Email,55,7,False,False
S0003720,U000679,2024-11-20,Desktop,macOS,Firefox,Instagram,4,6,False,False
S0003721,U000582,2024-04-03,Mobile,Android,Chrome,YouTube,2,9,False,False
S0003722,U000097,2025-12-22,Tablet,Windows,Firefox,Organic Search,6,4,False,False
S0003723,U001686,2024-07-15,Mobile,macOS,Chrome,Facebook,32,4,False,False
S0003724,U000028,2025-02-05,Desktop,Android,Firefox,YouTube,25,4,False,False
S0003725,U001660,2025-05-12,Mobile,macOS,Edge,Organic Search,53,9,False,False
S0003726,U001161,2024-08-09,Mobile,Android,Edge,Referral,14,3,False,False
S0003727,U001218,2024-06-07,Mobile,Android,Safari,Facebook,4,5,False,False
S0003728,U000226,2025-02-16,Desktop,iOS,Edge,Facebook,2,3,False,False
S0003729,U001437,2024-05-13,Mobile,Android,Edge,Paid Search,24,9,False,False
S0003730,U000279,2024-04-02,Desktop,iOS,Chrome,Instagram,2,9,False,True
S0003731,U001592,2025-08-05,Desktop,Android,Edge,Referral,48,11,False,False
S0003732,U000697,2024-06-28,Desktop,Windows,Firefox,Facebook,15,8,False,False
S0003733,U001405,2025-05-30,Tablet,Windows,Edge,Direct,32,2,False,False
S0003734,U001886,2025-02-17,Mobile,iOS,Safari,Paid Search,19,1,True,False
S0003735,U000061,2024-05-08,Desktop,Android,Edge,Referral,15,4,False,False
S0003736,U001391,2024-04-14,Desktop,iOS,Firefox,YouTube,4,3,False,False
S0003737,U001426,2024-12-19,Mobile,iOS,Chrome,Instagram,13,5,False,False
S0003738,U001610,2024-03-08,Tablet,Windows,Safari,Facebook,30,8,False,False
S0003739,U001649,2024-08-25,Tablet,Android,Safari,YouTube,37,3,False,False
S0003740,U000331,2024-10-30,Desktop,Windows,Firefox,Paid Search,24,3,False,False
S0003741,U001645,2025-08-04,Mobile,macOS,Firefox,Instagram,38,1,True,False
S0003742,U001059,2025-04-08,Desktop,iOS,Edge,Instagram,43,8,False,False
S0003743,U000717,2024-09-21,Mobile,Android,Safari,Email,2,8,False,False
S0003744,U001387,2025-07-25,Mobile,iOS,Edge,Referral,27,5,False,False
S0003745,U000491,2025-03-22,Desktop,Android,Chrome,Referral,8,3,False,True
S0003746,U001824,2024-12-09,Tablet,iOS,Edge,Organic Search,4,11,False,False
S0003747,U001311,2025-11-11,Tablet,macOS,Edge,Direct,17,3,False,False
S0003748,U001379,2024-11-04,Desktop,iOS,Firefox,Referral,16,2,False,True
S0003749,U001170,2025-09-25,Desktop,Android,Safari,YouTube,19,8,False,False
S0003750,U000592,2024-06-18,Mobile,Windows,Safari,Organic Search,32,4,False,False
S0003751,U001503,2024-10-12,Mobile,macOS,Firefox,Organic Search,34,4,False,False
S0003752,U001535,2025-12-23,Tablet,Android,Firefox,YouTube,40,4,False,False
S0003753,U001754,2024-09-02,Tablet,Android,Firefox,Email,18,8,False,False
S0003754,U001196,2024-02-08,Desktop,macOS,Edge,Paid Search,40,12,False,False
S0003755,U000397,2024-11-11,Tablet,macOS,Edge,YouTube,48,6,False,False
S0003756,U001661,2025-05-06,Tablet,Android,Safari,Referral,30,2,False,False
S0003757,U001440,2025-06-03,Mobile,Windows,Safari,YouTube,4,2,False,False
S0003758,U001229,2025-07-25,Mobile,Windows,Safari,Referral,29,4,False,False
S0003759,U001170,2024-08-25,Mobile,iOS,Firefox,Referral,23,10,False,False
S0003760,U000144,2024-10-15,Desktop,iOS,Edge,Email,31,12,False,False
S0003761,U001175,2024-10-20,Tablet,macOS,Chrome,YouTube,29,12,False,False
S0003762,U001894,2025-05-27,Desktop,Android,Safari,Organic Search,9,8,False,False
S0003763,U000026,2024-11-08,Mobile,macOS,Edge,Email,49,7,False,False
S0003764,U000084,2024-12-29,Tablet,Windows,Safari,Referral,46,4,False,False
S0003765,U001613,2024-04-15,Desktop,macOS,Edge,Direct,49,4,False,False
S0003766,U000362,2025-10-15,Desktop,Windows,Safari,Direct,5,2,False,False
S0003767,U001685,2025-01-24,Tablet,macOS,Safari,Email,25,11,False,False
S0003768,U000075,2025-12-09,Mobile,iOS,Safari,Email,22,12,False,False
S0003769,U000804,2025-09-09,Desktop,iOS,Chrome,Organic Search,20,5,False,False
S0003770,U001752,2024-08-07,Tablet,iOS,Safari,Direct,40,5,False,False
S0003771,U000754,2024-07-15,Desktop,Windows,Safari,YouTube,38,4,False,False
S0003772,U001240,2025-10-02,Tablet,Windows,Safari,Direct,56,3,False,False
S0003773,U001951,2024-11-28,Desktop,Android,Safari,Referral,37,7,False,False
S0003774,U001837,2024-12-04,Desktop,macOS,Edge,Instagram,29,7,False,False
S0003775,U001205,2025-12-06,Mobile,Windows,Safari,Instagram,9,8,False,False
S0003776,U001776,2024-04-29,Tablet,iOS,Chrome,Email,24,1,True,False
S0003777,U000528,2025-06-30,Tablet,Windows,Chrome,Paid Search,33,4,False,False
S0003778,U001481,2025-12-23,Tablet,Android,Chrome,Referral,30,6,False,False
S0003779,U000491,2024-10-13,Desktop,macOS,Chrome,Direct,39,1,True,False
S0003780,U000788,2024-12-28,Desktop,macOS,Firefox,Organic Search,24,7,False,False
S0003781,U000364,2024-02-02,Mobile,Android,Chrome,Direct,57,3,False,False
S0003782,U001437,2024-05-14,Desktop,macOS,Safari,Paid Search,11,3,False,False
S0003783,U000032,2024-06-09,Desktop,iOS,Safari,YouTube,45,7,False,False
S0003784,U000751,2024-02-29,Desktop,macOS,Chrome,Facebook,27,3,False,False
S0003785,U000539,2024-10-28,Tablet,Android,Edge,Direct,59,4,False,False
S0003786,U000306,2024-09-15,Desktop,Windows,Chrome,Direct,13,11,False,False
S0003787,U001530,2025-08-31,Mobile,macOS,Safari,Facebook,50,7,False,False
S0003788,U000483,2025-05-17,Desktop,iOS,Edge,Referral,37,9,False,False
S0003789,U001006,2025-11-01,Desktop,Windows,Safari,Organic Search,14,6,False,False
S0003790,U000230,2025-10-03,Mobile,Windows,Edge,YouTube,47,6,False,False
S0003791,U000360,2024-05-19,Mobile,macOS,Safari,Facebook,18,7,False,False
S0003792,U000158,2024-11-02,Tablet,Windows,Safari,YouTube,58,8,False,False
S0003793,U001520,2025-12-17,Tablet,Windows,Chrome,Organic Search,35,1,True,False
S0003794,U000231,2024-05-10,Tablet,macOS,Safari,YouTube,60,2,False,False
S0003795,U001645,2025-01-16,Mobile,Android,Chrome,Organic Search,25,11,False,True
S0003796,U000678,2025-05-15,Desktop,iOS,Edge,Email,42,4,False,False
S0003797,U001134,2024-07-28,Desktop,iOS,Edge,Direct,33,3,False,False
S0003798,U001950,2024-03-19,Mobile,iOS,Firefox,YouTube,2,10,False,False
S0003799,U001767,2025-05-15,Mobile,Windows,Edge,Instagram,12,11,False,False
S0003800,U001879,2024-08-31,Tablet,iOS,Chrome,Paid Search,17,11,False,False
S0003801,U000914,2025-01-24,Desktop,iOS,Firefox,Instagram,57,4,False,False
S0003802,U001100,2024-12-27,Mobile,macOS,Safari,Instagram,11,6,False,False
S0003803,U001034,2024-06-04,Mobile,macOS,Firefox,Instagram,27,12,False,False
S0003804,U000014,2025-12-12,Mobile,macOS,Edge,Referral,2,10,False,False
S0003805,U001337,2024-05-21,Mobile,Windows,Edge,Paid Search,24,11,False,False
S0003806,U000472,2025-04-22,Mobile,macOS,Chrome,Facebook,19,12,False,False
S0003807,U001029,2024-12-27,Desktop,iOS,Safari,Organic Search,16,3,False,False
S0003808,U000599,2024-10-28,Mobile,macOS,Chrome,Direct,39,11,False,False
S0003809,U001911,2024-09-07,Desktop,iOS,Chrome,Referral,15,8,False,True
S0003810,U001894,2024-02-28,Tablet,macOS,Firefox,YouTube,7,11,False,False
S0003811,U001418,2025-09-20,Desktop,macOS,Firefox,Organic Search,35,10,False,True
S0003812,U001739,2025-02-03,Tablet,macOS,Safari,Organic Search,13,10,False,False
S0003813,U000433,2025-08-15,Tablet,macOS,Firefox,Paid Search,22,4,False,False
S0003814,U000412,2025-07-31,Tablet,iOS,Edge,Facebook,47,12,False,False
S0003815,U001660,2024-10-08,Mobile,Android,Safari,Referral,12,10,False,False
S0003816,U000921,2024-07-20,Mobile,Windows,Firefox,Paid Search,13,4,False,False
S0003817,U001600,2024-09-26,Mobile,Android,Safari,Facebook,17,11,False,False
S0003818,U000694,2024-10-23,Mobile,iOS,Edge,Email,41,5,False,False
S0003819,U001357,2024-03-09,Mobile,macOS,Firefox,YouTube,53,3,False,False
S0003820,U000310,2025-04-24,Mobile,Android,Firefox,Referral,12,12,False,False
S0003821,U001402,2024-05-31,Desktop,Android,Chrome,Paid Search,34,2,False,False
S0003822,U001835,2024-04-07,Desktop,macOS,Safari,Instagram,58,5,False,False
S0003823,U000172,2024-02-19,Tablet,iOS,Chrome,Facebook,55,8,False,False
S0003824,U000310,2025-07-07,Mobile,macOS,Edge,Paid Search,7,6,False,False
S0003825,U001226,2025-12-12,Mobile,macOS,Edge,Facebook,12,5,False,False
S0003826,U000909,2025-08-12,Mobile,macOS,Firefox,Organic Search,31,12,False,False
S0003827,U000146,2024-06-10,Mobile,Windows,Chrome,Instagram,15,6,False,False
S0003828,U000294,2025-03-04,Desktop,Windows,Safari,Direct,59,7,False,False
S0003829,U001122,2025-06-04,Desktop,macOS,Firefox,Facebook,32,4,False,False
S0003830,U000287,2024-05-16,Mobile,macOS,Edge,Organic Search,8,4,False,False
S0003831,U001465,2025-08-13,Desktop,Windows,Edge,Direct,59,11,False,False
S0003832,U001230,2025-03-01,Tablet,Android,Edge,Paid Search,40,9,False,False
S0003833,U001735,2025-02-19,Desktop,Windows,Firefox,Instagram,49,4,False,False
S0003834,U001085,2024-11-28,Tablet,macOS,Chrome,Referral,51,12,False,True
S0003835,U000050,2024-01-08,Mobile,macOS,Edge,Referral,11,10,False,False
S0003836,U001500,2024-10-21,Mobile,iOS,Chrome,Referral,13,5,False,False
S0003837,U000845,2025-01-29,Tablet,iOS,Firefox,YouTube,44,11,False,False
S0003838,U001297,2024-01-14,Mobile,macOS,Chrome,Direct,32,10,False,False
S0003839,U001561,2024-08-27,Tablet,iOS,Safari,YouTube,31,9,False,False
S0003840,U000658,2025-06-30,Tablet,Windows,Edge,Organic Search,50,6,False,False
S0003841,U001433,2024-11-17,Desktop,iOS,Edge,Paid Search,60,7,False,False
S0003842,U000132,2024-02-12,Tablet,iOS,Edge,Paid Search,7,1,True,False
S0003843,U000054,2025-03-18,Desktop,macOS,Firefox,Referral,26,2,False,False
S0003844,U000002,2024-05-21,Mobile,Windows,Edge,Direct,49,2,False,False
S0003845,U000914,2025-11-02,Tablet,Windows,Chrome,Facebook,41,9,False,False
S0003846,U001656,2025-06-20,Tablet,iOS,Edge,Facebook,11,4,False,False
S0003847,U001926,2024-02-04,Tablet,iOS,Firefox,Instagram,29,10,False,False
S0003848,U000365,2024-10-13,Desktop,iOS,Chrome,YouTube,3,9,False,False
S0003849,U000361,2025-11-27,Tablet,macOS,Firefox,Facebook,37,1,True,False
S0003850,U001865,2025-08-29,Desktop,Windows,Edge,YouTube,50,5,False,False
S0003851,U000909,2025-03-07,Desktop,iOS,Chrome,Instagram,38,1,True,False
S0003852,U001580,2024-07-07,Tablet,Windows,Edge,Organic Search,44,11,False,False
S0003853,U001038,2024-05-31,Mobile,Windows,Chrome,Instagram,51,8,False,False
S0003854,U000899,2025-06-19,Tablet,Android,Edge,Email,15,1,True,False
S0003855,U000589,2024-03-16,Desktop,Android,Safari,Direct,25,8,False,False
S0003856,U001636,2024-11-06,Mobile,Android,Safari,Paid Search,23,4,False,False
S0003857,U000869,2024-03-03,Mobile,Android,Edge,Instagram,51,4,False,False
S0003858,U001000,2024-01-22,Desktop,Windows,Firefox,Paid Search,34,9,False,False
S0003859,U000133,2024-02-13,Mobile,Android,Chrome,Direct,28,3,False,False
S0003860,U000689,2024-04-09,Desktop,iOS,Firefox,Facebook,43,2,False,True
S0003861,U000921,2025-09-14,Mobile,Android,Firefox,YouTube,42,9,False,False
S0003862,U000831,2025-03-03,Tablet,Windows,Safari,Paid Search,45,2,False,True
S0003863,U001013,2024-11-16,Mobile,macOS,Safari,Referral,57,1,True,False
S0003864,U000625,2024-09-04,Tablet,iOS,Chrome,Facebook,15,1,True,False
S0003865,U000123,2025-10-13,Mobile,macOS,Edge,Organic Search,41,7,False,True
S0003866,U001714,2025-01-15,Mobile,iOS,Chrome,Facebook,20,1,True,False
S0003867,U000068,2025-06-23,Mobile,macOS,Firefox,YouTube,20,1,True,False
S0003868,U001195,2024-03-13,Mobile,iOS,Edge,YouTube,46,11,False,False
S0003869,U000691,2025-11-11,Mobile,Windows,Edge,Organic Search,5,5,False,False
S0003870,U001238,2024-01-07,Mobile,macOS,Safari,YouTube,17,4,False,True
S0003871,U001014,2024-09-12,Desktop,macOS,Edge,YouTube,30,8,False,False
S0003872,U001658,2025-12-28,Mobile,Windows,Firefox,Paid Search,16,4,False,False
S0003873,U000780,2024-12-09,Mobile,Windows,Chrome,Referral,27,9,False,False
S0003874,U001773,2025-01-23,Desktop,macOS,Chrome,Referral,53,1,True,True
S0003875,U001641,2025-06-19,Tablet,Android,Safari,Email,57,1,True,False
S0003876,U000413,2025-07-04,Desktop,macOS,Edge,Paid Search,57,10,False,False
S0003877,U001625,2024-01-14,Desktop,Android,Firefox,Organic Search,20,12,False,False
S0003878,U001858,2025-09-02,Mobile,Android,Firefox,Email,33,9,False,False
S0003879,U000685,2025-08-01,Desktop,iOS,Safari,Referral,40,7,False,False
S0003880,U001860,2025-05-02,Mobile,iOS,Edge,Direct,14,3,False,False
S0003881,U001863,2024-06-14,Mobile,iOS,Chrome,YouTube,42,2,False,False
S0003882,U000868,2025-08-12,Tablet,iOS,Safari,Organic Search,5,9,False,False
S0003883,U000664,2024-02-03,Mobile,macOS,Firefox,Instagram,23,7,False,False
S0003884,U000411,2025-03-24,Desktop,iOS,Edge,YouTube,2,6,False,False
S0003885,U000600,2024-10-24,Mobile,Android,Firefox,Email,6,7,False,False
S0003886,U000769,2024-03-14,Mobile,Android,Firefox,Organic Search,41,9,False,False
S0003887,U000647,2025-04-01,Mobile,Windows,Safari,Facebook,12,6,False,False
S0003888,U000766,2025-11-11,Tablet,iOS,Chrome,Facebook,31,7,False,True
S0003889,U000641,2025-02-11,Mobile,macOS,Firefox,YouTube,10,5,False,False
S0003890,U001989,2024-07-31,Desktop,Windows,Firefox,YouTube,10,7,False,True
S0003891,U000013,2025-06-15,Tablet,Windows,Safari,Direct,20,4,False,True
S0003892,U000979,2024-12-23,Desktop,Windows,Firefox,Email,20,8,False,False
S0003893,U001293,2025-07-23,Desktop,Android,Safari,Facebook,5,4,False,False
S0003894,U000643,2025-03-14,Tablet,Android,Safari,Referral,31,7,False,False
S0003895,U000197,2025-11-12,Mobile,iOS,Edge,Facebook,47,8,False,False
S0003896,U000364,2025-11-17,Tablet,Windows,Edge,Referral,11,8,False,False
S0003897,U000343,2025-03-17,Mobile,Android,Edge,YouTube,41,7,False,False
S0003898,U000895,2024-07-02,Tablet,macOS,Safari,Facebook,7,3,False,False
S0003899,U001119,2025-10-01,Desktop,Windows,Safari,Paid Search,43,9,False,True
S0003900,U001311,2024-05-15,Mobile,Windows,Firefox,Organic Search,12,8,False,False
S0003901,U001448,2025-10-06,Mobile,Android,Firefox,YouTube,36,7,False,False
S0003902,U000528,2025-12-26,Mobile,macOS,Edge,Facebook,33,5,False,False
S0003903,U001388,2024-08-03,Desktop,iOS,Safari,Email,30,2,False,False
S0003904,U000084,2024-04-07,Tablet,macOS,Firefox,Paid Search,41,12,False,False
S0003905,U001398,2024-05-09,Desktop,Windows,Firefox,Direct,60,3,False,True
S0003906,U001798,2024-04-28,Tablet,macOS,Firefox,Referral,33,1,True,False
S0003907,U000192,2024-01-27,Desktop,macOS,Edge,Organic Search,50,8,False,True
S0003908,U001482,2025-12-16,Mobile,Android,Safari,Direct,57,12,False,False
S0003909,U001420,2024-11-03,Mobile,Windows,Edge,Referral,32,1,True,False
S0003910,U001628,2025-03-24,Desktop,Android,Edge,Instagram,35,10,False,False
S0003911,U001606,2025-06-01,Mobile,Android,Chrome,Facebook,19,4,False,False
S0003912,U000236,2024-10-28,Desktop,Android,Firefox,Instagram,24,9,False,False
S0003913,U000955,2025-05-25,Mobile,iOS,Chrome,Organic Search,9,5,False,False
S0003914,U000438,2024-04-13,Tablet,Windows,Safari,YouTube,18,6,False,False
S0003915,U000686,2024-04-23,Tablet,Windows,Firefox,Direct,49,7,False,True
S0003916,U000924,2025-09-29,Tablet,Windows,Firefox,Email,42,5,False,False
S0003917,U000405,2025-07-16,Desktop,Windows,Edge,Paid Search,11,3,False,False
S0003918,U000891,2024-10-03,Desktop,macOS,Chrome,Direct,7,7,False,False
S0003919,U000830,2025-01-19,Tablet,Android,Chrome,Facebook,53,9,False,False
S0003920,U001380,2024-08-17,Desktop,macOS,Chrome,Referral,40,9,False,False
S0003921,U001107,2025-04-26,Desktop,iOS,Edge,YouTube,36,2,False,False
S0003922,U001317,2024-08-23,Mobile,iOS,Edge,Email,52,2,False,False
S0003923,U000640,2025-01-09,Tablet,iOS,Firefox,Email,15,7,False,False
S0003924,U000435,2025-11-28,Mobile,Windows,Edge,Facebook,19,8,False,False
S0003925,U000752,2025-09-13,Desktop,iOS,Firefox,YouTube,42,3,False,False
S0003926,U001011,2025-06-18,Mobile,Windows,Firefox,Instagram,28,12,False,False
S0003927,U000047,2025-08-16,Desktop,Windows,Safari,Facebook,26,9,False,False
S0003928,U001634,2025-03-28,Tablet,macOS,Safari,YouTube,43,1,True,False
S0003929,U001960,2025-02-07,Desktop,Android,Safari,Paid Search,2,12,False,False
S0003930,U000180,2024-08-13,Desktop,Android,Chrome,Referral,56,5,False,False
S0003931,U000123,2025-05-22,Mobile,macOS,Safari,Direct,19,9,False,False
S0003932,U001974,2025-05-07,Mobile,macOS,Firefox,YouTube,58,8,False,False
S0003933,U000906,2024-03-21,Mobile,Windows,Safari,Facebook,54,6,False,False
S0003934,U001744,2024-08-08,Desktop,iOS,Edge,YouTube,56,6,False,False
S0003935,U000481,2025-01-07,Mobile,Windows,Safari,Facebook,36,5,False,False
S0003936,U000100,2025-08-26,Tablet,iOS,Firefox,Referral,7,5,False,False
S0003937,U000579,2025-01-04,Desktop,macOS,Safari,Referral,13,9,False,False
S0003938,U000825,2024-10-24,Desktop,macOS,Chrome,Email,42,3,False,False
S0003939,U000178,2024-09-09,Tablet,Android,Edge,Referral,42,1,True,False
S0003940,U000066,2024-03-31,Mobile,macOS,Firefox,Referral,56,7,False,False
S0003941,U000812,2024-07-17,Tablet,macOS,Safari,Instagram,14,10,False,False
S0003942,U001681,2024-01-10,Desktop,Windows,Chrome,Referral,38,7,False,False
S0003943,U001244,2025-06-25,Tablet,macOS,Chrome,Referral,23,4,False,False
S0003944,U000400,2025-07-29,Mobile,Windows,Safari,Instagram,50,11,False,False
S0003945,U000975,2024-05-25,Desktop,iOS,Chrome,YouTube,27,4,False,False
S0003946,U000211,2024-09-04,Tablet,Windows,Safari,Direct,4,3,False,False
S0003947,U001949,2025-04-14,Desktop,macOS,Edge,Referral,28,10,False,False
S0003948,U000134,2025-12-19,Mobile,Android,Edge,Direct,51,9,False,False
S0003949,U000342,2024-09-21,Mobile,Windows,Safari,Direct,25,4,False,False
S0003950,U000580,2024-12-31,Tablet,Windows,Edge,Organic Search,20,4,False,False
S0003951,U000264,2025-12-12,Tablet,macOS,Edge,YouTube,3,7,False,False
S0003952,U001161,2025-10-17,Desktop,Windows,Firefox,Referral,30,2,False,False
S0003953,U001701,2024-03-02,Tablet,Android,Firefox,Instagram,52,1,True,True
S0003954,U000592,2024-03-11,Desktop,iOS,Safari,Organic Search,19,2,False,False
S0003955,U001009,2024-04-01,Mobile,Windows,Safari,YouTube,32,11,False,False
S0003956,U000143,2025-08-20,Mobile,Windows,Chrome,Facebook,23,3,False,False
S0003957,U000745,2024-12-19,Tablet,macOS,Firefox,Direct,21,6,False,False
S0003958,U001535,2024-08-09,Tablet,Windows,Chrome,YouTube,10,3,False,False
S0003959,U000997,2024-07-11,Tablet,macOS,Safari,Facebook,60,6,False,False
S0003960,U001686,2025-05-09,Mobile,Windows,Chrome,Organic Search,42,2,False,False
S0003961,U001480,2025-09-04,Mobile,macOS,Safari,Direct,14,5,False,False
S0003962,U000397,2024-12-30,Tablet,macOS,Safari,Referral,5,8,False,True
S0003963,U000609,2025-06-14,Tablet,Windows,Safari,YouTube,42,1,True,False
S0003964,U001669,2024-02-06,Desktop,macOS,Chrome,Direct,10,2,False,True
S0003965,U000413,2025-03-25,Tablet,iOS,Edge,YouTube,16,1,True,False
S0003966,U000719,2024-04-19,Tablet,Windows,Chrome,YouTube,52,6,False,False
S0003967,U000020,2025-02-27,Tablet,Windows,Edge,YouTube,43,7,False,False
S0003968,U001349,2024-04-07,Mobile,Android,Chrome,YouTube,52,7,False,False
S0003969,U001875,2024-11-27,Mobile,Windows,Edge,Organic Search,56,2,False,False
S0003970,U000463,2024-10-01,Tablet,macOS,Edge,Facebook,46,12,False,False
S0003971,U001816,2024-10-10,Desktop,Windows,Firefox,YouTube,32,9,False,False
S0003972,U000907,2025-12-08,Tablet,Android,Firefox,Referral,1,11,False,False
S0003973,U000892,2024-02-04,Desktop,iOS,Edge,Facebook,20,1,True,False
S0003974,U001561,2025-02-12,Tablet,macOS,Firefox,YouTube,20,5,False,False
S0003975,U001105,2024-08-24,Tablet,macOS,Edge,Paid Search,28,7,False,True
S0003976,U001136,2024-12-11,Mobile,Android,Firefox,Organic Search,15,3,False,False
S0003977,U000926,2025-09-06,Tablet,macOS,Safari,Paid Search,8,11,False,False
S0003978,U001989,2024-10-19,Mobile,macOS,Firefox,Organic Search,3,4,False,False
S0003979,U001604,2025-12-13,Tablet,macOS,Chrome,Instagram,36,8,False,False
S0003980,U001150,2025-12-10,Tablet,Android,Edge,Organic Search,43,2,False,False
S0003981,U000042,2024-02-05,Tablet,Windows,Safari,Referral,39,1,True,False
S0003982,U001589,2025-06-04,Mobile,Android,Chrome,Facebook,54,3,False,False
S0003983,U001589,2025-05-14,Tablet,iOS,Chrome,Instagram,9,1,True,True
S0003984,U001083,2024-08-18,Mobile,macOS,Safari,Instagram,11,8,False,False
S0003985,U000301,2025-11-01,Mobile,Android,Firefox,Paid Search,56,7,False,False
S0003986,U001006,2025-10-11,Desktop,Windows,Edge,Facebook,11,9,False,False
S0003987,U001335,2025-05-27,Tablet,iOS,Edge,Direct,8,1,True,True
S0003988,U000351,2024-06-11,Tablet,iOS,Firefox,Facebook,12,5,False,False
S0003989,U000445,2025-09-09,Desktop,Windows,Firefox,Direct,2,12,False,False
S0003990,U000210,2024-12-26,Tablet,macOS,Safari,Facebook,45,3,False,False
S0003991,U001092,2024-03-24,Tablet,Android,Edge,Instagram,53,9,False,False
S0003992,U001594,2025-06-10,Mobile,iOS,Edge,Direct,52,6,False,False
S0003993,U001880,2024-11-04,Tablet,macOS,Edge,Facebook,52,2,False,False
S0003994,U001856,2024-10-05,Desktop,Windows,Edge,Organic Search,23,7,False,False
S0003995,U000140,2025-07-21,Desktop,Windows,Safari,Organic Search,34,11,False,True
S0003996,U000338,2024-07-14,Mobile,iOS,Edge,Facebook,34,8,False,False
S0003997,U000748,2024-04-01,Desktop,Android,Chrome,Instagram,29,4,False,False
S0003998,U001867,2025-05-12,Desktop,iOS,Firefox,Direct,30,1,True,False
S0003999,U001644,2024-12-27,Tablet,Android,Safari,Direct,21,8,False,True
S0004000,U001936,2024-07-15,Tablet,macOS,Chrome,Paid Search,39,1,True,False
S0004001,U000717,2025-10-09,Mobile,Android,Safari,Organic Search,47,8,False,False
S0004002,U001336,2024-10-11,Mobile,macOS,Safari,Paid Search,12,12,False,False
S0004003,U000629,2024-06-16,Desktop,Windows,Edge,Direct,25,12,False,False
S0004004,U001730,2025-07-27,Mobile,macOS,Edge,Paid Search,47,5,False,True
S0004005,U001262,2024-09-06,Tablet,Android,Edge,Organic Search,2,9,False,False
S0004006,U000124,2024-11-09,Tablet,Android,Chrome,Email,49,10,False,True
S0004007,U001568,2025-11-28,Desktop,Android,Chrome,Paid Search,35,5,False,False
S0004008,U001334,2025-03-17,Mobile,Windows,Safari,Email,46,9,False,False
S0004009,U000905,2024-05-10,Mobile,macOS,Edge,Referral,6,4,False,False
S0004010,U001014,2025-11-30,Tablet,Windows,Firefox,Direct,60,8,False,True
S0004011,U001570,2025-12-02,Tablet,macOS,Chrome,Organic Search,55,4,False,False
S0004012,U001735,2024-11-23,Tablet,macOS,Safari,Facebook,1,12,False,False
S0004013,U000499,2025-08-15,Desktop,Windows,Safari,Instagram,11,12,False,False
S0004014,U001390,2025-11-07,Tablet,Windows,Edge,Instagram,10,6,False,False
S0004015,U001689,2024-06-13,Mobile,Windows,Safari,Facebook,55,5,False,False
S0004016,U001894,2024-05-28,Desktop,Windows,Firefox,Facebook,17,9,False,False
S0004017,U000918,2024-01-14,Mobile,iOS,Firefox,Organic Search,18,3,False,False
S0004018,U000236,2025-09-12,Tablet,iOS,Firefox,Paid Search,12,6,False,False
S0004019,U001196,2025-02-27,Mobile,Windows,Safari,Paid Search,1,9,False,False
S0004020,U000259,2024-06-21,Desktop,iOS,Edge,Paid Search,1,9,False,False
S0004021,U001865,2025-05-30,Tablet,macOS,Firefox,YouTube,22,10,False,False
S0004022,U000736,2024-04-16,Desktop,Android,Firefox,Facebook,45,1,True,False
S0004023,U000029,2025-04-11,Desktop,Android,Chrome,Referral,32,8,False,False
S0004024,U001552,2024-05-13,Desktop,Android,Edge,Facebook,51,7,False,False
S0004025,U001774,2025-05-05,Tablet,Windows,Chrome,Paid Search,31,9,False,True
S0004026,U001893,2024-09-04,Tablet,macOS,Firefox,Facebook,51,7,False,False
S0004027,U000016,2024-02-22,Mobile,Windows,Safari,Paid Search,27,10,False,False
S0004028,U000830,2024-02-16,Tablet,Windows,Safari,Facebook,52,12,False,False
S0004029,U000243,2025-10-26,Mobile,macOS,Chrome,Facebook,40,2,False,False
S0004030,U001998,2024-09-08,Tablet,macOS,Firefox,Direct,58,5,False,False
S0004031,U000427,2025-04-24,Tablet,macOS,Chrome,Organic Search,16,12,False,True
S0004032,U000432,2024-11-20,Tablet,iOS,Edge,Instagram,8,8,False,False
S0004033,U000080,2025-09-27,Desktop,Windows,Edge,Organic Search,11,5,False,False
S0004034,U000468,2024-09-26,Tablet,iOS,Safari,Email,25,12,False,False
S0004035,U001060,2024-08-24,Tablet,macOS,Firefox,Email,45,10,False,True
S0004036,U000673,2025-09-07,Tablet,Android,Edge,Facebook,22,9,False,False
S0004037,U000954,2024-01-15,Tablet,iOS,Chrome,Email,14,6,False,False
S0004038,U000242,2025-10-02,Tablet,macOS,Firefox,Facebook,13,4,False,True
S0004039,U001415,2025-07-27,Desktop,macOS,Edge,Instagram,13,3,False,False
S0004040,U000034,2024-05-29,Desktop,Android,Safari,Referral,23,2,False,False
S0004041,U000097,2024-03-18,Desktop,Android,Safari,Paid Search,31,3,False,False
S0004042,U001872,2024-07-05,Desktop,Android,Safari,Paid Search,33,9,False,False
S0004043,U001238,2025-02-09,Desktop,iOS,Safari,Facebook,48,7,False,False
S0004044,U001219,2025-03-16,Mobile,Android,Firefox,Organic Search,60,6,False,False
S0004045,U000814,2025-08-08,Desktop,macOS,Safari,Facebook,56,4,False,False
S0004046,U001637,2025-05-13,Desktop,Windows,Safari,YouTube,48,6,False,False
S0004047,U001948,2024-03-19,Desktop,Android,Firefox,Email,34,10,False,False
S0004048,U000239,2024-06-14,Tablet,Android,Chrome,Organic Search,11,9,False,False
S0004049,U000347,2025-02-19,Tablet,macOS,Edge,Paid Search,5,2,False,False
S0004050,U001251,2024-11-07,Tablet,Android,Chrome,Direct,42,4,False,False
S0004051,U000922,2025-09-28,Desktop,macOS,Firefox,Referral,3,12,False,True
S0004052,U000773,2024-05-02,Tablet,macOS,Chrome,YouTube,57,3,False,False
S0004053,U000173,2025-01-20,Desktop,Windows,Chrome,Email,47,1,True,True
S0004054,U000221,2025-11-18,Desktop,iOS,Chrome,YouTube,53,12,False,False
S0004055,U000136,2024-06-18,Mobile,iOS,Chrome,Facebook,38,6,False,False
S0004056,U001531,2025-09-29,Desktop,Android,Firefox,Organic Search,3,5,False,False
S0004057,U001201,2025-11-20,Tablet,iOS,Safari,Facebook,16,2,False,False
S0004058,U001000,2025-03-08,Mobile,iOS,Firefox,YouTube,5,7,False,False
S0004059,U001859,2025-03-16,Mobile,macOS,Safari,Organic Search,55,4,False,False
S0004060,U001023,2024-03-31,Mobile,Windows,Safari,Direct,53,3,False,False
S0004061,U000910,2024-05-12,Tablet,Android,Chrome,Email,57,2,False,False
S0004062,U001908,2025-10-17,Mobile,Android,Safari,Paid Search,2,12,False,False
S0004063,U000003,2025-02-09,Tablet,Windows,Firefox,Referral,40,1,True,False
S0004064,U000877,2025-04-28,Tablet,Windows,Firefox,YouTube,56,11,False,False
S0004065,U000699,2024-08-30,Mobile,Windows,Firefox,Referral,9,4,False,False
S0004066,U001140,2024-07-12,Desktop,macOS,Firefox,Facebook,37,12,False,False
S0004067,U001771,2024-04-15,Desktop,iOS,Firefox,Direct,13,5,False,False
S0004068,U000669,2024-03-03,Mobile,macOS,Edge,Email,40,6,False,False
S0004069,U000421,2024-10-27,Tablet,Windows,Firefox,Referral,15,1,True,True
S0004070,U000371,2024-06-14,Mobile,Android,Firefox,Direct,7,7,False,False
S0004071,U000099,2025-03-29,Mobile,Windows,Edge,Paid Search,24,4,False,False
S0004072,U000598,2024-04-14,Mobile,Windows,Chrome,Direct,38,5,False,True
S0004073,U001887,2024-04-23,Desktop,Windows,Safari,Facebook,38,6,False,False
S0004074,U001621,2025-10-17,Desktop,macOS,Edge,Referral,7,5,False,False
S0004075,U000909,2024-10-12,Desktop,Android,Safari,Email,3,8,False,True
S0004076,U000538,2025-04-14,Mobile,iOS,Edge,Instagram,49,8,False,False
S0004077,U001433,2024-12-30,Desktop,macOS,Edge,Direct,16,6,False,False
S0004078,U000581,2025-04-10,Tablet,iOS,Safari,YouTube,10,11,False,False
S0004079,U001313,2024-08-07,Desktop,iOS,Chrome,Paid Search,25,1,True,True
S0004080,U001865,2024-05-12,Tablet,Android,Firefox,Paid Search,42,3,False,False
S0004081,U000014,2024-11-12,Tablet,iOS,Firefox,Organic Search,24,2,False,False
S0004082,U000280,2024-03-01,Tablet,macOS,Firefox,YouTube,4,5,False,False
S0004083,U000231,2025-08-28,Tablet,iOS,Firefox,Facebook,1,9,False,False
S0004084,U000854,2025-02-15,Tablet,macOS,Safari,Instagram,39,6,False,False
S0004085,U001924,2024-11-24,Mobile,Android,Edge,Facebook,24,7,False,False
S0004086,U000698,2024-12-13,Tablet,iOS,Edge,Direct,2,1,True,False
S0004087,U000480,2024-04-10,Mobile,Windows,Firefox,Organic Search,40,1,True,False
S0004088,U000139,2025-02-10,Tablet,iOS,Edge,Organic Search,31,7,False,False
S0004089,U000299,2025-06-15,Desktop,Android,Edge,Organic Search,7,3,False,False
S0004090,U001947,2024-09-21,Mobile,Android,Chrome,Direct,38,5,False,False
S0004091,U000308,2024-03-11,Tablet,iOS,Safari,Referral,20,2,False,False
S0004092,U000272,2025-09-09,Desktop,Windows,Edge,Referral,47,9,False,False
S0004093,U000400,2024-04-28,Tablet,macOS,Edge,Instagram,10,4,False,True
S0004094,U001540,2025-09-06,Desktop,Windows,Safari,Referral,32,2,False,False
S0004095,U000463,2024-10-15,Tablet,iOS,Edge,Instagram,17,10,False,False
S0004096,U000789,2024-11-09,Desktop,Android,Firefox,Instagram,59,3,False,False
S0004097,U001905,2025-05-30,Desktop,Windows,Firefox,Facebook,41,12,False,False
S0004098,U001797,2025-07-26,Mobile,iOS,Edge,Referral,7,5,False,False
S0004099,U000438,2024-08-23,Tablet,iOS,Safari,Organic Search,9,5,False,False
S0004100,U001752,2025-02-11,Desktop,iOS,Edge,Instagram,28,5,False,False
S0004101,U001424,2024-05-25,Tablet,macOS,Edge,Email,48,12,False,True
S0004102,U000765,2024-07-10,Desktop,Windows,Chrome,Instagram,50,8,False,False
S0004103,U000795,2024-04-09,Mobile,macOS,Edge,Instagram,23,1,True,False
S0004104,U000206,2024-11-06,Desktop,Windows,Firefox,Direct,34,5,False,False
S0004105,U000572,2024-09-17,Mobile,macOS,Chrome,Facebook,59,10,False,False
S0004106,U001958,2024-10-27,Mobile,iOS,Safari,Email,31,7,False,False
S0004107,U001437,2025-09-21,Mobile,Android,Firefox,Facebook,59,6,False,True
S0004108,U000200,2024-08-16,Desktop,iOS,Safari,Organic Search,2,3,False,False
S0004109,U001598,2024-05-28,Tablet,iOS,Chrome,Email,8,5,False,False
S0004110,U001760,2024-03-21,Mobile,macOS,Edge,Facebook,41,4,False,False
S0004111,U000291,2025-07-05,Mobile,Windows,Firefox,Instagram,3,3,False,False
S0004112,U000371,2024-02-28,Tablet,iOS,Safari,Organic Search,20,10,False,False
S0004113,U001683,2025-04-24,Desktop,Android,Chrome,YouTube,26,6,False,False
S0004114,U000752,2024-12-06,Mobile,iOS,Chrome,YouTube,27,7,False,False
S0004115,U000272,2024-11-21,Desktop,macOS,Safari,Email,25,1,True,False
S0004116,U000094,2024-09-21,Desktop,iOS,Firefox,Facebook,55,12,False,False
S0004117,U001891,2024-07-08,Mobile,Android,Chrome,Email,13,7,False,False
S0004118,U001492,2024-07-28,Mobile,Windows,Chrome,Paid Search,5,12,False,False
S0004119,U001520,2024-05-11,Desktop,macOS,Edge,Organic Search,44,1,True,False
S0004120,U001486,2024-12-23,Tablet,macOS,Chrome,YouTube,57,1,True,False
S0004121,U001023,2024-03-27,Tablet,macOS,Safari,YouTube,36,8,False,False
S0004122,U001564,2025-09-27,Mobile,Android,Chrome,YouTube,33,11,False,False
S0004123,U000523,2025-06-03,Mobile,Android,Chrome,Direct,21,1,True,False
S0004124,U001600,2024-07-21,Tablet,Windows,Chrome,Facebook,32,3,False,False
S0004125,U001071,2024-11-02,Tablet,Android,Firefox,YouTube,4,6,False,False
S0004126,U001569,2024-10-29,Desktop,macOS,Edge,Facebook,40,9,False,False
S0004127,U001878,2024-11-18,Mobile,macOS,Edge,Instagram,16,10,False,False
S0004128,U000016,2024-09-28,Desktop,Android,Firefox,Facebook,47,9,False,True
S0004129,U001588,2025-08-05,Mobile,Windows,Edge,Direct,37,7,False,False
S0004130,U001142,2025-12-12,Mobile,Windows,Edge,YouTube,54,4,False,True
S0004131,U001820,2025-02-18,Desktop,Windows,Chrome,Referral,43,9,False,False
S0004132,U000233,2024-11-26,Tablet,iOS,Firefox,Instagram,15,9,False,False
S0004133,U001220,2024-03-22,Tablet,Windows,Safari,YouTube,4,6,False,True
S0004134,U000895,2024-02-24,Desktop,macOS,Edge,Facebook,60,2,False,False
S0004135,U000273,2024-05-03,Desktop,Windows,Firefox,Paid Search,20,4,False,False
S0004136,U000698,2024-06-30,Mobile,Android,Safari,Facebook,6,1,True,False
S0004137,U001844,2024-03-20,Desktop,macOS,Firefox,Instagram,40,2,False,False
S0004138,U001232,2025-08-15,Mobile,macOS,Firefox,Email,26,5,False,False
S0004139,U001750,2024-12-12,Tablet,Windows,Chrome,Instagram,6,8,False,False
S0004140,U000915,2024-01-13,Desktop,macOS,Firefox,YouTube,50,4,False,False
S0004141,U001404,2025-09-17,Desktop,Android,Firefox,Paid Search,15,4,False,False
S0004142,U001561,2024-11-05,Mobile,Windows,Edge,Facebook,40,1,True,True
S0004143,U000917,2024-09-21,Mobile,Android,Safari,Referral,12,1,True,False
S0004144,U001506,2024-05-30,Desktop,Android,Firefox,Instagram,25,1,True,False
S0004145,U001746,2025-04-23,Desktop,iOS,Chrome,Paid Search,49,8,False,False
S0004146,U000757,2025-03-04,Tablet,iOS,Edge,Paid Search,9,12,False,False
S0004147,U000444,2024-10-19,Desktop,iOS,Edge,Paid Search,31,12,False,False
S0004148,U001615,2024-12-05,Tablet,iOS,Safari,Paid Search,46,10,False,False
S0004149,U001401,2025-02-02,Desktop,Windows,Safari,Facebook,13,7,False,False
S0004150,U001605,2025-01-28,Tablet,Windows,Edge,YouTube,49,10,False,False
S0004151,U000206,2025-10-26,Tablet,Android,Safari,Facebook,56,4,False,False
S0004152,U001137,2025-01-04,Desktop,Windows,Safari,Email,6,5,False,False
S0004153,U001339,2024-02-23,Mobile,macOS,Chrome,Email,56,4,False,False
S0004154,U001176,2024-01-07,Desktop,Android,Firefox,Direct,55,9,False,False
S0004155,U000343,2025-01-21,Desktop,Android,Firefox,Facebook,32,1,True,False
S0004156,U001861,2024-08-30,Desktop,Android,Firefox,YouTube,59,5,False,False
S0004157,U000226,2024-11-10,Desktop,iOS,Chrome,Email,17,8,False,False
S0004158,U000654,2024-09-24,Desktop,Android,Edge,Paid Search,7,2,False,True
S0004159,U000974,2024-06-21,Desktop,iOS,Chrome,Direct,56,11,False,False
S0004160,U000775,2024-12-31,Tablet,macOS,Safari,Organic Search,13,7,False,False
S0004161,U000714,2025-09-16,Mobile,Android,Edge,Email,33,11,False,False
S0004162,U000544,2024-06-07,Tablet,iOS,Edge,Direct,24,2,False,True
S0004163,U000773,2024-01-07,Tablet,iOS,Firefox,Referral,21,12,False,False
S0004164,U001060,2024-08-16,Desktop,Windows,Chrome,Paid Search,2,4,False,True
S0004165,U001128,2025-08-31,Mobile,iOS,Safari,Organic Search,49,11,False,False
S0004166,U001982,2024-02-23,Tablet,Windows,Firefox,Paid Search,55,8,False,False
S0004167,U000324,2024-03-23,Desktop,iOS,Safari,Facebook,18,3,False,False
S0004168,U001727,2024-05-25,Desktop,Windows,Safari,Email,46,6,False,False
S0004169,U001558,2024-01-22,Mobile,macOS,Firefox,Facebook,49,11,False,False
S0004170,U001363,2024-10-29,Desktop,macOS,Chrome,Instagram,54,9,False,False
S0004171,U000762,2024-10-04,Desktop,iOS,Firefox,Paid Search,48,10,False,True
S0004172,U000054,2025-11-23,Tablet,macOS,Firefox,Direct,51,8,False,False
S0004173,U000334,2025-06-04,Mobile,macOS,Chrome,Facebook,5,4,False,False
S0004174,U000673,2024-04-11,Mobile,Android,Firefox,Instagram,31,3,False,False
S0004175,U001490,2025-09-22,Tablet,iOS,Chrome,YouTube,13,2,False,False
S0004176,U001481,2025-12-28,Mobile,Windows,Firefox,Facebook,19,5,False,False
S0004177,U001461,2024-05-09,Desktop,Android,Chrome,Facebook,55,1,True,True
S0004178,U000004,2024-01-24,Desktop,macOS,Chrome,Organic Search,50,3,False,True
S0004179,U001422,2025-10-31,Tablet,macOS,Firefox,Paid Search,56,11,False,False
S0004180,U001004,2025-09-27,Desktop,Windows,Safari,Paid Search,15,2,False,False
S0004181,U000556,2024-05-23,Tablet,Windows,Safari,Referral,22,8,False,False
S0004182,U000407,2025-02-10,Desktop,macOS,Chrome,YouTube,5,7,False,False
S0004183,U000554,2024-06-21,Tablet,iOS,Chrome,YouTube,28,8,False,False
S0004184,U001366,2025-06-26,Tablet,iOS,Edge,Instagram,36,3,False,True
S0004185,U000157,2025-11-17,Mobile,Windows,Firefox,Facebook,30,10,False,False
S0004186,U001985,2025-06-23,Desktop,Windows,Safari,Instagram,60,12,False,True
S0004187,U000178,2024-12-25,Tablet,Windows,Chrome,YouTube,6,2,False,False
S0004188,U000207,2025-10-26,Tablet,macOS,Edge,Facebook,44,8,False,False
S0004189,U001676,2024-01-11,Desktop,Windows,Firefox,YouTube,33,1,True,False
S0004190,U000612,2024-05-08,Desktop,Windows,Safari,Instagram,56,7,False,False
S0004191,U000437,2025-08-06,Mobile,Android,Firefox,Direct,19,1,True,False
S0004192,U000477,2025-11-21,Tablet,macOS,Firefox,Referral,44,7,False,False
S0004193,U001258,2024-08-27,Tablet,iOS,Safari,Organic Search,7,4,False,False
S0004194,U000947,2024-06-03,Desktop,iOS,Chrome,Direct,3,2,False,False
S0004195,U000081,2024-07-29,Tablet,Windows,Edge,Email,11,12,False,False
S0004196,U001959,2024-09-05,Tablet,Android,Chrome,Email,34,8,False,False
S0004197,U000554,2025-08-03,Tablet,macOS,Safari,Organic Search,35,2,False,False
S0004198,U000573,2024-07-17,Tablet,Android,Safari,Direct,18,1,True,False
S0004199,U000949,2024-06-04,Mobile,iOS,Firefox,Email,58,10,False,False
S0004200,U000476,2024-12-16,Mobile,iOS,Edge,Direct,29,7,False,False
S0004201,U000949,2025-05-30,Mobile,Windows,Safari,YouTube,46,8,False,False
S0004202,U001339,2024-12-10,Tablet,Windows,Firefox,Referral,30,6,False,False
S0004203,U000753,2025-01-04,Desktop,Android,Safari,Facebook,14,1,True,False
S0004204,U000321,2025-10-14,Tablet,Android,Chrome,YouTube,24,12,False,False
S0004205,U000074,2025-05-02,Tablet,Windows,Safari,Organic Search,36,3,False,False
S0004206,U001926,2024-12-17,Desktop,Android,Firefox,Direct,18,10,False,False
S0004207,U000852,2024-10-17,Mobile,Windows,Safari,Email,29,12,False,False
S0004208,U000577,2024-12-23,Mobile,Windows,Firefox,Referral,29,12,False,False
S0004209,U000290,2024-04-16,Tablet,Android,Edge,Referral,10,1,True,False
S0004210,U000871,2024-07-19,Tablet,macOS,Safari,Organic Search,37,8,False,True
S0004211,U000476,2025-10-30,Mobile,iOS,Edge,Facebook,56,2,False,False
S0004212,U001035,2024-01-18,Mobile,Android,Edge,Paid Search,19,4,False,True
S0004213,U001032,2024-01-11,Desktop,iOS,Chrome,Organic Search,2,4,False,False
S0004214,U001902,2024-06-24,Desktop,iOS,Edge,Referral,38,3,False,False
S0004215,U001391,2024-05-01,Mobile,Windows,Chrome,Email,2,10,False,False
S0004216,U000663,2025-06-16,Desktop,Windows,Firefox,Email,50,5,False,False
S0004217,U000721,2024-04-12,Tablet,iOS,Firefox,Organic Search,57,1,True,False
S0004218,U001935,2025-11-24,Desktop,iOS,Safari,Instagram,51,9,False,False
S0004219,U001090,2024-08-30,Desktop,iOS,Firefox,YouTube,36,2,False,False
S0004220,U001214,2025-11-17,Mobile,Android,Edge,Direct,42,8,False,False
S0004221,U001466,2025-12-22,Desktop,Android,Firefox,Organic Search,51,9,False,False
S0004222,U001959,2024-05-18,Desktop,Windows,Safari,Facebook,20,7,False,False
S0004223,U001592,2024-04-22,Tablet,iOS,Chrome,YouTube,9,7,False,False
S0004224,U000155,2025-10-09,Desktop,iOS,Chrome,Paid Search,28,2,False,False
S0004225,U000010,2024-01-12,Mobile,Android,Firefox,Paid Search,5,7,False,False
S0004226,U000264,2025-07-23,Tablet,macOS,Chrome,Referral,54,9,False,False
S0004227,U001358,2025-08-11,Mobile,macOS,Edge,YouTube,26,3,False,False
S0004228,U001288,2024-09-15,Tablet,iOS,Safari,Direct,47,3,False,True
S0004229,U000371,2024-05-07,Desktop,Android,Chrome,Facebook,47,1,True,False
S0004230,U000888,2024-07-06,Mobile,iOS,Firefox,Email,5,1,True,False
S0004231,U001305,2025-12-27,Desktop,Windows,Firefox,YouTube,12,10,False,False
S0004232,U001589,2024-09-30,Desktop,Android,Safari,Paid Search,55,9,False,False
S0004233,U001017,2024-03-26,Desktop,macOS,Edge,Referral,46,8,False,False
S0004234,U001049,2025-03-20,Tablet,macOS,Chrome,YouTube,44,4,False,True
S0004235,U000426,2025-12-28,Desktop,Android,Chrome,Email,59,1,True,False
S0004236,U000520,2025-12-16,Tablet,iOS,Safari,Paid Search,29,5,False,False
S0004237,U000883,2025-12-25,Desktop,macOS,Edge,Facebook,37,10,False,True
S0004238,U000695,2024-07-19,Mobile,iOS,Edge,Paid Search,45,3,False,False
S0004239,U000047,2024-10-24,Tablet,Windows,Edge,YouTube,7,5,False,True
S0004240,U000874,2024-01-18,Tablet,Android,Chrome,Referral,43,7,False,False
S0004241,U001932,2024-08-06,Mobile,iOS,Edge,Referral,4,4,False,False
S0004242,U001192,2024-05-26,Desktop,Android,Firefox,Referral,8,12,False,False
S0004243,U001708,2025-06-23,Desktop,Android,Edge,Direct,4,7,False,False
S0004244,U001464,2025-05-15,Mobile,macOS,Firefox,Organic Search,21,12,False,False
S0004245,U000714,2024-04-22,Tablet,iOS,Edge,Facebook,51,1,True,False
S0004246,U001185,2024-02-19,Desktop,iOS,Safari,Facebook,8,5,False,False
S0004247,U001338,2024-10-30,Desktop,Windows,Chrome,Paid Search,27,7,False,False
S0004248,U001091,2025-05-30,Desktop,Android,Edge,Instagram,9,12,False,False
S0004249,U000064,2024-08-13,Tablet,macOS,Firefox,Referral,60,8,False,False
S0004250,U000338,2024-06-30,Desktop,iOS,Safari,YouTube,21,7,False,False
S0004251,U001724,2024-09-14,Desktop,iOS,Chrome,Email,32,7,False,False
S0004252,U000953,2024-03-30,Desktop,iOS,Chrome,Email,20,12,False,False
S0004253,U000505,2024-01-13,Mobile,Windows,Safari,Facebook,11,5,False,False
S0004254,U001925,2024-08-16,Mobile,iOS,Firefox,Direct,48,6,False,False
S0004255,U001000,2025-12-18,Mobile,Windows,Firefox,Email,8,5,False,False
S0004256,U000020,2024-09-06,Mobile,iOS,Chrome,Email,21,10,False,True
S0004257,U000422,2025-06-01,Desktop,macOS,Chrome,Instagram,28,6,False,True
S0004258,U001697,2024-07-31,Mobile,macOS,Safari,Instagram,39,11,False,True
S0004259,U000965,2024-09-21,Mobile,Windows,Firefox,Referral,14,10,False,False
S0004260,U001472,2025-12-30,Mobile,Windows,Chrome,Referral,35,4,False,False
S0004261,U001582,2024-01-08,Tablet,iOS,Chrome,Email,23,1,True,False
S0004262,U001808,2024-04-07,Desktop,Windows,Edge,YouTube,21,5,False,False
S0004263,U000035,2024-03-08,Tablet,iOS,Edge,Direct,18,1,True,False
S0004264,U000417,2025-12-14,Tablet,iOS,Firefox,Organic Search,45,1,True,False
S0004265,U001162,2024-12-21,Tablet,Windows,Firefox,Instagram,13,2,False,False
S0004266,U000406,2025-09-10,Tablet,iOS,Edge,Facebook,59,10,False,False
S0004267,U000597,2024-08-07,Mobile,macOS,Safari,Instagram,5,10,False,False
S0004268,U000868,2024-10-11,Mobile,Windows,Chrome,Paid Search,21,4,False,False
S0004269,U000223,2025-12-02,Mobile,Android,Chrome,Email,42,8,False,False
S0004270,U001190,2025-05-13,Tablet,Android,Safari,Paid Search,10,12,False,False
S0004271,U000271,2025-04-28,Tablet,Windows,Safari,Direct,57,5,False,False
S0004272,U001181,2024-07-11,Desktop,Windows,Firefox,Paid Search,53,2,False,False
S0004273,U001257,2025-07-14,Desktop,macOS,Safari,Direct,56,2,False,True
S0004274,U000150,2025-08-18,Mobile,macOS,Chrome,Direct,25,2,False,False
S0004275,U001468,2025-11-03,Desktop,iOS,Chrome,Email,8,6,False,False
S0004276,U000570,2024-08-09,Tablet,macOS,Safari,Email,24,6,False,False
S0004277,U000369,2025-04-05,Mobile,Windows,Edge,Paid Search,6,4,False,False
S0004278,U001671,2024-01-20,Desktop,macOS,Safari,YouTube,47,3,False,False
S0004279,U001488,2024-03-23,Mobile,macOS,Edge,Paid Search,9,10,False,False
S0004280,U001479,2024-06-02,Desktop,Windows,Safari,Organic Search,22,4,False,False
S0004281,U001141,2025-07-14,Mobile,Android,Chrome,Instagram,5,5,False,False
S0004282,U001614,2025-02-25,Tablet,iOS,Firefox,Referral,46,9,False,False
S0004283,U000032,2025-09-02,Desktop,Windows,Chrome,Referral,24,4,False,False
S0004284,U000123,2025-04-17,Mobile,Android,Firefox,Email,19,9,False,False
S0004285,U000524,2024-04-04,Desktop,iOS,Chrome,Referral,14,12,False,False
S0004286,U000346,2025-09-05,Tablet,Windows,Safari,Instagram,23,2,False,False
S0004287,U001961,2024-05-10,Desktop,iOS,Firefox,Email,25,6,False,False
S0004288,U000617,2024-11-14,Desktop,Windows,Edge,Email,33,7,False,False
S0004289,U000113,2024-07-22,Tablet,macOS,Chrome,Instagram,58,11,False,False
S0004290,U000919,2024-09-27,Mobile,Windows,Safari,Direct,1,8,False,False
S0004291,U001461,2024-05-27,Tablet,iOS,Safari,Email,37,5,False,False
S0004292,U000280,2024-06-26,Mobile,Windows,Edge,YouTube,25,7,False,False
S0004293,U000558,2024-12-29,Desktop,Android,Edge,Referral,48,3,False,False
S0004294,U001001,2025-01-31,Mobile,Windows,Edge,Paid Search,22,5,False,False
S0004295,U001970,2025-12-08,Desktop,Android,Edge,Facebook,19,4,False,False
S0004296,U000459,2025-05-10,Tablet,Android,Chrome,Instagram,11,8,False,False
S0004297,U001971,2024-03-27,Tablet,macOS,Chrome,Facebook,57,7,False,False
S0004298,U001150,2024-07-03,Desktop,iOS,Firefox,Referral,4,3,False,False
S0004299,U000158,2024-12-25,Tablet,Windows,Edge,Email,30,1,True,False
S0004300,U000326,2024-10-15,Mobile,Android,Firefox,Facebook,22,8,False,False
S0004301,U000039,2024-07-01,Desktop,Windows,Safari,Facebook,60,3,False,False
S0004302,U001383,2025-10-30,Mobile,macOS,Chrome,YouTube,14,10,False,False
S0004303,U000526,2025-12-16,Mobile,Android,Edge,Paid Search,45,3,False,False
S0004304,U001345,2024-07-26,Desktop,macOS,Firefox,Instagram,39,3,False,False
S0004305,U001036,2024-03-03,Desktop,Windows,Edge,Paid Search,51,5,False,False
S0004306,U001436,2024-06-08,Tablet,macOS,Safari,Instagram,42,11,False,False
S0004307,U000235,2024-04-28,Tablet,iOS,Chrome,Direct,38,3,False,False
S0004308,U001628,2025-12-15,Desktop,iOS,Edge,Referral,39,11,False,False
S0004309,U000565,2025-12-16,Tablet,iOS,Chrome,Paid Search,32,2,False,False
S0004310,U000425,2024-09-02,Mobile,Android,Safari,Facebook,40,12,False,False
S0004311,U000501,2024-08-23,Mobile,Windows,Chrome,Facebook,20,11,False,False
S0004312,U001537,2024-09-09,Mobile,iOS,Safari,Organic Search,56,5,False,True
S0004313,U000047,2024-09-10,Mobile,macOS,Chrome,Referral,36,3,False,False
S0004314,U001069,2025-11-02,Tablet,Android,Firefox,Facebook,42,3,False,False
S0004315,U001923,2025-04-11,Desktop,Windows,Chrome,Facebook,59,12,False,False
S0004316,U001854,2024-03-08,Mobile,Android,Firefox,Paid Search,24,6,False,False
S0004317,U000940,2025-10-20,Tablet,macOS,Firefox,Facebook,11,2,False,False
S0004318,U001231,2025-04-25,Desktop,Android,Safari,Instagram,52,8,False,False
S0004319,U001955,2024-09-26,Desktop,Windows,Firefox,Referral,8,9,False,False
S0004320,U001926,2025-01-02,Desktop,Windows,Edge,Instagram,3,12,False,False
S0004321,U000138,2025-08-07,Mobile,Windows,Edge,Organic Search,2,7,False,False
S0004322,U000496,2025-04-11,Desktop,Windows,Edge,Referral,60,4,False,False
S0004323,U001974,2024-11-28,Tablet,macOS,Edge,Facebook,40,11,False,False
S0004324,U000737,2024-07-21,Desktop,iOS,Safari,Direct,24,3,False,False
S0004325,U001045,2025-04-12,Tablet,iOS,Firefox,Direct,15,6,False,False
S0004326,U000535,2025-10-23,Tablet,macOS,Safari,Organic Search,55,3,False,False
S0004327,U000764,2025-03-09,Tablet,iOS,Firefox,Instagram,12,6,False,False
S0004328,U001131,2024-05-11,Mobile,Android,Chrome,Instagram,59,6,False,False
S0004329,U000997,2024-01-08,Tablet,macOS,Edge,Paid Search,19,12,False,False
S0004330,U000401,2024-11-27,Tablet,macOS,Safari,Email,12,10,False,False
S0004331,U001574,2025-12-25,Tablet,Android,Safari,Organic Search,16,11,False,False
S0004332,U001123,2024-12-29,Mobile,Android,Edge,Organic Search,55,11,False,False
S0004333,U001115,2024-05-26,Mobile,iOS,Firefox,Referral,1,11,False,True
S0004334,U001794,2024-03-30,Tablet,iOS,Chrome,YouTube,51,7,False,False
S0004335,U001163,2024-11-03,Desktop,macOS,Safari,Facebook,55,7,False,False
S0004336,U001478,2024-11-22,Mobile,macOS,Firefox,Referral,51,9,False,False
S0004337,U000389,2024-09-19,Mobile,macOS,Safari,Email,4,4,False,False
S0004338,U000154,2024-06-21,Tablet,Windows,Edge,YouTube,55,9,False,False
S0004339,U001168,2024-10-02,Mobile,macOS,Firefox,Facebook,41,9,False,False
S0004340,U001266,2024-03-12,Mobile,macOS,Firefox,Instagram,59,1,True,False
S0004341,U000694,2025-11-02,Tablet,macOS,Safari,Paid Search,12,3,False,False
S0004342,U001849,2025-08-08,Desktop,Windows,Chrome,Email,29,3,False,False
S0004343,U001185,2025-12-21,Desktop,Android,Safari,Organic Search,57,5,False,True
S0004344,U001269,2025-02-19,Desktop,Windows,Firefox,Referral,54,4,False,False
S0004345,U000524,2025-12-21,Mobile,macOS,Chrome,YouTube,17,6,False,True
S0004346,U000032,2024-10-25,Mobile,macOS,Chrome,Direct,18,11,False,False
S0004347,U001863,2024-04-06,Desktop,macOS,Chrome,Paid Search,44,6,False,False
S0004348,U000699,2025-07-06,Mobile,iOS,Chrome,Direct,21,6,False,False
S0004349,U001064,2024-12-01,Tablet,Android,Chrome,Paid Search,29,9,False,False
S0004350,U000936,2024-06-05,Mobile,Windows,Edge,Instagram,24,9,False,True
S0004351,U000915,2024-01-19,Desktop,iOS,Chrome,Instagram,13,2,False,True
S0004352,U000332,2024-09-13,Mobile,iOS,Firefox,Organic Search,52,3,False,False
S0004353,U001299,2024-06-05,Mobile,macOS,Chrome,Email,54,9,False,False
S0004354,U001687,2024-11-02,Desktop,Windows,Chrome,YouTube,32,7,False,False
S0004355,U000995,2024-06-18,Desktop,Windows,Safari,Facebook,49,1,True,False
S0004356,U001193,2025-07-03,Tablet,Android,Edge,Facebook,2,6,False,True
S0004357,U001535,2025-07-25,Tablet,iOS,Firefox,Organic Search,2,12,False,False
S0004358,U001492,2024-01-07,Mobile,Android,Firefox,Email,30,10,False,True
S0004359,U000575,2025-09-10,Mobile,iOS,Safari,Paid Search,7,8,False,False
S0004360,U001740,2024-06-14,Mobile,iOS,Chrome,Paid Search,23,11,False,False
S0004361,U000229,2025-10-02,Tablet,Windows,Edge,YouTube,16,5,False,True
S0004362,U000475,2025-06-23,Desktop,iOS,Edge,Instagram,47,9,False,False
S0004363,U001247,2024-11-12,Tablet,Android,Safari,Instagram,41,3,False,False
S0004364,U000083,2025-09-28,Desktop,iOS,Firefox,YouTube,27,1,True,False
S0004365,U001059,2025-12-07,Desktop,Windows,Edge,Paid Search,33,11,False,False
S0004366,U000186,2025-06-24,Tablet,macOS,Firefox,Paid Search,40,6,False,False
S0004367,U000246,2025-09-10,Tablet,iOS,Firefox,Facebook,12,11,False,False
S0004368,U000539,2025-08-19,Tablet,iOS,Firefox,Referral,40,4,False,True
S0004369,U000318,2025-08-06,Tablet,Windows,Edge,Email,55,9,False,False
S0004370,U000264,2025-09-19,Desktop,Windows,Firefox,YouTube,4,8,False,False
S0004371,U000919,2025-04-22,Mobile,Android,Safari,Organic Search,53,6,False,False
S0004372,U000114,2024-03-17,Tablet,Android,Safari,YouTube,54,2,False,False
S0004373,U000686,2025-08-29,Mobile,Windows,Chrome,Email,54,10,False,False
S0004374,U000529,2024-11-09,Mobile,Windows,Firefox,Referral,31,9,False,True
S0004375,U000048,2025-09-14,Desktop,iOS,Firefox,Facebook,1,9,False,False
S0004376,U001735,2025-02-16,Tablet,Android,Firefox,YouTube,21,4,False,False
S0004377,U000045,2025-03-07,Tablet,Windows,Firefox,Paid Search,31,3,False,True
S0004378,U001416,2025-09-09,Desktop,iOS,Edge,YouTube,57,2,False,True
S0004379,U000342,2024-10-25,Mobile,Windows,Safari,Instagram,23,9,False,False
S0004380,U001666,2025-01-25,Desktop,Android,Chrome,Organic Search,23,2,False,False
S0004381,U001696,2025-10-09,Tablet,macOS,Safari,Facebook,1,9,False,False
S0004382,U000894,2025-11-01,Desktop,macOS,Edge,Direct,48,2,False,False
S0004383,U001030,2024-02-29,Desktop,Android,Chrome,Facebook,12,9,False,False
S0004384,U001242,2024-03-08,Tablet,Windows,Chrome,Referral,37,4,False,False
S0004385,U000844,2024-12-23,Tablet,Windows,Chrome,Email,13,3,False,False
S0004386,U001129,2024-05-31,Mobile,Windows,Chrome,Direct,29,8,False,False
S0004387,U001862,2024-01-12,Mobile,macOS,Firefox,Email,53,6,False,False
S0004388,U000244,2024-03-05,Desktop,Windows,Firefox,Paid Search,14,6,False,False
S0004389,U000426,2025-08-14,Mobile,Windows,Safari,Facebook,41,5,False,False
S0004390,U000082,2025-05-19,Desktop,Android,Edge,Referral,60,7,False,False
S0004391,U001843,2024-11-08,Tablet,Windows,Chrome,Direct,50,10,False,False
S0004392,U001607,2024-03-23,Desktop,macOS,Chrome,Instagram,7,12,False,False
S0004393,U001565,2024-06-07,Desktop,macOS,Chrome,Facebook,43,10,False,False
S0004394,U000803,2025-08-24,Desktop,macOS,Safari,YouTube,10,6,False,False
S0004395,U001702,2025-06-16,Desktop,iOS,Safari,YouTube,31,12,False,False
S0004396,U001801,2024-05-24,Mobile,macOS,Edge,Referral,2,8,False,False
S0004397,U000283,2024-09-19,Mobile,iOS,Safari,Paid Search,54,3,False,False
S0004398,U000346,2025-10-16,Tablet,macOS,Edge,YouTube,10,2,False,False
S0004399,U001677,2024-09-15,Tablet,Android,Safari,Email,44,7,False,False
S0004400,U000827,2025-08-08,Mobile,iOS,Edge,YouTube,17,3,False,False
S0004401,U000736,2025-04-28,Desktop,iOS,Safari,Organic Search,35,6,False,False
S0004402,U000708,2024-12-23,Tablet,macOS,Firefox,Email,41,11,False,False
S0004403,U001720,2024-06-01,Tablet,Android,Edge,Organic Search,10,2,False,False
S0004404,U000631,2024-07-27,Mobile,macOS,Firefox,Email,59,5,False,False
S0004405,U001775,2025-10-23,Desktop,macOS,Firefox,Instagram,20,12,False,False
S0004406,U001304,2024-08-03,Desktop,Android,Firefox,Organic Search,48,1,True,False
S0004407,U000299,2024-06-09,Tablet,iOS,Chrome,YouTube,55,5,False,False
S0004408,U001886,2025-09-24,Tablet,macOS,Firefox,Paid Search,60,4,False,True
S0004409,U001926,2024-05-29,Mobile,Android,Safari,Organic Search,32,1,True,True
S0004410,U001172,2025-11-09,Mobile,Windows,Edge,Organic Search,17,8,False,False
S0004411,U000218,2025-09-05,Desktop,Windows,Firefox,YouTube,28,11,False,False
S0004412,U000561,2024-05-21,Tablet,Windows,Safari,Organic Search,38,1,True,False
S0004413,U001412,2024-02-17,Desktop,Android,Firefox,Direct,33,9,False,False
S0004414,U000099,2025-04-09,Mobile,macOS,Safari,Direct,4,8,False,False
S0004415,U000163,2024-07-04,Desktop,macOS,Safari,Email,10,7,False,False
S0004416,U001976,2024-02-13,Tablet,macOS,Chrome,Paid Search,18,10,False,False
S0004417,U000296,2024-08-20,Mobile,iOS,Firefox,Facebook,48,6,False,False
S0004418,U000990,2024-10-17,Tablet,macOS,Firefox,Paid Search,37,2,False,False
S0004419,U000047,2024-12-24,Tablet,Android,Chrome,Direct,28,8,False,False
S0004420,U000775,2025-07-25,Desktop,Android,Safari,Paid Search,29,2,False,False
S0004421,U001757,2025-07-10,Desktop,Windows,Safari,Email,31,2,False,False
S0004422,U001401,2024-05-08,Desktop,Android,Chrome,Paid Search,55,12,False,False
S0004423,U001813,2025-07-18,Tablet,iOS,Firefox,Referral,50,7,False,False
S0004424,U001255,2024-06-18,Tablet,iOS,Chrome,YouTube,6,4,False,False
S0004425,U001669,2024-03-04,Mobile,Android,Chrome,Organic Search,14,5,False,False
S0004426,U000563,2024-09-08,Mobile,macOS,Edge,Instagram,20,11,False,False
S0004427,U000030,2024-07-19,Tablet,iOS,Edge,Email,42,7,False,False
S0004428,U000330,2025-05-19,Mobile,macOS,Safari,Direct,1,6,False,False
S0004429,U001375,2025-04-07,Desktop,macOS,Chrome,Organic Search,59,5,False,True
S0004430,U000886,2025-05-06,Tablet,Windows,Firefox,Paid Search,54,2,False,True
S0004431,U001582,2025-03-27,Tablet,Android,Edge,YouTube,51,7,False,True
S0004432,U001046,2025-11-16,Desktop,Windows,Firefox,Instagram,21,4,False,False
S0004433,U000995,2024-05-12,Mobile,macOS,Firefox,Organic Search,2,11,False,True
S0004434,U000269,2024-06-11,Tablet,Android,Safari,Paid Search,15,8,False,False
S0004435,U000623,2024-09-22,Mobile,macOS,Chrome,Paid Search,12,6,False,True
S0004436,U000452,2024-01-26,Tablet,Android,Chrome,Direct,9,5,False,True
S0004437,U001143,2025-12-19,Tablet,Android,Edge,Referral,6,11,False,False
S0004438,U001103,2024-01-28,Desktop,Windows,Edge,Direct,14,1,True,True
S0004439,U000223,2024-06-20,Tablet,iOS,Safari,Email,53,9,False,False
S0004440,U001236,2025-05-28,Desktop,macOS,Firefox,Paid Search,30,12,False,False
S0004441,U001870,2025-06-16,Desktop,iOS,Edge,Organic Search,2,9,False,False
S0004442,U000381,2025-12-29,Desktop,iOS,Chrome,Email,31,3,False,False
S0004443,U001111,2025-01-04,Desktop,Windows,Edge,Email,32,7,False,False
S0004444,U000732,2025-04-28,Desktop,iOS,Firefox,Direct,2,10,False,False
S0004445,U000831,2024-11-05,Desktop,iOS,Firefox,Direct,46,3,False,False
S0004446,U000625,2024-01-24,Mobile,iOS,Chrome,Email,11,9,False,False
S0004447,U000495,2025-08-10,Mobile,iOS,Firefox,YouTube,49,7,False,False
S0004448,U000163,2024-03-04,Tablet,Android,Edge,Organic Search,55,2,False,False
S0004449,U001931,2024-12-13,Tablet,Android,Chrome,Paid Search,23,7,False,True
S0004450,U000377,2024-12-14,Mobile,macOS,Edge,Email,8,11,False,False
S0004451,U001188,2024-05-05,Tablet,Windows,Edge,Paid Search,45,7,False,False
S0004452,U001992,2025-10-03,Tablet,Android,Edge,Paid Search,14,12,False,False
S0004453,U000466,2025-04-24,Tablet,Windows,Edge,Organic Search,53,2,False,True
S0004454,U001768,2024-07-16,Mobile,Android,Edge,Organic Search,33,8,False,False
S0004455,U001406,2025-05-01,Mobile,Windows,Safari,Organic Search,39,11,False,False
S0004456,U001206,2024-09-13,Tablet,Android,Safari,Paid Search,11,1,True,False
S0004457,U000140,2025-03-18,Mobile,iOS,Safari,Direct,35,2,False,False
S0004458,U000209,2025-09-07,Desktop,Windows,Firefox,Referral,35,4,False,False
S0004459,U001398,2025-07-28,Tablet,macOS,Chrome,Referral,32,11,False,False
S0004460,U000962,2024-11-13,Mobile,Android,Firefox,Facebook,27,9,False,False
S0004461,U001557,2024-05-23,Mobile,iOS,Safari,Facebook,27,5,False,False
S0004462,U001341,2025-04-28,Tablet,Android,Safari,Organic Search,33,5,False,True
S0004463,U001678,2025-02-01,Desktop,iOS,Firefox,Direct,57,3,False,False
S0004464,U001084,2025-03-21,Tablet,iOS,Chrome,Paid Search,51,3,False,False
S0004465,U000374,2025-07-09,Tablet,Android,Safari,Email,20,8,False,False
S0004466,U000953,2024-10-29,Mobile,iOS,Safari,Instagram,42,11,False,False
S0004467,U001711,2025-12-05,Tablet,Windows,Firefox,Organic Search,49,9,False,False
S0004468,U000486,2025-01-28,Tablet,iOS,Firefox,Facebook,50,4,False,False
S0004469,U000709,2025-02-14,Tablet,Android,Edge,YouTube,21,4,False,False
S0004470,U001711,2024-07-17,Tablet,macOS,Chrome,Paid Search,13,4,False,False
S0004471,U001182,2024-03-14,Tablet,macOS,Safari,Paid Search,5,8,False,False
S0004472,U000548,2024-01-28,Desktop,macOS,Firefox,Facebook,46,5,False,False
S0004473,U000629,2024-01-15,Tablet,iOS,Safari,Paid Search,60,10,False,True
S0004474,U000139,2025-08-15,Mobile,Windows,Firefox,Organic Search,4,8,False,True
S0004475,U000015,2025-10-06,Tablet,iOS,Safari,Organic Search,12,3,False,False
S0004476,U000312,2025-05-12,Desktop,Android,Edge,Instagram,25,6,False,False
S0004477,U000181,2025-06-19,Desktop,Android,Safari,Organic Search,2,10,False,False
S0004478,U000106,2024-11-30,Tablet,iOS,Safari,Paid Search,52,12,False,False
S0004479,U001056,2025-03-13,Desktop,macOS,Firefox,Referral,35,2,False,False
S0004480,U000342,2025-01-27,Desktop,Android,Safari,Organic Search,26,9,False,False
S0004481,U001823,2024-07-22,Tablet,macOS,Edge,Organic Search,41,1,True,False
S0004482,U001388,2024-08-01,Tablet,Windows,Safari,Referral,15,7,False,False
S0004483,U000346,2024-02-14,Desktop,Android,Edge,Facebook,18,7,False,False
S0004484,U001587,2024-11-07,Tablet,macOS,Chrome,Instagram,60,1,True,False
S0004485,U000185,2025-07-14,Mobile,Android,Edge,Email,22,6,False,False
S0004486,U001402,2024-06-28,Mobile,Windows,Safari,Direct,53,5,False,False
S0004487,U000014,2025-05-17,Tablet,macOS,Edge,Paid Search,44,8,False,False
S0004488,U000435,2025-08-19,Tablet,iOS,Chrome,Direct,33,9,False,False
S0004489,U001647,2025-10-29,Mobile,Windows,Firefox,Instagram,26,2,False,False
S0004490,U000011,2025-03-29,Mobile,Android,Chrome,Organic Search,56,3,False,False
S0004491,U000390,2025-02-15,Tablet,iOS,Safari,Referral,29,12,False,False
S0004492,U000315,2024-05-03,Desktop,Android,Chrome,Instagram,33,12,False,False
S0004493,U000093,2024-04-07,Tablet,Windows,Chrome,YouTube,54,5,False,False
S0004494,U001191,2024-08-28,Mobile,macOS,Edge,Facebook,26,9,False,False
S0004495,U000453,2025-12-10,Tablet,Windows,Firefox,Referral,3,2,False,False
S0004496,U000035,2025-10-05,Desktop,Windows,Chrome,Direct,52,12,False,False
S0004497,U000651,2024-01-01,Tablet,Windows,Edge,Paid Search,30,2,False,False
S0004498,U001713,2025-06-04,Tablet,Android,Safari,YouTube,38,5,False,False
S0004499,U001017,2024-06-06,Tablet,iOS,Safari,Email,45,4,False,False
S0004500,U000634,2025-01-18,Tablet,macOS,Edge,Instagram,24,8,False,False
S0004501,U000488,2025-01-11,Desktop,iOS,Firefox,Referral,18,8,False,False
S0004502,U000885,2025-04-20,Desktop,Android,Safari,Facebook,8,5,False,False
S0004503,U000813,2025-12-18,Mobile,Windows,Chrome,Referral,44,12,False,False
S0004504,U001626,2025-11-30,Desktop,macOS,Chrome,Direct,5,3,False,False
S0004505,U000098,2025-02-09,Desktop,Android,Edge,Referral,47,2,False,False
S0004506,U000096,2025-06-17,Desktop,macOS,Chrome,Facebook,16,10,False,False
S0004507,U000594,2024-06-30,Tablet,iOS,Safari,Paid Search,44,2,False,False
S0004508,U001320,2025-08-03,Mobile,Android,Firefox,Organic Search,14,7,False,False
S0004509,U000083,2025-12-19,Tablet,macOS,Safari,Instagram,26,4,False,False
S0004510,U001911,2024-06-16,Tablet,iOS,Chrome,Organic Search,49,6,False,False
S0004511,U000758,2025-01-21,Mobile,macOS,Firefox,Referral,19,3,False,True
S0004512,U001537,2024-08-11,Tablet,macOS,Safari,YouTube,27,12,False,True
S0004513,U000882,2024-08-12,Tablet,Android,Safari,Email,44,8,False,False
S0004514,U001265,2024-03-06,Tablet,macOS,Chrome,Referral,25,11,False,False
S0004515,U001769,2025-10-04,Tablet,Android,Chrome,Referral,48,11,False,False
S0004516,U000959,2025-01-24,Mobile,Android,Chrome,Organic Search,43,12,False,False
S0004517,U000553,2025-12-10,Mobile,iOS,Chrome,Email,7,4,False,False
S0004518,U000264,2025-09-29,Tablet,Android,Safari,Facebook,6,10,False,False
S0004519,U000093,2025-06-16,Desktop,iOS,Safari,Email,50,7,False,False
S0004520,U001420,2024-10-02,Mobile,iOS,Chrome,Instagram,47,12,False,False
S0004521,U000819,2025-02-03,Tablet,iOS,Chrome,Instagram,20,11,False,False
S0004522,U000878,2025-12-16,Desktop,Android,Chrome,Organic Search,37,6,False,False
S0004523,U000360,2024-08-22,Tablet,Android,Edge,Facebook,9,9,False,False
S0004524,U001104,2025-01-24,Mobile,iOS,Edge,Facebook,52,4,False,False
S0004525,U000238,2025-04-11,Tablet,Windows,Chrome,Email,13,11,False,False
S0004526,U000937,2024-12-31,Mobile,iOS,Edge,Facebook,59,12,False,False
S0004527,U001204,2025-03-03,Tablet,macOS,Safari,Instagram,53,1,True,False
S0004528,U000357,2025-04-03,Desktop,Android,Safari,Instagram,32,4,False,False
S0004529,U001639,2025-01-03,Mobile,Windows,Safari,Direct,54,2,False,False
S0004530,U000587,2024-05-14,Tablet,Windows,Firefox,YouTube,6,6,False,False
S0004531,U000822,2024-02-07,Mobile,iOS,Safari,Organic Search,1,3,False,False
S0004532,U001005,2025-05-31,Tablet,Windows,Edge,Email,15,3,False,False
S0004533,U001800,2024-08-06,Mobile,Windows,Safari,Facebook,30,9,False,False
S0004534,U001188,2025-08-06,Desktop,Android,Edge,Instagram,1,10,False,False
S0004535,U000386,2024-05-21,Tablet,Android,Edge,Organic Search,21,6,False,True
S0004536,U001890,2024-05-28,Tablet,Android,Edge,Facebook,3,12,False,False
S0004537,U000146,2025-02-26,Tablet,Windows,Edge,Organic Search,18,11,False,False
S0004538,U000229,2024-01-19,Mobile,iOS,Firefox,Referral,41,7,False,False
S0004539,U000969,2025-03-06,Mobile,macOS,Firefox,Organic Search,4,5,False,False
S0004540,U000359,2025-12-24,Mobile,iOS,Chrome,Paid Search,52,7,False,False
S0004541,U000808,2024-09-14,Desktop,Windows,Edge,Direct,33,3,False,False
S0004542,U001019,2024-02-21,Mobile,Windows,Chrome,Direct,48,12,False,False
S0004543,U000449,2024-04-27,Tablet,Android,Chrome,Email,16,3,False,False
S0004544,U000223,2025-07-07,Mobile,iOS,Chrome,Facebook,37,10,False,False
S0004545,U001155,2025-07-04,Mobile,Android,Edge,Paid Search,12,8,False,False
S0004546,U001091,2025-12-04,Tablet,Windows,Safari,Paid Search,46,5,False,False
S0004547,U000314,2024-09-07,Tablet,iOS,Edge,Direct,4,12,False,False
S0004548,U000134,2025-11-22,Desktop,iOS,Edge,Paid Search,6,1,True,False
S0004549,U000939,2025-03-02,Mobile,iOS,Chrome,Facebook,52,5,False,False
S0004550,U000566,2025-09-11,Tablet,macOS,Chrome,Referral,45,12,False,False
S0004551,U000279,2025-10-18,Mobile,Windows,Chrome,Instagram,27,4,False,True
S0004552,U001823,2024-08-16,Desktop,macOS,Chrome,Paid Search,18,4,False,False
S0004553,U000605,2025-07-01,Mobile,iOS,Edge,Organic Search,43,5,False,False
S0004554,U001000,2025-01-02,Desktop,Android,Chrome,Organic Search,27,5,False,False
S0004555,U000021,2025-06-17,Mobile,macOS,Edge,YouTube,40,9,False,False
S0004556,U000401,2025-01-25,Tablet,Android,Safari,Direct,50,6,False,False
S0004557,U000496,2025-07-19,Mobile,Windows,Firefox,YouTube,24,11,False,False
S0004558,U000746,2024-11-03,Desktop,Windows,Safari,Referral,23,7,False,False
S0004559,U000893,2024-04-01,Mobile,macOS,Firefox,Facebook,54,2,False,False
S0004560,U000883,2024-02-29,Mobile,iOS,Safari,Direct,46,1,True,True
S0004561,U000233,2024-03-21,Tablet,Android,Firefox,Referral,21,4,False,False
S0004562,U000464,2025-02-11,Mobile,Windows,Safari,YouTube,52,1,True,False
S0004563,U001237,2025-12-11,Tablet,macOS,Chrome,Direct,56,9,False,False
S0004564,U001833,2024-04-01,Mobile,Android,Firefox,Facebook,60,1,True,False
S0004565,U001336,2025-04-30,Desktop,Windows,Safari,YouTube,3,5,False,True
S0004566,U000634,2025-11-30,Desktop,Windows,Chrome,Instagram,51,9,False,False
S0004567,U001596,2024-12-03,Mobile,Android,Firefox,Facebook,51,7,False,False
S0004568,U000069,2025-01-24,Mobile,macOS,Chrome,Facebook,34,2,False,False
S0004569,U001778,2025-06-01,Tablet,Android,Safari,Paid Search,22,11,False,False
S0004570,U000185,2025-05-24,Desktop,macOS,Firefox,Referral,19,8,False,False
S0004571,U001309,2024-01-07,Mobile,Windows,Edge,YouTube,44,2,False,False
S0004572,U001454,2025-02-28,Mobile,Android,Firefox,Instagram,37,9,False,True
S0004573,U001356,2024-08-18,Mobile,Windows,Edge,YouTube,15,4,False,False
S0004574,U000451,2025-07-17,Tablet,Android,Edge,Paid Search,39,8,False,False
S0004575,U001143,2024-02-26,Mobile,iOS,Edge,Organic Search,4,12,False,False
S0004576,U000750,2024-07-10,Desktop,Windows,Edge,Facebook,42,6,False,False
S0004577,U000419,2025-10-25,Desktop,macOS,Firefox,Instagram,17,1,True,False
S0004578,U000920,2025-12-28,Tablet,iOS,Edge,Instagram,6,10,False,False
S0004579,U001209,2025-09-16,Desktop,iOS,Edge,Organic Search,3,5,False,False
S0004580,U001896,2024-10-26,Desktop,iOS,Chrome,Direct,38,6,False,False
S0004581,U001419,2025-07-19,Mobile,macOS,Firefox,Facebook,49,9,False,False
S0004582,U000778,2024-11-23,Mobile,Android,Edge,Instagram,58,5,False,False
S0004583,U001120,2025-03-09,Desktop,Android,Safari,YouTube,43,9,False,False
S0004584,U001621,2025-09-02,Desktop,iOS,Firefox,Organic Search,48,4,False,True
S0004585,U001057,2025-10-04,Tablet,macOS,Firefox,Paid Search,37,5,False,False
S0004586,U001627,2024-11-23,Tablet,Android,Chrome,Organic Search,57,7,False,False
S0004587,U001218,2024-11-14,Tablet,Android,Firefox,Paid Search,47,6,False,False
S0004588,U000271,2025-10-25,Tablet,iOS,Safari,Direct,11,2,False,False
S0004589,U001098,2025-11-13,Desktop,macOS,Firefox,Instagram,16,2,False,False
S0004590,U000192,2024-08-27,Desktop,Android,Chrome,Organic Search,25,4,False,False
S0004591,U000025,2025-01-11,Tablet,Android,Edge,Instagram,60,11,False,False
S0004592,U000563,2025-09-26,Desktop,iOS,Chrome,Referral,38,1,True,True
S0004593,U001976,2024-07-10,Desktop,macOS,Firefox,Paid Search,43,11,False,False
S0004594,U000884,2024-04-15,Desktop,Android,Firefox,Direct,17,7,False,False
S0004595,U001089,2025-03-11,Tablet,macOS,Edge,Instagram,45,9,False,False
S0004596,U000449,2025-06-08,Desktop,Windows,Safari,Paid Search,49,8,False,False
S0004597,U001514,2024-08-04,Desktop,macOS,Safari,Instagram,52,7,False,False
S0004598,U000214,2024-02-13,Mobile,macOS,Edge,Email,58,8,False,False
S0004599,U001656,2025-04-14,Desktop,Windows,Safari,Paid Search,25,6,False,False
S0004600,U000674,2024-12-23,Desktop,macOS,Safari,Email,6,1,True,False
S0004601,U000940,2024-07-02,Tablet,macOS,Edge,Email,40,3,False,False
S0004602,U000153,2025-06-10,Tablet,Android,Firefox,Paid Search,20,5,False,False
S0004603,U001214,2025-03-07,Tablet,Android,Safari,Facebook,23,7,False,False
S0004604,U000424,2024-04-21,Mobile,macOS,Edge,Email,29,8,False,False
S0004605,U000127,2024-06-30,Mobile,Windows,Chrome,Referral,45,4,False,False
S0004606,U001849,2025-03-05,Tablet,Windows,Firefox,Email,35,7,False,False
S0004607,U000326,2024-03-06,Mobile,Android,Firefox,Paid Search,19,12,False,False
S0004608,U000052,2025-12-03,Tablet,iOS,Firefox,Organic Search,28,11,False,False
S0004609,U001740,2025-02-23,Tablet,iOS,Safari,Facebook,41,11,False,False
S0004610,U000796,2024-06-10,Tablet,iOS,Safari,YouTube,36,8,False,False
S0004611,U000447,2024-12-15,Mobile,Android,Safari,Email,20,7,False,False
S0004612,U000645,2024-03-03,Mobile,macOS,Safari,Direct,43,3,False,False
S0004613,U000345,2025-08-04,Tablet,Android,Chrome,Referral,10,8,False,True
S0004614,U001906,2024-06-17,Desktop,macOS,Safari,Referral,15,7,False,False
S0004615,U000585,2024-10-09,Tablet,Windows,Safari,Direct,15,10,False,True
S0004616,U000413,2025-05-21,Mobile,Android,Safari,Instagram,32,11,False,False
S0004617,U000073,2024-02-07,Desktop,macOS,Safari,YouTube,46,8,False,False
S0004618,U001922,2024-04-26,Desktop,Windows,Safari,Facebook,23,12,False,False
S0004619,U001914,2024-12-11,Mobile,Android,Edge,Facebook,2,3,False,False
S0004620,U000910,2024-09-18,Desktop,macOS,Edge,Facebook,56,10,False,False
S0004621,U001947,2024-11-22,Mobile,macOS,Safari,Facebook,45,5,False,False
S0004622,U000316,2025-10-18,Desktop,Windows,Firefox,Paid Search,35,12,False,False
S0004623,U001092,2025-11-21,Desktop,macOS,Chrome,Email,2,10,False,False
S0004624,U001153,2025-09-19,Mobile,macOS,Chrome,Email,14,9,False,False
S0004625,U001341,2024-11-05,Desktop,macOS,Safari,Referral,41,4,False,False
S0004626,U000569,2025-07-06,Mobile,Windows,Firefox,Paid Search,1,6,False,False
S0004627,U000270,2024-10-03,Tablet,macOS,Chrome,YouTube,39,9,False,False
S0004628,U001207,2024-06-05,Desktop,iOS,Safari,Paid Search,37,7,False,False
S0004629,U001092,2024-06-11,Mobile,macOS,Firefox,YouTube,5,1,True,False
S0004630,U001802,2024-11-20,Mobile,iOS,Chrome,Facebook,14,9,False,False
S0004631,U000224,2025-02-25,Desktop,Windows,Safari,YouTube,50,5,False,True
S0004632,U001628,2024-03-22,Mobile,Android,Chrome,YouTube,41,11,False,False
S0004633,U001166,2024-03-06,Desktop,Android,Safari,Paid Search,13,6,False,False
S0004634,U001207,2024-06-05,Tablet,Windows,Chrome,Instagram,41,1,True,False
S0004635,U001417,2025-12-08,Desktop,macOS,Firefox,Facebook,55,11,False,False
S0004636,U000847,2024-10-30,Mobile,iOS,Edge,Referral,51,12,False,False
S0004637,U001316,2025-01-12,Tablet,Android,Safari,Email,5,4,False,False
S0004638,U000481,2025-03-08,Desktop,iOS,Firefox,Organic Search,22,11,False,False
S0004639,U001652,2024-11-15,Mobile,Windows,Chrome,Instagram,22,12,False,False
S0004640,U000886,2025-04-24,Desktop,iOS,Safari,Direct,9,7,False,True
S0004641,U000839,2024-02-26,Tablet,macOS,Safari,Email,54,5,False,False
S0004642,U001117,2024-02-25,Mobile,Android,Chrome,YouTube,28,4,False,True
S0004643,U000980,2024-01-16,Desktop,Android,Chrome,Referral,13,8,False,False
S0004644,U001769,2025-02-11,Mobile,iOS,Safari,Email,16,4,False,False
S0004645,U000049,2025-12-02,Desktop,macOS,Chrome,Organic Search,26,10,False,False
S0004646,U000741,2025-04-02,Mobile,Android,Firefox,Email,51,2,False,False
S0004647,U001555,2024-06-15,Mobile,Android,Firefox,YouTube,8,7,False,False
S0004648,U000995,2024-07-18,Desktop,Android,Edge,Instagram,12,2,False,False
S0004649,U000056,2025-03-31,Mobile,Windows,Firefox,Referral,29,2,False,False
S0004650,U001006,2024-06-03,Mobile,Android,Safari,Organic Search,20,10,False,False
S0004651,U001969,2025-10-18,Tablet,macOS,Edge,Referral,25,9,False,False
S0004652,U000715,2024-03-10,Desktop,macOS,Firefox,Instagram,3,3,False,False
S0004653,U000546,2024-10-17,Tablet,Windows,Safari,YouTube,57,4,False,False
S0004654,U000971,2024-05-09,Desktop,Windows,Chrome,YouTube,41,10,False,False
S0004655,U000385,2025-07-17,Desktop,iOS,Firefox,Email,3,9,False,False
S0004656,U000157,2025-01-23,Tablet,Android,Firefox,Instagram,42,6,False,False
S0004657,U000262,2025-01-03,Desktop,Windows,Firefox,YouTube,42,8,False,False
S0004658,U000681,2024-03-06,Desktop,Windows,Chrome,Paid Search,14,4,False,False
S0004659,U000273,2024-10-19,Mobile,Windows,Edge,Email,55,4,False,False
S0004660,U001259,2024-11-22,Desktop,Android,Safari,Facebook,2,4,False,False
S0004661,U000924,2024-06-12,Mobile,Windows,Safari,Organic Search,29,4,False,False
S0004662,U000308,2025-05-12,Tablet,iOS,Edge,Organic Search,13,6,False,True
S0004663,U000681,2025-05-22,Tablet,iOS,Chrome,Facebook,26,3,False,False
S0004664,U000211,2024-10-11,Tablet,iOS,Chrome,Paid Search,9,5,False,False
S0004665,U001753,2024-01-27,Tablet,Android,Edge,Paid Search,43,7,False,False
S0004666,U000966,2025-05-23,Mobile,macOS,Safari,Instagram,53,2,False,False
S0004667,U001518,2025-10-16,Tablet,iOS,Safari,YouTube,34,8,False,False
S0004668,U001270,2024-09-16,Tablet,macOS,Edge,Email,60,8,False,False
S0004669,U001372,2024-12-18,Mobile,macOS,Chrome,Email,4,1,True,False
S0004670,U001771,2025-05-01,Desktop,iOS,Safari,Facebook,58,9,False,False
S0004671,U001953,2024-04-08,Mobile,Android,Firefox,Referral,15,9,False,False
S0004672,U001563,2025-12-08,Tablet,iOS,Firefox,Facebook,2,5,False,False
S0004673,U000430,2024-10-05,Tablet,macOS,Firefox,Direct,11,9,False,False
S0004674,U000436,2024-11-02,Mobile,Windows,Firefox,Facebook,7,1,True,False
S0004675,U001532,2024-01-12,Tablet,iOS,Edge,Organic Search,44,8,False,False
S0004676,U001476,2024-04-02,Desktop,Windows,Chrome,Referral,57,2,False,False
S0004677,U001683,2025-04-25,Tablet,Android,Firefox,YouTube,24,12,False,False
S0004678,U001664,2025-03-15,Mobile,iOS,Edge,Referral,29,7,False,False
S0004679,U001422,2025-06-13,Tablet,macOS,Firefox,Facebook,3,10,False,False
S0004680,U001822,2024-10-11,Tablet,iOS,Edge,Email,48,9,False,False
S0004681,U000451,2025-08-30,Mobile,iOS,Edge,YouTube,51,9,False,False
S0004682,U001642,2024-05-22,Tablet,Windows,Safari,Referral,15,5,False,False
S0004683,U001509,2024-02-29,Desktop,Windows,Firefox,Facebook,33,1,True,False
S0004684,U001220,2024-05-09,Tablet,Android,Firefox,Direct,17,6,False,False
S0004685,U000552,2025-09-07,Tablet,Windows,Safari,Facebook,17,10,False,False
S0004686,U000953,2025-10-31,Tablet,Android,Chrome,Organic Search,21,10,False,False
S0004687,U000136,2025-05-07,Desktop,macOS,Firefox,YouTube,23,9,False,False
S0004688,U001291,2025-08-02,Mobile,macOS,Firefox,Referral,5,9,False,False
S0004689,U001746,2024-09-26,Desktop,macOS,Firefox,Paid Search,5,5,False,False
S0004690,U000097,2025-01-28,Mobile,Android,Safari,Direct,2,6,False,False
S0004691,U000979,2024-09-14,Mobile,Android,Firefox,Referral,55,5,False,False
S0004692,U001328,2024-01-09,Mobile,iOS,Safari,YouTube,35,12,False,False
S0004693,U001438,2024-10-21,Mobile,macOS,Chrome,Email,27,7,False,False
S0004694,U001374,2025-12-08,Mobile,Android,Firefox,Instagram,59,3,False,False
S0004695,U001229,2025-07-19,Desktop,macOS,Firefox,Facebook,36,7,False,True
S0004696,U001728,2024-04-01,Tablet,iOS,Chrome,YouTube,45,12,False,False
S0004697,U001466,2025-06-08,Desktop,macOS,Edge,Organic Search,33,4,False,False
S0004698,U001334,2025-05-27,Desktop,Windows,Chrome,Instagram,33,3,False,False
S0004699,U000918,2025-02-19,Mobile,Android,Edge,Organic Search,38,7,False,True
S0004700,U001809,2025-11-21,Mobile,Android,Safari,Direct,18,8,False,False
S0004701,U000472,2025-02-17,Desktop,iOS,Chrome,Paid Search,9,5,False,False
S0004702,U001758,2025-01-11,Desktop,macOS,Chrome,Instagram,28,3,False,False
S0004703,U000847,2024-10-23,Desktop,macOS,Safari,Paid Search,5,2,False,False
S0004704,U001057,2024-08-30,Desktop,Android,Chrome,YouTube,25,4,False,False
S0004705,U001145,2025-06-12,Desktop,macOS,Chrome,Paid Search,10,11,False,False
S0004706,U000238,2025-03-19,Tablet,Android,Edge,Facebook,34,12,False,False
S0004707,U001681,2025-04-09,Mobile,Android,Safari,Organic Search,50,12,False,False
S0004708,U000217,2025-08-04,Mobile,iOS,Safari,Facebook,43,9,False,False
S0004709,U001097,2025-04-19,Tablet,iOS,Chrome,Instagram,41,11,False,False
S0004710,U000568,2025-12-16,Mobile,iOS,Firefox,Facebook,50,9,False,False
S0004711,U001224,2024-12-22,Desktop,macOS,Safari,Instagram,60,10,False,False
S0004712,U000697,2024-01-17,Tablet,macOS,Safari,Paid Search,28,8,False,False
S0004713,U000291,2024-10-16,Mobile,Android,Firefox,Paid Search,20,6,False,False
S0004714,U000547,2024-03-08,Mobile,macOS,Edge,Email,56,4,False,False
S0004715,U001508,2025-09-24,Tablet,iOS,Chrome,Paid Search,52,3,False,False
S0004716,U001128,2025-02-24,Desktop,Windows,Edge,Organic Search,39,11,False,False
S0004717,U001763,2025-04-29,Desktop,Android,Firefox,Paid Search,34,5,False,False
S0004718,U000591,2024-07-02,Desktop,macOS,Firefox,Facebook,37,3,False,True
S0004719,U000768,2025-04-20,Mobile,macOS,Chrome,Direct,46,9,False,False
S0004720,U000609,2024-10-15,Tablet,macOS,Chrome,Organic Search,1,6,False,False
S0004721,U001084,2025-05-17,Mobile,iOS,Safari,Instagram,8,10,False,True
S0004722,U000991,2025-09-13,Mobile,Android,Firefox,YouTube,10,2,False,False
S0004723,U000497,2025-01-14,Desktop,macOS,Edge,Direct,10,5,False,False
S0004724,U000068,2024-07-23,Desktop,iOS,Firefox,YouTube,47,1,True,False
S0004725,U001354,2024-04-06,Desktop,macOS,Chrome,Email,57,11,False,False
S0004726,U000470,2025-05-18,Mobile,Windows,Firefox,Instagram,29,1,True,False
S0004727,U001626,2025-05-28,Tablet,Android,Firefox,Referral,31,6,False,False
S0004728,U001009,2025-07-18,Desktop,Windows,Chrome,Referral,36,5,False,False
S0004729,U000125,2025-08-05,Tablet,iOS,Safari,Paid Search,42,2,False,False
S0004730,U000320,2025-04-09,Desktop,Windows,Safari,Instagram,45,2,False,False
S0004731,U000613,2025-08-20,Desktop,Windows,Safari,Direct,59,9,False,False
S0004732,U000077,2025-11-05,Tablet,iOS,Chrome,Referral,16,10,False,False
S0004733,U000570,2025-01-02,Mobile,iOS,Safari,Direct,5,10,False,False
S0004734,U000014,2025-09-09,Mobile,Windows,Firefox,Referral,49,2,False,True
S0004735,U001731,2025-07-03,Desktop,Windows,Safari,Instagram,46,2,False,False
S0004736,U001656,2024-08-23,Tablet,Windows,Chrome,Email,58,7,False,False
S0004737,U000256,2024-09-24,Tablet,macOS,Chrome,Facebook,58,8,False,False
S0004738,U000573,2025-09-30,Mobile,Android,Safari,Facebook,28,4,False,False
S0004739,U000671,2024-01-26,Tablet,Android,Safari,YouTube,12,4,False,False
S0004740,U001225,2024-02-28,Desktop,macOS,Chrome,Paid Search,9,4,False,False
S0004741,U001325,2024-02-02,Tablet,iOS,Safari,Direct,10,7,False,False
S0004742,U000977,2024-03-04,Tablet,Android,Edge,YouTube,40,3,False,False
S0004743,U001133,2025-04-30,Mobile,iOS,Edge,Paid Search,9,1,True,False
S0004744,U001809,2024-09-05,Desktop,macOS,Edge,Organic Search,17,12,False,False
S0004745,U000886,2024-08-25,Desktop,Android,Chrome,Paid Search,10,12,False,False
S0004746,U000072,2025-04-14,Tablet,macOS,Firefox,Email,36,1,True,False
S0004747,U000682,2025-09-16,Tablet,iOS,Edge,YouTube,24,10,False,True
S0004748,U001224,2025-06-21,Tablet,iOS,Safari,Direct,16,8,False,False
S0004749,U001019,2025-06-23,Mobile,macOS,Chrome,Email,20,6,False,False
S0004750,U001845,2024-11-11,Desktop,Android,Edge,Direct,14,10,False,False
S0004751,U001984,2025-03-02,Mobile,Android,Safari,Instagram,36,9,False,False
S0004752,U000600,2024-11-23,Tablet,macOS,Chrome,Instagram,20,2,False,False
S0004753,U001244,2025-09-27,Desktop,Windows,Firefox,Facebook,60,6,False,False
S0004754,U000941,2025-06-29,Mobile,iOS,Chrome,Email,32,6,False,False
S0004755,U001917,2024-03-26,Desktop,Windows,Edge,Facebook,27,10,False,True
S0004756,U001311,2024-10-10,Desktop,Windows,Chrome,Referral,38,10,False,False
S0004757,U001625,2024-04-20,Tablet,macOS,Safari,Referral,56,2,False,False
S0004758,U000002,2025-10-12,Tablet,macOS,Chrome,Organic Search,49,6,False,False
S0004759,U000754,2025-01-18,Desktop,iOS,Safari,Facebook,18,6,False,False
S0004760,U000604,2024-06-07,Mobile,macOS,Edge,Referral,9,8,False,False
S0004761,U000837,2024-10-23,Tablet,iOS,Edge,Referral,14,3,False,False
S0004762,U001844,2024-11-08,Tablet,macOS,Chrome,Direct,10,5,False,False
S0004763,U001044,2025-10-01,Tablet,iOS,Chrome,Facebook,59,3,False,False
S0004764,U000677,2025-10-16,Desktop,Android,Chrome,Organic Search,42,11,False,False
S0004765,U000188,2025-05-30,Desktop,iOS,Edge,Facebook,38,2,False,False
S0004766,U001496,2024-08-11,Desktop,Windows,Firefox,Email,48,1,True,False
S0004767,U001577,2024-10-03,Mobile,macOS,Firefox,Organic Search,33,12,False,False
S0004768,U000061,2025-01-12,Desktop,iOS,Safari,Referral,5,4,False,False
S0004769,U001174,2025-12-22,Mobile,macOS,Safari,Direct,36,3,False,False
S0004770,U001202,2024-06-23,Desktop,Android,Chrome,Organic Search,17,7,False,True
S0004771,U000521,2025-10-28,Desktop,iOS,Chrome,Instagram,19,11,False,False
S0004772,U000097,2025-04-20,Desktop,Windows,Firefox,Facebook,3,12,False,False
S0004773,U000138,2025-05-12,Mobile,Android,Firefox,YouTube,39,1,True,False
S0004774,U000626,2024-06-15,Mobile,macOS,Chrome,Organic Search,41,3,False,False
S0004775,U001769,2025-05-31,Tablet,Windows,Safari,Paid Search,43,6,False,True
S0004776,U000592,2025-09-24,Mobile,macOS,Edge,Paid Search,60,10,False,False
S0004777,U000914,2024-08-23,Desktop,Windows,Firefox,Referral,30,8,False,False
S0004778,U000257,2024-05-25,Mobile,Windows,Chrome,Instagram,37,8,False,False
S0004779,U001553,2024-11-24,Tablet,Windows,Safari,Facebook,48,5,False,False
S0004780,U000842,2025-06-06,Tablet,Android,Edge,YouTube,14,12,False,False
S0004781,U000856,2025-08-28,Mobile,macOS,Firefox,Paid Search,55,8,False,False
S0004782,U001909,2025-09-03,Tablet,Android,Safari,Instagram,55,9,False,False
S0004783,U000407,2024-04-20,Tablet,macOS,Edge,Email,32,2,False,False
S0004784,U001805,2024-08-29,Tablet,iOS,Safari,YouTube,4,11,False,False
S0004785,U000751,2025-07-16,Desktop,iOS,Chrome,Email,53,11,False,True
S0004786,U001294,2024-01-09,Tablet,Android,Edge,Direct,54,1,True,True
S0004787,U000907,2024-05-15,Mobile,Windows,Safari,YouTube,2,7,False,False
S0004788,U000141,2024-08-19,Tablet,Android,Safari,Paid Search,32,3,False,False
S0004789,U001025,2024-12-04,Mobile,Windows,Edge,Direct,38,11,False,False
S0004790,U000102,2024-02-28,Tablet,Windows,Edge,YouTube,39,7,False,False
S0004791,U000723,2025-12-12,Tablet,Android,Chrome,Email,20,10,False,False
S0004792,U001296,2025-09-28,Mobile,Android,Safari,Instagram,5,6,False,False
S0004793,U001459,2024-09-14,Desktop,macOS,Edge,Direct,42,9,False,True
S0004794,U000590,2024-10-13,Desktop,Android,Safari,Paid Search,23,8,False,False
S0004795,U001717,2024-01-28,Tablet,Android,Edge,Instagram,9,4,False,True
S0004796,U001226,2025-08-24,Mobile,Windows,Chrome,Direct,9,7,False,True
S0004797,U000883,2025-06-14,Desktop,Android,Chrome,Paid Search,59,4,False,False
S0004798,U001735,2025-06-24,Mobile,iOS,Edge,YouTube,41,3,False,False
S0004799,U000132,2025-10-08,Mobile,Windows,Chrome,Organic Search,23,3,False,False
S0004800,U001154,2025-12-05,Mobile,Windows,Firefox,Organic Search,29,11,False,False
S0004801,U001842,2024-09-17,Mobile,Windows,Safari,Paid Search,3,10,False,False
S0004802,U000448,2024-03-24,Desktop,Windows,Chrome,Paid Search,21,9,False,True
S0004803,U000292,2024-11-26,Tablet,iOS,Chrome,Direct,54,6,False,True
S0004804,U000439,2024-01-10,Desktop,Windows,Chrome,Paid Search,53,3,False,False
S0004805,U000153,2025-06-20,Desktop,Windows,Edge,YouTube,11,9,False,False
S0004806,U001878,2024-12-02,Mobile,macOS,Edge,Organic Search,30,1,True,False
S0004807,U000583,2024-08-02,Desktop,Android,Safari,Paid Search,29,10,False,False
S0004808,U000433,2025-08-19,Desktop,Windows,Firefox,Paid Search,39,2,False,True
S0004809,U000032,2025-07-21,Tablet,Windows,Safari,Instagram,17,7,False,False
S0004810,U000918,2024-08-03,Tablet,iOS,Edge,Facebook,49,7,False,True
S0004811,U001595,2024-06-13,Tablet,Windows,Edge,Referral,35,12,False,False
S0004812,U000565,2024-03-31,Tablet,Android,Firefox,Referral,22,4,False,False
S0004813,U001247,2024-06-14,Desktop,Android,Edge,Email,40,10,False,False
S0004814,U000096,2025-06-27,Desktop,iOS,Chrome,Paid Search,47,11,False,False
S0004815,U001702,2024-01-28,Desktop,macOS,Edge,YouTube,58,8,False,False
S0004816,U000102,2025-10-06,Tablet,iOS,Firefox,Paid Search,60,5,False,False
S0004817,U000778,2024-10-15,Desktop,macOS,Chrome,Referral,7,9,False,False
S0004818,U001386,2025-05-17,Desktop,macOS,Safari,YouTube,2,8,False,False
S0004819,U000736,2025-07-13,Desktop,Windows,Chrome,YouTube,59,3,False,False
S0004820,U000863,2025-08-02,Mobile,Android,Chrome,Referral,7,1,True,False
S0004821,U001203,2025-01-11,Mobile,macOS,Edge,Paid Search,14,12,False,False
S0004822,U001990,2025-03-02,Desktop,Windows,Chrome,Referral,21,10,False,False
S0004823,U000723,2025-11-08,Desktop,Windows,Safari,Organic Search,60,11,False,False
S0004824,U000458,2025-02-16,Desktop,macOS,Firefox,Instagram,4,9,False,False
S0004825,U000264,2025-09-21,Tablet,Windows,Firefox,Facebook,4,12,False,False
S0004826,U001561,2024-10-08,Tablet,iOS,Firefox,YouTube,60,5,False,False
S0004827,U000829,2025-05-09,Desktop,Android,Safari,Email,48,10,False,False
S0004828,U000103,2025-05-06,Tablet,Windows,Edge,Email,39,6,False,True
S0004829,U000810,2025-10-31,Tablet,iOS,Chrome,Instagram,13,5,False,False
S0004830,U001061,2024-04-30,Tablet,Android,Safari,Referral,59,6,False,False
S0004831,U001546,2024-12-02,Mobile,iOS,Safari,Paid Search,31,11,False,False
S0004832,U001903,2024-03-30,Mobile,Android,Chrome,Paid Search,59,7,False,True
S0004833,U001492,2025-10-10,Tablet,macOS,Chrome,Referral,16,11,False,False
S0004834,U001688,2024-01-05,Tablet,Android,Edge,Organic Search,43,10,False,False
S0004835,U001789,2024-01-13,Desktop,macOS,Edge,Instagram,37,1,True,False
S0004836,U000410,2025-03-01,Mobile,Windows,Safari,Direct,36,5,False,True
S0004837,U001771,2024-12-08,Desktop,macOS,Safari,YouTube,41,6,False,True
S0004838,U000514,2024-09-02,Mobile,macOS,Chrome,Direct,1,6,False,False
S0004839,U000508,2024-01-08,Tablet,Android,Safari,Email,53,6,False,False
S0004840,U001081,2024-04-26,Mobile,macOS,Chrome,Facebook,30,11,False,False
S0004841,U001914,2025-07-17,Mobile,iOS,Chrome,YouTube,57,2,False,False
S0004842,U001327,2024-10-18,Mobile,Android,Safari,Referral,44,2,False,False
S0004843,U001330,2024-04-01,Mobile,iOS,Edge,Email,49,4,False,True
S0004844,U000309,2025-09-11,Tablet,Android,Firefox,Paid Search,49,1,True,False
S0004845,U000115,2024-07-10,Desktop,macOS,Chrome,Facebook,55,9,False,False
S0004846,U001237,2024-08-08,Desktop,Windows,Edge,Email,34,6,False,False
S0004847,U001406,2024-07-06,Tablet,iOS,Firefox,Referral,6,4,False,False
S0004848,U001469,2025-11-15,Desktop,Windows,Edge,Referral,8,6,False,False
S0004849,U001567,2024-02-14,Tablet,Windows,Chrome,Referral,7,6,False,False
S0004850,U001268,2024-12-19,Tablet,Android,Safari,Direct,17,9,False,False
S0004851,U001853,2025-04-29,Mobile,Android,Chrome,Instagram,53,1,True,True
S0004852,U001861,2024-09-26,Mobile,Windows,Safari,YouTube,52,3,False,False
S0004853,U001501,2024-10-09,Tablet,macOS,Firefox,Referral,44,8,False,False
S0004854,U000041,2025-08-16,Desktop,macOS,Edge,Instagram,7,12,False,False
S0004855,U001331,2025-11-03,Tablet,macOS,Edge,YouTube,2,1,True,False
S0004856,U001144,2024-10-04,Tablet,iOS,Edge,Email,22,9,False,False
S0004857,U000692,2024-11-01,Mobile,Windows,Chrome,Referral,8,11,False,False
S0004858,U001863,2024-11-10,Mobile,iOS,Safari,Paid Search,33,4,False,True
S0004859,U000059,2024-06-10,Tablet,Android,Safari,YouTube,59,10,False,True
S0004860,U001429,2025-06-01,Desktop,iOS,Chrome,Email,47,2,False,False
S0004861,U001431,2025-11-23,Mobile,macOS,Chrome,Referral,52,8,False,False
S0004862,U001241,2024-07-29,Desktop,Windows,Safari,Instagram,5,3,False,False
S0004863,U001502,2025-04-22,Tablet,Windows,Safari,Direct,35,5,False,False
S0004864,U001324,2025-05-08,Mobile,Android,Firefox,Facebook,54,7,False,False
S0004865,U001128,2024-02-25,Mobile,iOS,Firefox,Paid Search,20,4,False,False
S0004866,U000516,2024-03-03,Mobile,macOS,Firefox,YouTube,4,9,False,False
S0004867,U000872,2024-08-19,Desktop,macOS,Chrome,Email,25,12,False,False
S0004868,U001397,2024-10-26,Tablet,macOS,Edge,Direct,54,12,False,False
S0004869,U000864,2025-08-22,Tablet,Android,Safari,Instagram,4,1,True,False
S0004870,U001793,2025-03-16,Mobile,Windows,Chrome,Direct,57,5,False,False
S0004871,U001073,2025-03-03,Tablet,macOS,Edge,Direct,26,10,False,False
S0004872,U000166,2024-05-20,Desktop,Windows,Edge,Facebook,17,10,False,False
S0004873,U001469,2024-05-07,Tablet,macOS,Chrome,Paid Search,53,9,False,False
S0004874,U000806,2025-04-16,Tablet,macOS,Edge,Facebook,15,2,False,True
S0004875,U001821,2024-12-03,Mobile,iOS,Safari,Paid Search,24,4,False,True
S0004876,U000992,2024-02-05,Desktop,Android,Edge,Referral,35,3,False,False
S0004877,U000275,2024-08-04,Tablet,iOS,Safari,YouTube,8,12,False,True
S0004878,U001470,2025-01-01,Desktop,iOS,Firefox,Organic Search,54,7,False,False
S0004879,U000522,2025-10-12,Tablet,Windows,Chrome,Email,19,3,False,False
S0004880,U000884,2024-01-27,Desktop,Android,Safari,Facebook,53,8,False,False
S0004881,U001676,2025-05-14,Mobile,Android,Chrome,Direct,24,7,False,False
S0004882,U000518,2025-11-09,Desktop,macOS,Firefox,Paid Search,20,10,False,False
S0004883,U000219,2024-11-18,Tablet,Android,Chrome,Email,21,6,False,False
S0004884,U000681,2025-05-28,Tablet,Windows,Edge,YouTube,60,2,False,False
S0004885,U000449,2025-05-31,Tablet,Windows,Edge,Direct,34,4,False,False
S0004886,U000731,2024-07-31,Tablet,Android,Edge,Organic Search,37,8,False,False
S0004887,U001997,2024-06-09,Tablet,Windows,Edge,Instagram,32,2,False,False
S0004888,U001148,2024-09-08,Mobile,macOS,Safari,Facebook,2,11,False,False
S0004889,U000612,2024-07-17,Mobile,macOS,Edge,YouTube,53,10,False,False
S0004890,U000832,2024-01-18,Desktop,Android,Edge,Facebook,31,8,False,False
S0004891,U001279,2024-08-04,Tablet,iOS,Firefox,Facebook,22,8,False,False
S0004892,U001434,2025-05-02,Desktop,Android,Safari,YouTube,37,7,False,False
S0004893,U001225,2024-11-30,Tablet,Android,Chrome,Referral,3,5,False,True
S0004894,U000231,2024-01-29,Desktop,iOS,Firefox,Facebook,32,2,False,False
S0004895,U001013,2025-03-12,Mobile,macOS,Edge,Direct,12,11,False,False
S0004896,U001732,2024-02-08,Mobile,iOS,Edge,Instagram,18,8,False,True
S0004897,U000638,2024-03-17,Desktop,Windows,Edge,Organic Search,21,12,False,False
S0004898,U000966,2025-02-02,Mobile,macOS,Chrome,Organic Search,3,8,False,False
S0004899,U000530,2025-08-26,Mobile,Android,Safari,Referral,25,9,False,False
S0004900,U000820,2025-05-28,Desktop,Android,Edge,Email,26,12,False,False
S0004901,U000319,2025-09-27,Tablet,iOS,Chrome,Instagram,37,2,False,False
S0004902,U001311,2025-02-11,Mobile,iOS,Edge,Facebook,33,9,False,False
S0004903,U001456,2025-03-11,Mobile,Windows,Chrome,Email,27,5,False,False
S0004904,U001152,2025-10-05,Mobile,Windows,Safari,Paid Search,47,5,False,False
S0004905,U000113,2024-08-18,Tablet,iOS,Safari,Email,49,7,False,False
S0004906,U000891,2025-06-01,Tablet,macOS,Edge,Referral,33,2,False,True
S0004907,U000813,2025-10-19,Desktop,Android,Chrome,Instagram,55,1,True,False
S0004908,U001661,2025-05-27,Desktop,Windows,Safari,Email,3,9,False,False
S0004909,U000557,2024-08-09,Desktop,iOS,Firefox,Organic Search,20,1,True,False
S0004910,U001533,2024-10-22,Mobile,iOS,Chrome,Organic Search,49,2,False,False
S0004911,U001481,2024-09-28,Mobile,iOS,Edge,Instagram,5,8,False,False
S0004912,U000311,2024-10-08,Mobile,Android,Safari,Referral,29,9,False,False
S0004913,U001785,2025-04-01,Tablet,iOS,Edge,Email,2,2,False,False
S0004914,U000141,2025-05-24,Mobile,Android,Edge,Paid Search,57,9,False,False
S0004915,U001843,2025-09-25,Tablet,Windows,Chrome,Referral,59,3,False,False
S0004916,U000241,2025-01-29,Mobile,macOS,Firefox,Email,18,11,False,False
S0004917,U001715,2024-02-09,Tablet,iOS,Edge,Direct,49,3,False,False
S0004918,U001733,2025-03-10,Mobile,Android,Firefox,YouTube,15,11,False,False
S0004919,U000685,2025-04-24,Desktop,Android,Firefox,Referral,31,3,False,False
S0004920,U001852,2024-05-30,Desktop,iOS,Safari,Direct,12,3,False,False
S0004921,U001984,2024-05-07,Mobile,iOS,Edge,Direct,33,4,False,False
S0004922,U001336,2025-05-21,Tablet,Android,Edge,Direct,41,7,False,True
S0004923,U001869,2024-03-13,Desktop,Windows,Safari,Instagram,10,11,False,False
S0004924,U001315,2024-04-15,Desktop,Windows,Safari,Email,34,4,False,False
S0004925,U001454,2025-11-20,Tablet,Windows,Chrome,Direct,2,10,False,False
S0004926,U001102,2025-09-14,Tablet,Android,Firefox,Paid Search,19,12,False,False
S0004927,U000133,2024-03-24,Mobile,iOS,Safari,Instagram,52,3,False,False
S0004928,U000754,2024-09-04,Tablet,Android,Edge,Organic Search,11,3,False,False
S0004929,U001106,2024-12-11,Desktop,iOS,Chrome,Organic Search,49,10,False,False
S0004930,U001143,2024-07-20,Mobile,macOS,Safari,Referral,53,10,False,False
S0004931,U001596,2025-10-14,Desktop,iOS,Firefox,Facebook,35,6,False,False
S0004932,U001760,2025-12-21,Desktop,iOS,Firefox,Direct,50,12,False,False
S0004933,U000339,2025-07-29,Desktop,Android,Safari,Direct,51,10,False,False
S0004934,U001200,2025-12-29,Mobile,Android,Firefox,Email,28,9,False,False
S0004935,U001900,2025-05-22,Desktop,macOS,Edge,Referral,13,8,False,False
S0004936,U001340,2024-05-13,Tablet,Android,Chrome,Paid Search,35,6,False,True
S0004937,U001938,2025-10-29,Mobile,Android,Safari,Facebook,56,7,False,False
S0004938,U000849,2025-06-26,Tablet,macOS,Safari,Instagram,23,7,False,False
S0004939,U001502,2024-08-07,Desktop,Windows,Safari,Paid Search,54,8,False,True
S0004940,U001937,2025-01-20,Tablet,Android,Edge,Email,24,10,False,False
S0004941,U001346,2024-03-17,Tablet,iOS,Firefox,Organic Search,15,6,False,False
S0004942,U001633,2024-03-09,Tablet,iOS,Chrome,Organic Search,8,4,False,False
S0004943,U000185,2025-09-06,Desktop,Windows,Chrome,Email,46,12,False,False
S0004944,U000414,2024-04-16,Mobile,Windows,Edge,Direct,29,4,False,False
S0004945,U000367,2024-09-12,Desktop,Android,Edge,Direct,3,2,False,False
S0004946,U001542,2024-04-19,Mobile,macOS,Safari,YouTube,41,7,False,False
S0004947,U000835,2024-10-11,Desktop,Windows,Safari,Facebook,27,4,False,True
S0004948,U001755,2024-02-07,Mobile,macOS,Firefox,YouTube,35,9,False,False
S0004949,U000389,2024-12-27,Tablet,iOS,Chrome,Paid Search,36,2,False,False
S0004950,U001408,2024-11-15,Tablet,iOS,Edge,Email,2,3,False,False
S0004951,U000797,2025-08-02,Mobile,Android,Safari,Instagram,21,1,True,False
S0004952,U001098,2025-07-17,Desktop,iOS,Safari,Email,13,3,False,False
S0004953,U000075,2024-07-30,Mobile,Windows,Edge,Organic Search,56,11,False,False
S0004954,U001041,2025-04-18,Mobile,Android,Edge,Email,55,7,False,False
S0004955,U001924,2024-01-02,Tablet,Windows,Chrome,YouTube,39,12,False,False
S0004956,U000747,2024-04-05,Mobile,Windows,Firefox,Paid Search,25,5,False,False
S0004957,U001019,2024-03-10,Tablet,iOS,Safari,Instagram,48,7,False,False
S0004958,U001183,2025-08-31,Desktop,iOS,Safari,Direct,39,3,False,False
S0004959,U000492,2024-01-16,Tablet,Windows,Chrome,Facebook,28,10,False,True
S0004960,U001565,2024-02-23,Mobile,macOS,Chrome,Organic Search,30,1,True,False
S0004961,U001697,2024-01-30,Tablet,iOS,Edge,Paid Search,53,9,False,False
S0004962,U001350,2024-09-06,Tablet,macOS,Edge,Paid Search,13,12,False,False
S0004963,U000663,2025-06-01,Mobile,Android,Chrome,Direct,57,1,True,False
S0004964,U001230,2025-10-20,Tablet,iOS,Edge,Direct,40,12,False,True
S0004965,U000243,2025-09-09,Desktop,Windows,Chrome,Organic Search,16,12,False,False
S0004966,U000008,2024-10-20,Mobile,Android,Edge,Paid Search,43,10,False,False
S0004967,U001334,2025-03-25,Mobile,Windows,Chrome,Instagram,9,12,False,False
S0004968,U001846,2025-10-11,Desktop,Windows,Safari,Facebook,49,2,False,True
S0004969,U000463,2025-12-16,Desktop,Android,Chrome,Referral,37,8,False,False
S0004970,U000079,2024-10-28,Desktop,macOS,Edge,Paid Search,44,8,False,False
S0004971,U000455,2024-04-10,Desktop,iOS,Edge,Paid Search,3,1,True,False
S0004972,U001730,2025-08-31,Tablet,iOS,Edge,Direct,39,12,False,False
S0004973,U000025,2025-07-02,Tablet,Android,Edge,Referral,59,4,False,False
S0004974,U001080,2024-06-13,Desktop,Android,Firefox,Organic Search,6,5,False,False
S0004975,U000399,2025-07-26,Mobile,Android,Edge,Referral,31,7,False,False
S0004976,U001436,2025-12-22,Tablet,iOS,Firefox,Facebook,59,6,False,True
S0004977,U001876,2025-02-27,Tablet,iOS,Edge,YouTube,33,4,False,True
S0004978,U001340,2024-01-09,Desktop,macOS,Safari,Email,1,2,False,False
S0004979,U000243,2024-12-29,Mobile,macOS,Edge,Direct,48,1,True,False
S0004980,U000334,2024-01-07,Desktop,iOS,Edge,YouTube,54,11,False,False
S0004981,U001610,2024-12-14,Mobile,Windows,Edge,Paid Search,14,10,False,False
S0004982,U000552,2024-06-01,Desktop,Android,Edge,Email,1,3,False,False
S0004983,U001204,2024-03-22,Desktop,macOS,Edge,Email,60,4,False,False
S0004984,U000526,2025-08-20,Mobile,iOS,Edge,Direct,18,3,False,False
S0004985,U000833,2024-07-26,Mobile,iOS,Firefox,Direct,27,5,False,True
S0004986,U001134,2025-08-09,Desktop,iOS,Safari,Referral,13,1,True,False
S0004987,U000301,2024-06-08,Desktop,Windows,Edge,Instagram,27,1,True,False
S0004988,U000425,2025-01-28,Desktop,Android,Chrome,Organic Search,8,8,False,False
S0004989,U001470,2024-10-30,Tablet,Android,Chrome,Email,35,5,False,False
S0004990,U001230,2025-06-25,Desktop,iOS,Safari,YouTube,46,2,False,False
S0004991,U001815,2025-05-05,Mobile,macOS,Safari,Facebook,34,1,True,False
S0004992,U001078,2025-04-16,Tablet,Windows,Safari,YouTube,48,9,False,False
S0004993,U000114,2025-04-16,Mobile,Android,Firefox,Referral,43,12,False,False
S0004994,U000567,2024-09-18,Tablet,iOS,Safari,YouTube,52,11,False,False
S0004995,U000239,2024-09-07,Tablet,Android,Safari,Instagram,28,5,False,False
S0004996,U000639,2025-01-10,Mobile,Android,Edge,Referral,39,11,False,False
S0004997,U000894,2025-09-20,Desktop,iOS,Edge,Instagram,54,8,False,False
S0004998,U000383,2025-12-04,Desktop,macOS,Edge,Facebook,46,5,False,False
S0004999,U000549,2025-03-02,Mobile,Windows,Chrome,Paid Search,19,8,False,False
S0005000,U000305,2024-08-09,Tablet,Android,Firefox,Direct,13,8,False,False
S0005001,U001974,2024-09-15,Mobile,Android,Safari,Direct,47,12,False,False
S0005002,U001626,2025-08-11,Mobile,iOS,Safari,Instagram,44,5,False,False
S0005003,U000579,2025-03-30,Tablet,macOS,Chrome,Instagram,15,6,False,False
S0005004,U001460,2024-03-21,Desktop,macOS,Edge,Organic Search,52,8,False,False
S0005005,U001596,2025-10-13,Tablet,Windows,Edge,Organic Search,52,1,True,False
S0005006,U000349,2024-07-21,Desktop,macOS,Chrome,Organic Search,18,4,False,False
S0005007,U000121,2025-08-18,Mobile,iOS,Edge,Direct,41,2,False,False
S0005008,U000864,2025-01-08,Mobile,iOS,Firefox,Instagram,16,9,False,False
S0005009,U001415,2024-10-25,Desktop,Windows,Chrome,Organic Search,1,7,False,False
S0005010,U001950,2025-05-30,Tablet,iOS,Firefox,Facebook,25,4,False,True
S0005011,U001544,2025-03-03,Desktop,macOS,Safari,Facebook,48,9,False,True
S0005012,U001442,2025-03-02,Tablet,Windows,Safari,Instagram,46,7,False,False
S0005013,U001885,2024-12-13,Mobile,macOS,Firefox,Facebook,5,7,False,False
S0005014,U000565,2025-05-14,Desktop,Windows,Firefox,Direct,59,8,False,False
S0005015,U000110,2024-01-30,Desktop,Windows,Firefox,Direct,51,11,False,True
S0005016,U001191,2024-02-26,Tablet,macOS,Chrome,Organic Search,16,9,False,False
S0005017,U001699,2024-07-26,Desktop,iOS,Chrome,YouTube,1,10,False,False
S0005018,U000533,2025-11-19,Desktop,macOS,Safari,Email,41,10,False,False
S0005019,U000106,2025-10-13,Tablet,Windows,Edge,Email,43,4,False,False
S0005020,U001975,2024-11-07,Tablet,Android,Edge,YouTube,57,6,False,False
S0005021,U000843,2025-01-17,Mobile,macOS,Safari,Organic Search,3,7,False,False
S0005022,U001226,2025-03-19,Tablet,macOS,Chrome,Referral,9,11,False,False
S0005023,U000751,2025-02-18,Desktop,macOS,Chrome,Email,16,8,False,False
S0005024,U001385,2025-09-04,Tablet,macOS,Safari,Organic Search,6,7,False,False
S0005025,U000905,2024-08-03,Desktop,macOS,Safari,Organic Search,29,12,False,False
S0005026,U001253,2025-11-17,Mobile,Windows,Firefox,Email,3,6,False,False
S0005027,U000907,2025-12-22,Tablet,Windows,Safari,Paid Search,18,5,False,False
S0005028,U001529,2024-07-21,Tablet,macOS,Edge,YouTube,24,10,False,True
S0005029,U000107,2025-04-14,Desktop,iOS,Firefox,Referral,42,3,False,False
S0005030,U001630,2025-07-18,Mobile,iOS,Firefox,Organic Search,57,5,False,False
S0005031,U000599,2025-01-06,Mobile,macOS,Safari,Organic Search,34,11,False,False
S0005032,U001638,2025-05-23,Mobile,Windows,Safari,Paid Search,15,7,False,False
S0005033,U001097,2025-10-10,Mobile,Android,Edge,Email,59,7,False,False
S0005034,U000249,2024-10-11,Mobile,Windows,Firefox,Email,25,4,False,False
S0005035,U000218,2024-03-20,Desktop,iOS,Firefox,Facebook,13,3,False,False
S0005036,U000005,2024-05-11,Mobile,macOS,Firefox,Facebook,53,6,False,False
S0005037,U001525,2024-05-16,Mobile,macOS,Chrome,Instagram,27,2,False,False
S0005038,U001292,2025-02-02,Desktop,macOS,Firefox,Organic Search,60,10,False,False
S0005039,U000242,2025-08-09,Tablet,iOS,Chrome,Referral,41,8,False,False
S0005040,U000068,2025-06-16,Tablet,Windows,Safari,Organic Search,42,12,False,False
S0005041,U001473,2025-01-30,Mobile,Android,Firefox,Referral,43,12,False,False
S0005042,U001185,2025-03-25,Mobile,Android,Edge,Facebook,55,1,True,False
S0005043,U001227,2025-11-25,Tablet,macOS,Chrome,Facebook,59,9,False,False
S0005044,U001575,2025-05-13,Desktop,iOS,Safari,Instagram,31,1,True,False
S0005045,U000364,2024-08-26,Tablet,Windows,Edge,Paid Search,3,1,True,False
S0005046,U000768,2024-10-09,Tablet,macOS,Safari,Facebook,44,10,False,False
S0005047,U001096,2025-06-23,Tablet,iOS,Safari,Organic Search,51,11,False,False
S0005048,U001091,2024-08-07,Mobile,Android,Firefox,YouTube,6,7,False,False
S0005049,U000319,2024-05-25,Tablet,iOS,Chrome,Direct,27,3,False,False
S0005050,U001956,2024-03-13,Mobile,Windows,Edge,YouTube,55,6,False,True
S0005051,U001266,2025-09-15,Desktop,Android,Edge,Facebook,59,2,False,False
S0005052,U001573,2024-10-07,Desktop,iOS,Chrome,Email,32,5,False,False
S0005053,U001114,2025-07-02,Desktop,Windows,Firefox,Facebook,28,9,False,True
S0005054,U000554,2024-01-04,Desktop,Windows,Chrome,Direct,47,7,False,False
S0005055,U000440,2025-11-10,Mobile,Windows,Safari,Paid Search,60,8,False,False
S0005056,U000789,2024-09-07,Mobile,Android,Chrome,Instagram,18,2,False,False
S0005057,U001234,2025-09-17,Tablet,iOS,Chrome,Email,34,9,False,False
S0005058,U001180,2025-10-06,Mobile,macOS,Edge,Paid Search,26,11,False,False
S0005059,U000566,2024-01-14,Desktop,iOS,Safari,Organic Search,50,4,False,False
S0005060,U001060,2024-02-03,Tablet,Android,Firefox,Direct,30,9,False,True
S0005061,U001914,2025-03-10,Tablet,iOS,Edge,Direct,7,10,False,False
S0005062,U000663,2025-03-19,Mobile,iOS,Edge,Email,11,10,False,False
S0005063,U001825,2025-08-29,Desktop,macOS,Safari,Organic Search,6,2,False,False
S0005064,U001872,2025-11-09,Tablet,Android,Chrome,Direct,17,10,False,False
S0005065,U000460,2025-05-22,Desktop,Android,Firefox,Facebook,2,7,False,False
S0005066,U001054,2024-01-10,Tablet,iOS,Firefox,Paid Search,16,12,False,False
S0005067,U001503,2024-11-26,Tablet,Android,Safari,Facebook,60,3,False,False
S0005068,U001649,2024-07-16,Desktop,Windows,Firefox,Referral,13,2,False,True
S0005069,U001260,2025-03-27,Mobile,Windows,Chrome,Direct,27,5,False,False
S0005070,U001241,2025-02-06,Desktop,Windows,Safari,Email,4,2,False,False
S0005071,U001194,2024-03-16,Desktop,Windows,Chrome,Paid Search,10,10,False,False
S0005072,U001259,2025-07-30,Mobile,Windows,Safari,Organic Search,25,3,False,False
S0005073,U001513,2025-09-19,Mobile,Windows,Safari,Instagram,60,8,False,False
S0005074,U000768,2025-10-14,Mobile,macOS,Safari,Direct,41,11,False,False
S0005075,U001981,2025-04-20,Tablet,Windows,Safari,YouTube,5,9,False,False
S0005076,U001555,2024-02-01,Tablet,iOS,Safari,Instagram,59,6,False,False
S0005077,U000185,2025-02-19,Mobile,Windows,Edge,YouTube,57,6,False,False
S0005078,U001558,2024-07-23,Mobile,macOS,Edge,Referral,44,8,False,True
S0005079,U000522,2024-04-26,Tablet,iOS,Firefox,Email,29,6,False,False
S0005080,U001268,2025-03-04,Tablet,macOS,Chrome,Paid Search,44,2,False,False
S0005081,U000878,2025-12-14,Mobile,iOS,Edge,Paid Search,35,7,False,False
S0005082,U000242,2025-02-07,Tablet,Android,Chrome,Organic Search,33,6,False,False
S0005083,U001868,2024-07-02,Desktop,Android,Edge,Facebook,57,5,False,False
S0005084,U000263,2025-07-24,Desktop,Windows,Safari,YouTube,27,9,False,False
S0005085,U000688,2024-03-21,Desktop,macOS,Chrome,Organic Search,50,2,False,False
S0005086,U001002,2025-08-19,Mobile,Windows,Safari,Email,6,1,True,False
S0005087,U000383,2025-04-09,Desktop,macOS,Firefox,Instagram,29,9,False,False
S0005088,U001074,2024-11-16,Tablet,iOS,Firefox,Referral,43,8,False,False
S0005089,U001128,2025-11-15,Desktop,Windows,Edge,YouTube,11,10,False,True
S0005090,U000875,2024-03-26,Desktop,macOS,Edge,Referral,52,6,False,True
S0005091,U001087,2025-02-13,Tablet,Windows,Safari,Email,10,8,False,False
S0005092,U000804,2024-10-18,Mobile,Android,Chrome,Instagram,23,10,False,False
S0005093,U001837,2024-10-18,Mobile,Windows,Edge,Direct,5,11,False,False
S0005094,U000254,2024-12-12,Desktop,Windows,Edge,Paid Search,47,5,False,False
S0005095,U001644,2024-05-02,Desktop,Windows,Safari,Referral,7,1,True,False
S0005096,U000566,2024-06-11,Tablet,Windows,Edge,Organic Search,56,12,False,True
S0005097,U000988,2024-03-03,Desktop,Android,Safari,Instagram,60,11,False,False
S0005098,U000321,2025-12-23,Tablet,iOS,Firefox,Email,39,7,False,False
S0005099,U000007,2024-11-25,Desktop,Windows,Safari,YouTube,21,12,False,False
S0005100,U001803,2024-01-12,Tablet,Windows,Chrome,Email,12,4,False,False
S0005101,U001132,2024-12-31,Mobile,macOS,Firefox,Referral,56,8,False,False
S0005102,U001414,2024-07-04,Desktop,Windows,Chrome,Referral,60,1,True,False
S0005103,U000089,2024-09-07,Desktop,Android,Safari,Paid Search,32,9,False,False
S0005104,U000596,2025-04-13,Desktop,macOS,Firefox,Instagram,19,12,False,False
S0005105,U000652,2024-09-07,Mobile,Windows,Chrome,Organic Search,24,8,False,False
S0005106,U000481,2024-08-20,Desktop,macOS,Firefox,Direct,60,3,False,False
S0005107,U000257,2024-05-02,Mobile,iOS,Chrome,Direct,31,6,False,False
S0005108,U001518,2025-06-09,Mobile,macOS,Firefox,Email,24,6,False,False
S0005109,U000203,2024-03-06,Tablet,iOS,Firefox,Referral,51,10,False,False
S0005110,U001856,2024-08-13,Tablet,iOS,Safari,YouTube,17,1,True,True
S0005111,U000155,2024-12-29,Mobile,macOS,Edge,Instagram,34,5,False,False
S0005112,U000973,2025-12-09,Mobile,Android,Edge,Facebook,17,6,False,False
S0005113,U001241,2025-02-03,Tablet,Windows,Edge,Direct,2,3,False,False
S0005114,U000598,2025-08-24,Mobile,macOS,Chrome,Instagram,57,12,False,False
S0005115,U000599,2024-04-22,Tablet,Android,Firefox,Paid Search,3,2,False,True
S0005116,U001445,2024-07-22,Tablet,Windows,Chrome,Facebook,20,11,False,False
S0005117,U001887,2025-04-01,Desktop,iOS,Chrome,Direct,3,2,False,False
S0005118,U001825,2025-09-27,Desktop,iOS,Chrome,Paid Search,60,9,False,False
S0005119,U000076,2024-01-27,Tablet,macOS,Chrome,Direct,1,10,False,False
S0005120,U001893,2024-10-08,Mobile,macOS,Edge,Facebook,57,5,False,False
S0005121,U001536,2024-08-23,Desktop,macOS,Safari,Direct,47,8,False,False
S0005122,U001497,2025-07-13,Desktop,macOS,Edge,Organic Search,39,8,False,False
S0005123,U001921,2024-11-14,Tablet,macOS,Edge,Paid Search,45,8,False,False
S0005124,U000346,2024-04-23,Mobile,macOS,Chrome,Organic Search,42,10,False,False
S0005125,U001423,2025-10-20,Desktop,macOS,Firefox,Direct,26,12,False,False
S0005126,U001145,2024-10-15,Desktop,iOS,Safari,YouTube,35,8,False,False
S0005127,U000954,2025-04-25,Tablet,macOS,Edge,Paid Search,13,11,False,False
S0005128,U000314,2024-12-15,Desktop,iOS,Edge,Instagram,6,2,False,False
S0005129,U001094,2025-02-22,Desktop,macOS,Firefox,Facebook,36,7,False,False
S0005130,U000733,2024-12-06,Tablet,Windows,Firefox,YouTube,15,2,False,False
S0005131,U001856,2024-02-28,Mobile,Android,Edge,Direct,5,4,False,False
S0005132,U001104,2025-11-19,Desktop,macOS,Chrome,Facebook,40,12,False,True
S0005133,U000072,2025-01-17,Desktop,iOS,Chrome,Referral,25,11,False,False
S0005134,U000017,2025-01-23,Tablet,Windows,Chrome,Referral,9,5,False,False
S0005135,U000076,2024-10-05,Mobile,macOS,Chrome,Facebook,40,10,False,False
S0005136,U000079,2025-05-02,Tablet,Android,Safari,Referral,36,2,False,False
S0005137,U000206,2024-10-28,Tablet,Android,Safari,Instagram,45,2,False,True
S0005138,U000010,2025-10-17,Tablet,Android,Safari,Paid Search,45,1,True,False
S0005139,U000297,2024-05-12,Desktop,Windows,Safari,Email,55,4,False,False
S0005140,U000207,2025-01-15,Mobile,macOS,Edge,Paid Search,50,3,False,False
S0005141,U001736,2025-08-21,Tablet,macOS,Chrome,Paid Search,42,12,False,False
S0005142,U000514,2024-03-14,Desktop,Android,Safari,YouTube,51,2,False,False
S0005143,U001331,2025-11-26,Desktop,Windows,Safari,YouTube,6,10,False,False
S0005144,U000160,2025-02-20,Mobile,macOS,Edge,YouTube,51,10,False,False
S0005145,U001425,2024-04-15,Desktop,Windows,Safari,Direct,25,8,False,True
S0005146,U000008,2025-04-05,Tablet,macOS,Chrome,Organic Search,27,11,False,False
S0005147,U000956,2024-10-13,Mobile,Android,Safari,Paid Search,29,4,False,False
S0005148,U001971,2024-03-24,Mobile,iOS,Chrome,Referral,43,12,False,False
S0005149,U000910,2025-09-09,Tablet,macOS,Edge,Referral,57,11,False,False
S0005150,U001426,2024-10-27,Desktop,Android,Firefox,Direct,15,2,False,False
S0005151,U001971,2025-09-25,Desktop,macOS,Chrome,Referral,36,5,False,False
S0005152,U000660,2024-03-07,Desktop,iOS,Chrome,Direct,33,5,False,True
S0005153,U000718,2024-11-15,Tablet,macOS,Safari,Email,2,7,False,False
S0005154,U000367,2024-12-14,Desktop,macOS,Safari,Paid Search,31,1,True,False
S0005155,U001829,2025-03-07,Tablet,Android,Safari,Paid Search,59,12,False,False
S0005156,U000466,2024-01-01,Tablet,Android,Edge,Paid Search,47,3,False,False
S0005157,U000024,2025-08-04,Tablet,Android,Safari,YouTube,38,8,False,False
S0005158,U000414,2025-05-03,Desktop,Windows,Chrome,Direct,58,5,False,False
S0005159,U000641,2024-04-07,Mobile,Windows,Edge,Direct,46,7,False,True
S0005160,U000078,2025-10-02,Tablet,iOS,Edge,Email,31,8,False,False
S0005161,U001932,2024-02-24,Tablet,macOS,Edge,Direct,32,7,False,False
S0005162,U001673,2025-06-06,Mobile,macOS,Safari,Referral,27,5,False,False
S0005163,U000690,2024-05-14,Desktop,Android,Edge,Instagram,29,4,False,True
S0005164,U001391,2024-07-10,Tablet,iOS,Edge,Facebook,43,3,False,False
S0005165,U000895,2025-07-06,Tablet,macOS,Edge,Referral,3,8,False,True
S0005166,U001280,2024-01-01,Tablet,iOS,Safari,Organic Search,26,7,False,False
S0005167,U001764,2025-03-10,Mobile,Android,Chrome,Organic Search,42,6,False,False
S0005168,U001888,2025-03-12,Mobile,Android,Safari,Direct,26,7,False,False
S0005169,U001243,2025-03-24,Mobile,iOS,Safari,Organic Search,40,5,False,False
S0005170,U001839,2024-11-14,Tablet,iOS,Chrome,YouTube,39,10,False,True
S0005171,U001545,2024-04-09,Desktop,iOS,Firefox,Organic Search,36,2,False,True
S0005172,U000854,2025-05-19,Mobile,Android,Safari,Direct,14,11,False,False
S0005173,U000314,2025-06-15,Desktop,iOS,Edge,Direct,15,8,False,False
S0005174,U000080,2025-06-21,Mobile,macOS,Firefox,YouTube,12,12,False,False
S0005175,U001012,2025-01-06,Mobile,macOS,Edge,Referral,45,3,False,False
S0005176,U001824,2024-08-01,Desktop,iOS,Safari,Organic Search,53,6,False,False
S0005177,U000475,2025-11-21,Mobile,macOS,Chrome,Organic Search,52,3,False,False
S0005178,U000609,2024-11-21,Mobile,Windows,Safari,Referral,48,6,False,False
S0005179,U001271,2024-07-13,Desktop,macOS,Firefox,Direct,20,2,False,False
S0005180,U000455,2024-04-11,Tablet,macOS,Firefox,Paid Search,19,12,False,True
S0005181,U001220,2024-08-12,Tablet,iOS,Chrome,Referral,21,11,False,False
S0005182,U001261,2025-11-30,Desktop,iOS,Safari,Email,22,8,False,False
S0005183,U001089,2025-06-17,Desktop,Windows,Safari,Facebook,56,10,False,False
S0005184,U001769,2025-02-09,Mobile,iOS,Edge,YouTube,11,5,False,False
S0005185,U001120,2025-02-02,Mobile,Windows,Safari,Organic Search,24,5,False,False
S0005186,U001073,2024-02-21,Mobile,Android,Safari,Instagram,4,11,False,False
S0005187,U001429,2024-03-16,Tablet,Android,Safari,YouTube,59,12,False,False
S0005188,U001875,2025-01-06,Desktop,Windows,Safari,Paid Search,9,5,False,False
S0005189,U000534,2025-12-26,Tablet,Windows,Safari,Instagram,55,5,False,False
S0005190,U001984,2024-12-17,Desktop,Windows,Firefox,YouTube,47,11,False,False
S0005191,U001064,2025-08-09,Mobile,Windows,Edge,YouTube,40,3,False,False
S0005192,U000262,2024-08-02,Desktop,iOS,Chrome,Direct,35,8,False,False
S0005193,U000656,2024-05-18,Desktop,macOS,Safari,Organic Search,59,3,False,False
S0005194,U000588,2024-03-29,Desktop,Windows,Safari,Facebook,44,5,False,False
S0005195,U000124,2024-09-13,Tablet,Windows,Firefox,Organic Search,43,2,False,False
S0005196,U000985,2024-11-13,Desktop,Android,Edge,Instagram,35,1,True,False
S0005197,U000347,2024-01-29,Desktop,Windows,Firefox,Direct,47,12,False,False
S0005198,U001649,2025-08-18,Mobile,Windows,Edge,Paid Search,30,1,True,False
S0005199,U001119,2025-12-21,Tablet,iOS,Edge,Instagram,10,6,False,False
S0005200,U001213,2025-12-01,Desktop,Windows,Edge,YouTube,14,11,False,False
S0005201,U001579,2025-07-30,Tablet,Windows,Safari,Instagram,27,7,False,False
S0005202,U001575,2024-08-25,Mobile,Windows,Edge,Instagram,26,7,False,False
S0005203,U001980,2025-08-14,Mobile,Windows,Edge,Organic Search,51,5,False,True
S0005204,U001472,2024-03-02,Desktop,Windows,Firefox,Instagram,6,6,False,True
S0005205,U000743,2025-11-04,Desktop,macOS,Chrome,Facebook,56,5,False,False
S0005206,U000895,2024-09-06,Desktop,Android,Safari,YouTube,5,1,True,False
S0005207,U000303,2024-11-22,Tablet,Windows,Chrome,Facebook,19,12,False,False
S0005208,U001256,2025-10-23,Mobile,macOS,Chrome,Instagram,60,10,False,False
S0005209,U001699,2024-07-27,Tablet,iOS,Firefox,YouTube,46,2,False,False
S0005210,U000782,2025-08-18,Desktop,Android,Chrome,Paid Search,18,2,False,False
S0005211,U000245,2025-02-04,Desktop,iOS,Safari,Email,9,3,False,False
S0005212,U000784,2025-07-11,Mobile,iOS,Firefox,Facebook,27,7,False,False
S0005213,U001475,2024-03-03,Tablet,macOS,Firefox,Direct,59,9,False,False
S0005214,U001336,2025-06-19,Desktop,Windows,Chrome,Instagram,55,7,False,False
S0005215,U001194,2025-03-22,Desktop,iOS,Edge,Direct,27,3,False,False
S0005216,U000888,2025-10-10,Tablet,Windows,Chrome,YouTube,40,11,False,True
S0005217,U000271,2025-01-21,Desktop,Android,Edge,Instagram,3,12,False,False
S0005218,U001193,2024-05-30,Mobile,Android,Safari,Paid Search,47,12,False,False
S0005219,U001783,2024-01-29,Mobile,Android,Safari,Facebook,21,2,False,True
S0005220,U001830,2025-12-04,Tablet,Android,Chrome,Direct,41,11,False,False
S0005221,U001812,2025-07-25,Tablet,macOS,Chrome,Organic Search,1,10,False,False
S0005222,U001277,2024-10-31,Tablet,iOS,Safari,Paid Search,45,12,False,False
S0005223,U001751,2024-05-22,Desktop,macOS,Edge,Email,24,6,False,False
S0005224,U000839,2024-11-01,Desktop,iOS,Safari,Paid Search,37,11,False,False
S0005225,U000564,2024-06-06,Desktop,iOS,Chrome,Instagram,48,5,False,False
S0005226,U001021,2024-03-18,Mobile,iOS,Chrome,Instagram,8,10,False,False
S0005227,U001574,2025-10-18,Mobile,macOS,Safari,Direct,25,1,True,False
S0005228,U001352,2025-05-06,Mobile,Windows,Edge,Paid Search,47,12,False,False
S0005229,U001800,2024-04-11,Desktop,Windows,Edge,Email,24,4,False,True
S0005230,U001550,2024-11-07,Desktop,macOS,Safari,YouTube,1,3,False,False
S0005231,U001107,2024-02-19,Desktop,Windows,Safari,Facebook,36,11,False,False
S0005232,U001479,2024-01-27,Tablet,Windows,Chrome,Referral,6,1,True,False
S0005233,U001681,2024-03-13,Tablet,macOS,Safari,Direct,42,3,False,False
S0005234,U001492,2024-06-15,Tablet,iOS,Firefox,Paid Search,12,5,False,False
S0005235,U001702,2025-11-12,Mobile,iOS,Edge,Facebook,22,11,False,False
S0005236,U000977,2024-03-05,Mobile,Windows,Chrome,Email,51,10,False,True
S0005237,U000740,2025-10-29,Desktop,Windows,Firefox,Email,42,11,False,False
S0005238,U001095,2024-08-28,Tablet,iOS,Firefox,Email,42,4,False,False
S0005239,U000025,2025-07-27,Desktop,Windows,Safari,Email,41,8,False,False
S0005240,U000458,2024-11-24,Mobile,Android,Safari,Email,26,9,False,False
S0005241,U001525,2025-06-22,Mobile,iOS,Chrome,Paid Search,25,10,False,False
S0005242,U000617,2024-03-11,Desktop,iOS,Chrome,YouTube,52,6,False,False
S0005243,U001278,2025-05-28,Desktop,Android,Edge,Organic Search,23,1,True,False
S0005244,U001192,2025-02-19,Tablet,macOS,Safari,Instagram,23,5,False,True
S0005245,U001802,2025-12-20,Desktop,Android,Safari,Direct,7,5,False,False
S0005246,U001673,2025-09-04,Mobile,Android,Chrome,Organic Search,22,7,False,False
S0005247,U000740,2025-03-21,Tablet,Android,Firefox,Paid Search,38,11,False,False
S0005248,U001438,2025-07-13,Desktop,iOS,Edge,YouTube,6,8,False,False
S0005249,U001063,2025-08-15,Desktop,iOS,Edge,Paid Search,32,4,False,False
S0005250,U000967,2025-03-04,Tablet,Android,Safari,Email,7,6,False,False
S0005251,U001797,2024-05-02,Desktop,Windows,Safari,Email,27,1,True,False
S0005252,U000132,2025-11-12,Desktop,Windows,Edge,Paid Search,56,10,False,False
S0005253,U000003,2024-07-17,Tablet,macOS,Safari,Email,2,4,False,False
S0005254,U001636,2024-07-26,Mobile,Android,Chrome,Referral,22,10,False,False
S0005255,U001409,2025-04-27,Desktop,iOS,Firefox,Email,56,6,False,False
S0005256,U000783,2025-09-18,Tablet,macOS,Firefox,Direct,30,12,False,False
S0005257,U001349,2024-05-02,Tablet,iOS,Chrome,YouTube,9,6,False,False
S0005258,U001831,2025-12-30,Mobile,Windows,Firefox,Facebook,2,4,False,False
S0005259,U000743,2025-02-12,Mobile,iOS,Firefox,Facebook,9,12,False,False
S0005260,U001645,2024-03-05,Tablet,iOS,Chrome,Instagram,4,4,False,False
S0005261,U000238,2024-09-20,Mobile,iOS,Firefox,Direct,17,7,False,False
S0005262,U000587,2024-04-20,Tablet,Android,Chrome,Referral,56,3,False,False
S0005263,U000946,2024-11-02,Mobile,iOS,Safari,Direct,20,5,False,True
S0005264,U000908,2024-12-08,Tablet,Android,Edge,Facebook,39,11,False,False
S0005265,U001727,2025-12-17,Mobile,Windows,Safari,YouTube,21,4,False,False
S0005266,U000708,2025-07-02,Tablet,Windows,Chrome,Email,52,1,True,False
S0005267,U000602,2024-05-02,Desktop,Windows,Chrome,Referral,48,7,False,False
S0005268,U000804,2025-10-11,Tablet,Windows,Firefox,Referral,10,2,False,False
S0005269,U000337,2024-04-20,Mobile,Windows,Chrome,Instagram,49,5,False,False
S0005270,U000365,2025-01-09,Tablet,Windows,Edge,Direct,17,11,False,False
S0005271,U001010,2025-11-24,Desktop,Android,Edge,Direct,11,12,False,False
S0005272,U001401,2025-07-19,Desktop,iOS,Chrome,Email,29,3,False,False
S0005273,U000995,2024-08-06,Desktop,macOS,Safari,Facebook,33,10,False,False
S0005274,U000667,2024-04-06,Tablet,Android,Edge,Instagram,40,10,False,False
S0005275,U001800,2025-05-10,Tablet,iOS,Edge,Direct,13,12,False,False
S0005276,U001786,2025-02-25,Mobile,macOS,Firefox,Facebook,41,7,False,False
S0005277,U000125,2024-07-22,Desktop,iOS,Safari,Direct,16,6,False,False
S0005278,U000178,2025-08-17,Mobile,iOS,Firefox,Instagram,25,1,True,False
S0005279,U000641,2024-02-25,Tablet,Windows,Chrome,Email,35,9,False,False
S0005280,U000251,2025-04-17,Tablet,iOS,Firefox,Instagram,60,5,False,False
S0005281,U001216,2025-11-19,Tablet,Windows,Chrome,Paid Search,51,9,False,False
S0005282,U001004,2025-05-29,Mobile,Android,Chrome,Direct,15,1,True,False
S0005283,U000570,2025-05-02,Tablet,macOS,Safari,Direct,7,7,False,False
S0005284,U000620,2025-06-09,Tablet,macOS,Edge,Paid Search,23,2,False,False
S0005285,U001461,2024-08-10,Tablet,Android,Edge,Paid Search,41,1,True,False
S0005286,U001027,2025-02-04,Mobile,Windows,Chrome,Organic Search,10,7,False,False
S0005287,U001343,2025-04-18,Tablet,macOS,Chrome,Organic Search,58,8,False,False
S0005288,U001666,2024-03-16,Mobile,iOS,Edge,Organic Search,23,5,False,False
S0005289,U000044,2025-06-25,Desktop,macOS,Firefox,Paid Search,4,9,False,False
S0005290,U001465,2025-11-11,Desktop,Android,Edge,Email,21,4,False,False
S0005291,U001632,2025-01-08,Mobile,macOS,Firefox,YouTube,50,4,False,False
S0005292,U000973,2024-08-20,Tablet,iOS,Safari,Instagram,37,6,False,False
S0005293,U001677,2025-03-02,Mobile,Windows,Firefox,Facebook,45,10,False,False
S0005294,U000702,2024-08-12,Mobile,macOS,Edge,Direct,34,9,False,False
S0005295,U000352,2025-01-26,Desktop,Android,Chrome,Referral,24,8,False,False
S0005296,U000709,2024-10-19,Tablet,Android,Firefox,Direct,58,8,False,False
S0005297,U000303,2024-06-10,Tablet,macOS,Safari,Direct,14,3,False,True
S0005298,U000422,2024-12-30,Mobile,macOS,Chrome,Paid Search,29,3,False,False
S0005299,U001931,2024-09-10,Tablet,iOS,Chrome,Referral,9,1,True,True
S0005300,U000636,2024-02-05,Mobile,Android,Safari,Direct,24,9,False,False
S0005301,U001017,2024-05-06,Tablet,Android,Chrome,Referral,44,5,False,False
S0005302,U001666,2024-01-28,Tablet,macOS,Edge,Facebook,33,6,False,False
S0005303,U001933,2025-12-14,Desktop,macOS,Safari,Referral,4,6,False,False
S0005304,U000175,2024-07-23,Desktop,Android,Safari,YouTube,30,1,True,False
S0005305,U000820,2024-10-12,Tablet,Windows,Edge,YouTube,60,8,False,False
S0005306,U001149,2024-08-28,Tablet,iOS,Safari,Instagram,29,2,False,False
S0005307,U001978,2025-11-02,Mobile,iOS,Safari,Direct,53,1,True,True
S0005308,U001198,2024-07-06,Desktop,macOS,Chrome,Email,12,4,False,False
S0005309,U000152,2025-01-24,Desktop,Android,Firefox,Email,20,1,True,False
S0005310,U000704,2024-03-12,Desktop,macOS,Safari,Referral,26,5,False,False
S0005311,U001952,2025-07-08,Tablet,iOS,Chrome,Email,60,11,False,False
S0005312,U001739,2025-05-04,Mobile,Windows,Edge,Direct,25,9,False,False
S0005313,U000841,2024-08-18,Desktop,iOS,Chrome,Referral,2,8,False,False
S0005314,U001859,2025-05-15,Desktop,Android,Firefox,Email,54,6,False,False
S0005315,U000198,2024-10-20,Desktop,iOS,Edge,Instagram,39,2,False,False
S0005316,U001998,2025-12-27,Mobile,Windows,Safari,Email,2,1,True,False
S0005317,U001769,2025-07-11,Mobile,Android,Safari,Referral,47,8,False,False
S0005318,U000689,2025-02-10,Mobile,Android,Chrome,Instagram,4,4,False,False
S0005319,U001869,2024-05-25,Tablet,macOS,Edge,Organic Search,56,9,False,False
S0005320,U001264,2024-09-09,Mobile,iOS,Safari,Referral,13,12,False,False
S0005321,U000452,2024-01-23,Desktop,Windows,Firefox,Email,18,4,False,False
S0005322,U001115,2024-10-18,Tablet,Windows,Safari,Instagram,16,7,False,False
S0005323,U000550,2025-03-08,Mobile,iOS,Safari,Paid Search,1,7,False,False
S0005324,U001477,2025-07-19,Tablet,macOS,Firefox,Paid Search,35,9,False,False
S0005325,U001365,2024-02-10,Mobile,iOS,Edge,YouTube,55,4,False,True
S0005326,U001703,2025-11-19,Desktop,iOS,Safari,YouTube,29,4,False,False
S0005327,U001505,2025-02-27,Desktop,iOS,Safari,Paid Search,48,4,False,False
S0005328,U000883,2025-12-04,Tablet,Windows,Edge,Referral,4,12,False,False
S0005329,U001027,2025-04-05,Mobile,macOS,Safari,Instagram,30,10,False,False
S0005330,U001121,2025-02-24,Tablet,Android,Edge,Paid Search,55,6,False,False
S0005331,U000459,2025-01-28,Mobile,iOS,Chrome,Facebook,27,12,False,False
S0005332,U000275,2025-08-20,Desktop,macOS,Edge,Email,42,2,False,False
S0005333,U000620,2024-05-26,Tablet,Android,Chrome,YouTube,16,4,False,False
S0005334,U000323,2025-01-15,Mobile,Android,Safari,Direct,32,3,False,False
S0005335,U000222,2025-03-07,Desktop,Windows,Firefox,Paid Search,59,11,False,False
S0005336,U001741,2025-11-15,Mobile,Android,Chrome,Referral,47,10,False,False
S0005337,U001807,2025-05-17,Tablet,Windows,Chrome,Email,20,6,False,False
S0005338,U001570,2024-01-12,Tablet,Windows,Firefox,Referral,23,10,False,False
S0005339,U000753,2024-02-20,Mobile,Android,Edge,YouTube,42,1,True,False
S0005340,U001366,2025-01-20,Mobile,Windows,Safari,Email,16,12,False,True
S0005341,U001589,2024-10-18,Tablet,macOS,Firefox,Direct,41,8,False,True
S0005342,U001125,2024-10-15,Tablet,macOS,Chrome,Direct,47,10,False,False
S0005343,U000988,2024-10-28,Desktop,Windows,Edge,Email,41,6,False,False
S0005344,U001871,2025-06-13,Mobile,Android,Chrome,Direct,13,2,False,False
S0005345,U000016,2025-01-01,Mobile,Windows,Chrome,Facebook,44,11,False,False
S0005346,U000823,2025-10-01,Tablet,Windows,Firefox,Email,58,1,True,False
S0005347,U000824,2025-03-18,Desktop,Windows,Edge,Referral,4,9,False,False
S0005348,U001050,2025-10-28,Desktop,Windows,Edge,Email,54,7,False,True
S0005349,U001073,2024-08-18,Desktop,iOS,Edge,Direct,16,3,False,False
S0005350,U000363,2025-11-15,Tablet,Windows,Safari,Referral,49,12,False,False
S0005351,U001571,2024-02-04,Mobile,Windows,Firefox,Direct,34,2,False,False
S0005352,U000213,2025-01-28,Desktop,iOS,Safari,Organic Search,31,7,False,False
S0005353,U000457,2025-07-13,Tablet,iOS,Chrome,YouTube,31,7,False,False
S0005354,U001256,2025-08-25,Mobile,Windows,Firefox,Direct,14,6,False,True
S0005355,U000180,2025-08-15,Mobile,Windows,Firefox,Paid Search,6,1,True,False
S0005356,U000512,2025-01-01,Desktop,iOS,Firefox,Direct,3,12,False,False
S0005357,U000021,2024-07-01,Desktop,Windows,Edge,Facebook,1,1,True,False
S0005358,U000330,2024-09-11,Mobile,iOS,Safari,Instagram,17,6,False,False
S0005359,U000096,2024-07-23,Mobile,Android,Safari,Email,16,8,False,True
S0005360,U000647,2025-12-10,Mobile,Android,Safari,Referral,52,3,False,False
S0005361,U000914,2024-10-07,Tablet,iOS,Edge,Facebook,29,1,True,False
S0005362,U000691,2025-05-12,Mobile,macOS,Chrome,Paid Search,10,6,False,False
S0005363,U000849,2024-04-09,Tablet,Windows,Edge,Paid Search,13,12,False,False
S0005364,U001522,2024-02-22,Desktop,Android,Firefox,Email,24,6,False,False
S0005365,U001976,2024-08-02,Tablet,macOS,Chrome,Email,56,1,True,False
S0005366,U000559,2024-01-24,Tablet,Windows,Firefox,Paid Search,1,2,False,False
S0005367,U000705,2024-02-13,Mobile,Android,Safari,Paid Search,7,12,False,False
S0005368,U001834,2024-06-09,Tablet,Windows,Safari,Paid Search,4,10,False,False
S0005369,U000569,2025-08-09,Tablet,macOS,Safari,Facebook,4,12,False,False
S0005370,U001352,2024-03-09,Desktop,Windows,Edge,Facebook,27,12,False,False
S0005371,U001266,2025-06-24,Mobile,Android,Firefox,Email,37,4,False,False
S0005372,U000018,2024-02-26,Tablet,Windows,Firefox,Referral,24,6,False,False
S0005373,U001290,2025-02-10,Desktop,Windows,Firefox,Instagram,20,8,False,True
S0005374,U001397,2025-03-20,Tablet,macOS,Firefox,Email,27,5,False,False
S0005375,U001982,2025-04-21,Desktop,macOS,Edge,Paid Search,10,3,False,False
S0005376,U000751,2025-09-04,Mobile,iOS,Safari,Organic Search,52,9,False,False
S0005377,U000375,2025-07-26,Tablet,Android,Safari,Email,38,10,False,False
S0005378,U001139,2025-02-27,Mobile,macOS,Edge,Organic Search,17,4,False,True
S0005379,U001505,2025-02-26,Desktop,Windows,Chrome,Instagram,53,5,False,False
S0005380,U000658,2024-02-20,Mobile,Windows,Chrome,Paid Search,10,2,False,False
S0005381,U001928,2024-10-27,Desktop,Android,Edge,Direct,43,9,False,False
S0005382,U000277,2025-02-19,Tablet,Android,Firefox,YouTube,19,8,False,True
S0005383,U000084,2025-02-23,Mobile,Windows,Edge,Paid Search,50,8,False,False
S0005384,U001436,2025-11-21,Mobile,Windows,Firefox,Facebook,49,7,False,False
S0005385,U001831,2025-07-23,Desktop,Android,Chrome,Organic Search,3,8,False,False
S0005386,U000685,2024-01-18,Tablet,macOS,Edge,Facebook,59,11,False,False
S0005387,U000026,2024-09-27,Tablet,macOS,Safari,Instagram,26,10,False,False
S0005388,U000929,2024-01-23,Desktop,Windows,Chrome,Instagram,44,9,False,False
S0005389,U001771,2025-01-17,Mobile,Android,Safari,Organic Search,46,12,False,False
S0005390,U001494,2024-06-20,Desktop,macOS,Safari,Direct,40,12,False,False
S0005391,U000608,2024-02-07,Tablet,Android,Safari,Organic Search,3,1,True,False
S0005392,U000130,2025-04-20,Mobile,iOS,Edge,Direct,36,10,False,False
S0005393,U000971,2025-02-02,Desktop,macOS,Safari,Paid Search,3,2,False,False
S0005394,U000655,2024-09-13,Tablet,iOS,Chrome,Paid Search,11,10,False,False
S0005395,U000864,2025-08-05,Tablet,Windows,Edge,Referral,24,4,False,False
S0005396,U001521,2025-08-30,Mobile,macOS,Safari,Direct,47,1,True,False
S0005397,U000993,2025-01-11,Mobile,macOS,Edge,Facebook,4,7,False,False
S0005398,U001111,2024-04-18,Mobile,macOS,Safari,Facebook,57,5,False,False
S0005399,U001971,2025-03-26,Desktop,Android,Edge,Direct,24,1,True,False
S0005400,U000272,2025-03-07,Tablet,iOS,Firefox,Instagram,58,6,False,False
S0005401,U000002,2024-05-19,Desktop,macOS,Safari,Paid Search,45,11,False,False
S0005402,U001630,2024-02-07,Mobile,Windows,Firefox,YouTube,8,3,False,False
S0005403,U000561,2025-05-23,Desktop,Android,Chrome,Facebook,54,6,False,False
S0005404,U000697,2024-05-13,Desktop,Android,Edge,Referral,2,8,False,False
S0005405,U001529,2024-03-29,Mobile,macOS,Firefox,Email,11,11,False,False
S0005406,U000657,2024-06-04,Mobile,iOS,Edge,Email,15,6,False,False
S0005407,U001778,2024-02-29,Mobile,Android,Edge,Organic Search,36,5,False,False
S0005408,U001040,2025-10-17,Mobile,macOS,Edge,Referral,7,12,False,False
S0005409,U001016,2025-02-21,Mobile,macOS,Edge,Email,34,2,False,False
S0005410,U001980,2024-12-09,Tablet,iOS,Firefox,Email,38,11,False,False
S0005411,U001010,2025-11-09,Desktop,Windows,Edge,Facebook,18,11,False,False
S0005412,U001991,2024-09-11,Desktop,Windows,Firefox,Referral,4,4,False,False
S0005413,U000619,2024-02-10,Tablet,Windows,Edge,Paid Search,51,1,True,False
S0005414,U001532,2025-06-16,Mobile,Android,Edge,Instagram,36,11,False,False
S0005415,U000728,2024-09-28,Mobile,macOS,Edge,Email,7,10,False,False
S0005416,U001414,2025-06-21,Mobile,iOS,Edge,Email,54,4,False,False
S0005417,U001271,2025-04-12,Tablet,macOS,Edge,Email,16,4,False,False
S0005418,U001231,2025-05-09,Desktop,Android,Firefox,Paid Search,21,12,False,False
S0005419,U000129,2024-05-15,Desktop,iOS,Chrome,Instagram,19,9,False,False
S0005420,U001139,2024-05-16,Desktop,iOS,Edge,Direct,22,7,False,False
S0005421,U001336,2025-12-27,Desktop,Android,Safari,Facebook,30,4,False,True
S0005422,U001564,2025-03-17,Tablet,macOS,Chrome,Facebook,30,1,True,False
S0005423,U000261,2025-02-28,Tablet,Windows,Firefox,Paid Search,54,3,False,False
S0005424,U001807,2024-10-08,Tablet,iOS,Safari,YouTube,39,3,False,False
S0005425,U001005,2024-09-16,Desktop,macOS,Edge,Organic Search,14,4,False,False
S0005426,U001274,2024-12-12,Mobile,Windows,Edge,Organic Search,60,5,False,False
S0005427,U001562,2024-08-23,Mobile,iOS,Chrome,Paid Search,13,8,False,False
S0005428,U000046,2024-03-25,Desktop,Windows,Firefox,Referral,48,8,False,False
S0005429,U001268,2024-11-09,Mobile,Windows,Chrome,Direct,38,11,False,False
S0005430,U001191,2025-05-10,Mobile,macOS,Edge,Direct,32,12,False,True
S0005431,U001173,2025-05-01,Tablet,iOS,Chrome,Organic Search,59,6,False,False
S0005432,U001438,2024-04-06,Mobile,Windows,Edge,YouTube,16,3,False,False
S0005433,U001761,2025-11-01,Mobile,macOS,Safari,Organic Search,40,11,False,False
S0005434,U001249,2025-04-04,Desktop,Windows,Firefox,Referral,57,8,False,True
S0005435,U001423,2024-05-18,Desktop,iOS,Firefox,Instagram,11,5,False,True
S0005436,U001678,2025-08-29,Tablet,Windows,Chrome,Instagram,45,4,False,False
S0005437,U000156,2024-09-27,Mobile,iOS,Edge,Facebook,13,12,False,False
S0005438,U000440,2025-03-17,Tablet,Android,Chrome,Paid Search,32,5,False,False
S0005439,U001241,2025-02-26,Tablet,Android,Firefox,Instagram,50,1,True,False
S0005440,U001794,2025-07-21,Mobile,Windows,Safari,Direct,26,6,False,True
S0005441,U001720,2025-04-19,Tablet,iOS,Edge,Email,25,8,False,False
S0005442,U001512,2025-01-28,Tablet,Windows,Safari,Organic Search,40,7,False,False
S0005443,U000304,2025-10-13,Desktop,Windows,Firefox,Direct,42,12,False,False
S0005444,U001038,2024-08-10,Desktop,Android,Edge,YouTube,56,3,False,False
S0005445,U001441,2024-08-28,Mobile,macOS,Chrome,YouTube,13,9,False,False
S0005446,U000826,2025-10-03,Tablet,Android,Firefox,Paid Search,36,2,False,False
S0005447,U000004,2025-07-04,Mobile,iOS,Edge,Facebook,51,8,False,False
S0005448,U000126,2025-08-26,Desktop,macOS,Edge,Instagram,42,6,False,True
S0005449,U000291,2025-12-23,Mobile,Android,Firefox,Referral,20,3,False,True
S0005450,U001544,2024-08-02,Desktop,iOS,Chrome,Organic Search,40,7,False,True
S0005451,U001340,2025-07-27,Desktop,iOS,Edge,Paid Search,22,8,False,False
S0005452,U000131,2024-05-06,Desktop,Windows,Chrome,Organic Search,57,6,False,False
S0005453,U001177,2025-10-10,Desktop,iOS,Chrome,YouTube,44,8,False,False
S0005454,U000235,2024-06-11,Tablet,Windows,Chrome,YouTube,24,4,False,True
S0005455,U001921,2025-08-04,Desktop,Android,Edge,Direct,35,12,False,False
S0005456,U000746,2024-09-01,Mobile,iOS,Edge,Direct,4,5,False,False
S0005457,U001711,2025-11-14,Mobile,iOS,Edge,Facebook,57,5,False,False
S0005458,U001606,2025-04-14,Mobile,Android,Safari,Referral,33,6,False,True
S0005459,U000688,2025-06-13,Tablet,Android,Edge,Organic Search,9,5,False,False
S0005460,U001420,2024-03-09,Tablet,macOS,Firefox,Direct,55,1,True,False
S0005461,U001674,2025-06-01,Desktop,iOS,Firefox,YouTube,5,10,False,False
S0005462,U000394,2024-04-01,Mobile,Windows,Edge,Organic Search,20,4,False,True
S0005463,U000540,2025-10-19,Desktop,Android,Firefox,Referral,37,8,False,False
S0005464,U000929,2025-01-15,Desktop,macOS,Edge,Organic Search,8,11,False,False
S0005465,U000311,2024-07-05,Desktop,macOS,Edge,Facebook,34,12,False,False
S0005466,U001092,2025-08-04,Desktop,Windows,Safari,Facebook,36,4,False,False
S0005467,U001330,2025-05-03,Mobile,Windows,Safari,Instagram,10,7,False,False
S0005468,U001321,2024-01-16,Desktop,iOS,Safari,Instagram,4,2,False,False
S0005469,U001712,2025-05-17,Desktop,Windows,Firefox,Referral,3,4,False,False
S0005470,U000321,2024-10-21,Tablet,Windows,Safari,Organic Search,13,7,False,False
S0005471,U001102,2025-12-09,Mobile,Windows,Chrome,Referral,8,3,False,True
S0005472,U001438,2024-04-19,Desktop,macOS,Firefox,Instagram,47,1,True,False
S0005473,U001678,2025-02-10,Tablet,iOS,Chrome,Email,19,5,False,False
S0005474,U000235,2025-03-30,Tablet,Android,Chrome,Facebook,52,8,False,False
S0005475,U000803,2025-04-21,Mobile,iOS,Edge,YouTube,56,2,False,False
S0005476,U001558,2025-05-23,Desktop,Android,Chrome,Referral,2,12,False,False
S0005477,U001807,2024-01-29,Mobile,Android,Chrome,Instagram,15,9,False,False
S0005478,U000694,2025-03-23,Desktop,Android,Safari,YouTube,49,7,False,False
S0005479,U000640,2025-06-11,Desktop,Android,Edge,Paid Search,55,9,False,False
S0005480,U000657,2025-03-18,Mobile,Android,Firefox,Instagram,22,5,False,False
S0005481,U001161,2024-09-25,Mobile,Android,Firefox,Organic Search,52,8,False,False
S0005482,U000880,2024-05-15,Desktop,Windows,Edge,Organic Search,28,6,False,False
S0005483,U001565,2024-08-31,Desktop,iOS,Edge,Direct,58,8,False,False
S0005484,U000957,2025-05-16,Tablet,Windows,Edge,Direct,37,8,False,False
S0005485,U000763,2024-08-22,Mobile,Android,Safari,Organic Search,60,3,False,False
S0005486,U000657,2025-11-18,Tablet,Android,Safari,Organic Search,43,4,False,False
S0005487,U001047,2025-04-03,Tablet,macOS,Chrome,Organic Search,44,3,False,False
S0005488,U000968,2024-10-03,Desktop,Windows,Chrome,Facebook,41,6,False,False
S0005489,U001546,2024-11-25,Desktop,macOS,Safari,Referral,7,1,True,False
S0005490,U001063,2025-07-25,Mobile,macOS,Edge,Referral,22,4,False,False
S0005491,U001167,2024-09-23,Tablet,iOS,Edge,Paid Search,31,4,False,False
S0005492,U001417,2025-05-16,Tablet,macOS,Edge,Direct,29,9,False,False
S0005493,U001333,2024-09-08,Mobile,iOS,Edge,YouTube,33,12,False,False
S0005494,U001989,2024-02-03,Tablet,iOS,Edge,Email,39,2,False,False
S0005495,U000640,2024-10-12,Tablet,macOS,Chrome,Paid Search,36,1,True,False
S0005496,U001662,2024-02-24,Tablet,Windows,Safari,Facebook,34,1,True,False
S0005497,U001006,2025-03-15,Tablet,macOS,Firefox,Email,21,6,False,False
S0005498,U001965,2025-07-13,Desktop,Windows,Chrome,Direct,32,1,True,False
S0005499,U001888,2025-09-13,Desktop,Android,Safari,Facebook,48,4,False,False
S0005500,U000884,2025-11-20,Tablet,Android,Safari,Referral,6,2,False,False
S0005501,U000380,2024-10-20,Tablet,Android,Chrome,Email,42,1,True,False
S0005502,U001546,2025-11-17,Desktop,iOS,Chrome,Email,45,11,False,False
S0005503,U000329,2024-02-18,Mobile,macOS,Safari,Direct,28,12,False,False
S0005504,U000061,2025-01-19,Tablet,Windows,Chrome,Organic Search,38,11,False,False
S0005505,U001651,2024-02-24,Desktop,iOS,Chrome,Instagram,59,2,False,False
S0005506,U000365,2025-02-10,Desktop,macOS,Chrome,Email,49,8,False,False
S0005507,U000381,2025-12-09,Desktop,Windows,Safari,Facebook,58,9,False,True
S0005508,U000646,2025-05-08,Mobile,macOS,Edge,Email,31,5,False,False
S0005509,U000810,2024-02-26,Mobile,macOS,Edge,YouTube,10,9,False,False
S0005510,U001694,2024-05-06,Desktop,macOS,Safari,Direct,10,4,False,True
S0005511,U001448,2024-08-07,Desktop,Android,Safari,YouTube,60,12,False,True
S0005512,U001941,2025-11-22,Tablet,iOS,Firefox,Direct,53,10,False,False
S0005513,U001230,2025-10-22,Tablet,macOS,Edge,Instagram,46,11,False,False
S0005514,U000240,2025-03-22,Desktop,Android,Firefox,Referral,15,10,False,False
S0005515,U001464,2025-03-05,Mobile,iOS,Chrome,Email,19,3,False,False
S0005516,U000519,2025-09-22,Tablet,Android,Safari,Email,52,5,False,False
S0005517,U001469,2025-11-09,Tablet,Android,Chrome,Facebook,57,5,False,False
S0005518,U000013,2024-01-28,Desktop,iOS,Safari,Organic Search,8,1,True,False
S0005519,U001675,2024-09-14,Desktop,macOS,Edge,YouTube,5,10,False,False
S0005520,U001705,2025-10-07,Desktop,macOS,Chrome,Referral,32,6,False,False
S0005521,U001174,2024-06-02,Tablet,macOS,Chrome,Organic Search,13,5,False,False
S0005522,U001419,2025-09-18,Mobile,macOS,Firefox,Instagram,30,2,False,False
S0005523,U000070,2024-12-19,Desktop,macOS,Edge,Direct,55,1,True,False
S0005524,U000020,2025-05-14,Desktop,iOS,Edge,Organic Search,13,2,False,False
S0005525,U001729,2025-12-01,Desktop,iOS,Safari,YouTube,10,1,True,False
S0005526,U001440,2024-05-03,Mobile,Android,Firefox,Email,26,8,False,False
S0005527,U000446,2025-01-10,Desktop,macOS,Safari,Direct,50,5,False,False
S0005528,U000872,2024-01-31,Tablet,macOS,Safari,Email,15,7,False,False
S0005529,U001992,2025-05-27,Desktop,Windows,Edge,Organic Search,29,9,False,False
S0005530,U000729,2024-04-20,Tablet,macOS,Safari,YouTube,54,5,False,False
S0005531,U000616,2025-08-13,Desktop,Windows,Firefox,Instagram,31,12,False,False
S0005532,U001267,2025-12-05,Tablet,Android,Firefox,Paid Search,59,1,True,False
S0005533,U000500,2024-01-28,Mobile,Windows,Firefox,Instagram,48,10,False,False
S0005534,U000251,2025-05-30,Mobile,Android,Safari,Paid Search,28,6,False,False
S0005535,U000403,2025-12-14,Desktop,Windows,Firefox,YouTube,41,4,False,False
S0005536,U000461,2024-04-07,Mobile,Android,Edge,Instagram,31,8,False,False
S0005537,U000731,2025-06-13,Tablet,macOS,Safari,Direct,51,12,False,True
S0005538,U000124,2025-02-24,Tablet,Windows,Firefox,Paid Search,44,7,False,False
S0005539,U001460,2024-05-13,Mobile,Android,Safari,Instagram,15,6,False,False
S0005540,U001532,2025-09-11,Mobile,Windows,Chrome,Paid Search,6,5,False,False
S0005541,U000727,2024-04-01,Desktop,macOS,Edge,YouTube,50,10,False,True
S0005542,U001859,2024-09-01,Mobile,macOS,Firefox,Referral,35,6,False,False
S0005543,U001534,2024-02-27,Desktop,iOS,Safari,Email,27,2,False,False
S0005544,U000433,2024-03-06,Tablet,Windows,Chrome,Organic Search,33,5,False,True
S0005545,U000471,2024-03-15,Desktop,Windows,Safari,YouTube,23,3,False,True
S0005546,U000520,2024-11-30,Desktop,Windows,Safari,YouTube,47,7,False,False
S0005547,U001514,2025-07-21,Tablet,Android,Safari,Email,19,6,False,False
S0005548,U001378,2024-08-21,Desktop,iOS,Safari,YouTube,14,2,False,True
S0005549,U000403,2025-08-01,Desktop,macOS,Safari,Email,2,4,False,True
S0005550,U000231,2025-01-07,Tablet,macOS,Firefox,Paid Search,42,6,False,False
S0005551,U000037,2025-04-04,Desktop,iOS,Safari,Organic Search,18,5,False,True
S0005552,U000593,2024-11-13,Mobile,Android,Firefox,Direct,12,8,False,False
S0005553,U001608,2025-11-28,Mobile,macOS,Firefox,Instagram,58,6,False,True
S0005554,U000014,2024-01-21,Tablet,Windows,Chrome,Facebook,20,12,False,False
S0005555,U000592,2024-12-18,Desktop,Windows,Chrome,Direct,31,6,False,False
S0005556,U000294,2024-02-21,Tablet,macOS,Chrome,Email,51,12,False,False
S0005557,U001847,2025-01-31,Mobile,macOS,Edge,YouTube,18,2,False,False
S0005558,U001925,2025-04-14,Tablet,Android,Chrome,Paid Search,5,1,True,True
S0005559,U000845,2025-07-17,Tablet,Android,Safari,Organic Search,24,4,False,False
S0005560,U001909,2024-05-15,Mobile,macOS,Edge,Facebook,3,12,False,False
S0005561,U000560,2024-05-28,Mobile,iOS,Chrome,Facebook,6,10,False,False
S0005562,U001217,2025-05-12,Tablet,Windows,Firefox,Referral,17,8,False,False
S0005563,U001933,2025-02-21,Tablet,Windows,Edge,Instagram,38,3,False,False
S0005564,U001779,2025-12-18,Desktop,Android,Edge,Email,31,7,False,False
S0005565,U001949,2024-05-22,Desktop,Windows,Firefox,Paid Search,21,7,False,False
S0005566,U001822,2024-01-05,Mobile,Android,Safari,YouTube,30,9,False,False
S0005567,U001696,2025-05-12,Desktop,macOS,Safari,Referral,40,9,False,False
S0005568,U000238,2025-06-23,Tablet,iOS,Safari,Organic Search,45,4,False,False
S0005569,U000417,2025-02-22,Tablet,macOS,Safari,Instagram,47,9,False,False
S0005570,U001191,2024-04-21,Mobile,iOS,Safari,YouTube,10,2,False,False
S0005571,U001992,2025-05-22,Tablet,Windows,Chrome,Organic Search,48,5,False,False
S0005572,U001399,2025-04-18,Tablet,iOS,Edge,YouTube,22,2,False,False
S0005573,U001436,2024-02-20,Mobile,Android,Edge,Organic Search,60,5,False,False
S0005574,U001105,2025-03-23,Tablet,iOS,Safari,Organic Search,24,9,False,False
S0005575,U001925,2025-05-08,Mobile,macOS,Edge,Referral,45,9,False,False
S0005576,U001394,2024-10-21,Mobile,macOS,Safari,Organic Search,16,11,False,False
S0005577,U000900,2024-12-04,Mobile,macOS,Edge,Instagram,28,12,False,False
S0005578,U001109,2025-03-15,Tablet,macOS,Edge,YouTube,1,10,False,True
S0005579,U000749,2024-12-12,Tablet,Windows,Firefox,YouTube,7,2,False,False
S0005580,U000947,2024-12-02,Tablet,Android,Edge,Email,45,1,True,False
S0005581,U001206,2024-01-27,Desktop,Android,Safari,Instagram,9,12,False,False
S0005582,U001172,2025-04-15,Mobile,Windows,Safari,Email,44,5,False,False
S0005583,U001745,2025-03-24,Mobile,Windows,Edge,Referral,8,2,False,True
S0005584,U001847,2025-02-27,Mobile,Windows,Safari,Facebook,11,3,False,False
S0005585,U000684,2024-10-20,Tablet,Android,Edge,Referral,43,11,False,False
S0005586,U001067,2024-08-08,Mobile,iOS,Safari,Email,16,4,False,False
S0005587,U001796,2025-02-07,Mobile,Android,Edge,YouTube,21,5,False,False
S0005588,U000338,2025-01-02,Mobile,macOS,Safari,Email,50,7,False,False
S0005589,U001719,2024-02-07,Desktop,iOS,Edge,YouTube,38,1,True,False
S0005590,U000352,2025-12-11,Tablet,Windows,Edge,Direct,28,4,False,False
S0005591,U000476,2024-10-19,Mobile,macOS,Chrome,YouTube,34,1,True,True
S0005592,U000146,2025-06-13,Tablet,Android,Chrome,Facebook,2,10,False,False
S0005593,U000767,2024-02-10,Tablet,Android,Safari,Paid Search,5,8,False,False
S0005594,U001686,2025-12-10,Mobile,Windows,Firefox,Instagram,11,4,False,False
S0005595,U000250,2024-11-21,Tablet,macOS,Firefox,Paid Search,41,5,False,False
S0005596,U000334,2024-08-05,Mobile,Android,Firefox,Referral,45,11,False,False
S0005597,U000688,2025-02-18,Desktop,macOS,Chrome,Email,10,6,False,True
S0005598,U000557,2025-06-01,Mobile,macOS,Chrome,Organic Search,10,3,False,False
S0005599,U000146,2024-08-23,Desktop,macOS,Firefox,Facebook,57,4,False,False
S0005600,U001840,2024-12-19,Tablet,Windows,Firefox,Email,59,4,False,False
S0005601,U001133,2025-07-23,Tablet,Android,Edge,Direct,15,10,False,False
S0005602,U001092,2024-06-06,Mobile,Windows,Chrome,Direct,53,11,False,False
S0005603,U001644,2025-03-16,Tablet,Android,Safari,Facebook,34,2,False,False
S0005604,U001200,2024-05-20,Mobile,Android,Chrome,Organic Search,22,10,False,False
S0005605,U000706,2024-09-27,Tablet,Windows,Edge,Facebook,25,8,False,False
S0005606,U000001,2025-12-30,Desktop,Windows,Safari,Instagram,27,9,False,False
S0005607,U001954,2024-02-24,Tablet,macOS,Firefox,Referral,26,2,False,False
S0005608,U001767,2025-12-22,Mobile,iOS,Chrome,YouTube,9,7,False,False
S0005609,U001520,2025-03-20,Desktop,macOS,Edge,Referral,35,9,False,False
S0005610,U001692,2024-09-21,Tablet,Android,Safari,YouTube,50,6,False,False
S0005611,U001260,2024-05-19,Tablet,Windows,Safari,Email,36,10,False,False
S0005612,U001114,2025-06-15,Mobile,Windows,Chrome,Email,53,12,False,False
S0005613,U001952,2025-06-20,Tablet,Android,Edge,Referral,7,7,False,False
S0005614,U001706,2025-12-14,Mobile,iOS,Edge,Organic Search,37,10,False,False
S0005615,U001388,2024-07-20,Mobile,macOS,Edge,Instagram,22,7,False,False
S0005616,U001721,2024-11-13,Desktop,macOS,Firefox,Direct,52,3,False,False
S0005617,U001908,2025-11-03,Mobile,iOS,Edge,Organic Search,40,11,False,False
S0005618,U000660,2024-03-15,Mobile,Windows,Firefox,YouTube,52,4,False,False
S0005619,U000680,2025-12-24,Desktop,Windows,Chrome,Organic Search,41,1,True,False
S0005620,U000501,2025-09-03,Desktop,Windows,Chrome,Referral,7,10,False,False
S0005621,U000833,2024-07-29,Desktop,Android,Safari,Paid Search,11,7,False,False
S0005622,U001002,2025-05-12,Mobile,Windows,Firefox,Email,27,8,False,False
S0005623,U001057,2025-02-18,Desktop,iOS,Chrome,Instagram,60,12,False,False
S0005624,U001310,2024-07-26,Mobile,macOS,Firefox,Direct,54,8,False,False
S0005625,U001436,2025-07-02,Mobile,iOS,Chrome,Instagram,17,8,False,False
S0005626,U000644,2024-12-07,Desktop,iOS,Chrome,Facebook,40,8,False,False
S0005627,U000333,2025-10-11,Desktop,Android,Chrome,YouTube,28,11,False,False
S0005628,U000012,2025-10-13,Tablet,iOS,Safari,Facebook,2,4,False,False
S0005629,U000930,2025-02-06,Desktop,Android,Safari,Email,7,12,False,False
S0005630,U000065,2025-10-10,Tablet,Android,Chrome,Direct,45,12,False,False
S0005631,U001157,2025-05-21,Mobile,Windows,Edge,Instagram,56,4,False,True
S0005632,U001636,2025-05-07,Mobile,Windows,Firefox,Direct,10,1,True,True
S0005633,U000285,2025-11-11,Tablet,Windows,Safari,Direct,43,7,False,False
S0005634,U001271,2025-06-06,Desktop,macOS,Chrome,Referral,57,6,False,False
S0005635,U001163,2024-04-17,Desktop,Windows,Safari,Paid Search,57,11,False,False
S0005636,U001838,2024-02-26,Tablet,Android,Chrome,Referral,25,2,False,False
S0005637,U001781,2024-01-07,Tablet,Windows,Safari,Direct,60,9,False,False
S0005638,U000053,2025-02-15,Tablet,macOS,Firefox,Direct,26,7,False,False
S0005639,U000480,2024-05-05,Mobile,iOS,Firefox,Facebook,11,4,False,False
S0005640,U000664,2025-04-17,Tablet,iOS,Firefox,Instagram,26,2,False,True
S0005641,U000360,2025-11-27,Mobile,Windows,Safari,Organic Search,60,12,False,False
S0005642,U000959,2024-10-02,Tablet,iOS,Chrome,Instagram,19,10,False,False
S0005643,U000537,2025-04-01,Mobile,iOS,Firefox,Paid Search,60,4,False,False
S0005644,U001843,2024-11-25,Tablet,Android,Chrome,Email,44,11,False,False
S0005645,U000186,2025-03-11,Tablet,Windows,Safari,Referral,10,2,False,False
S0005646,U000340,2025-02-12,Tablet,Windows,Firefox,YouTube,52,1,True,False
S0005647,U001520,2025-11-18,Mobile,macOS,Edge,YouTube,54,2,False,True
S0005648,U001792,2024-06-25,Tablet,iOS,Chrome,YouTube,4,8,False,False
S0005649,U001178,2025-04-21,Mobile,macOS,Firefox,Organic Search,57,5,False,False
S0005650,U000868,2024-12-20,Tablet,iOS,Firefox,Instagram,57,1,True,False
S0005651,U001525,2025-11-02,Tablet,Android,Safari,Direct,7,12,False,False
S0005652,U000915,2025-12-13,Tablet,Windows,Chrome,YouTube,40,5,False,False
S0005653,U000322,2025-01-30,Desktop,macOS,Edge,Facebook,59,7,False,False
S0005654,U001796,2025-04-23,Mobile,iOS,Firefox,Referral,34,12,False,False
S0005655,U000437,2025-12-01,Tablet,Windows,Edge,Email,20,12,False,False
S0005656,U000903,2024-06-29,Tablet,Android,Edge,Facebook,59,8,False,False
S0005657,U001614,2025-04-03,Mobile,Windows,Safari,Paid Search,24,9,False,False
S0005658,U001184,2025-07-20,Tablet,macOS,Firefox,YouTube,26,10,False,False
S0005659,U001399,2024-08-20,Mobile,Android,Firefox,Referral,36,10,False,False
S0005660,U000709,2024-12-17,Mobile,iOS,Safari,Referral,27,9,False,True
S0005661,U000958,2025-03-25,Mobile,iOS,Firefox,YouTube,23,11,False,True
S0005662,U001338,2024-03-30,Desktop,Android,Chrome,Email,13,7,False,False
S0005663,U000155,2025-10-07,Desktop,Android,Firefox,Facebook,44,7,False,False
S0005664,U000306,2024-11-24,Mobile,macOS,Edge,Facebook,60,5,False,False
S0005665,U001660,2025-04-23,Desktop,macOS,Firefox,Paid Search,23,6,False,False
S0005666,U000965,2024-12-07,Tablet,Android,Edge,Email,7,10,False,False
S0005667,U000420,2024-12-07,Desktop,Windows,Chrome,Facebook,26,4,False,False
S0005668,U000492,2025-02-24,Tablet,macOS,Safari,Paid Search,18,8,False,False
S0005669,U000183,2024-01-24,Desktop,iOS,Firefox,YouTube,37,5,False,False
S0005670,U001948,2024-07-28,Tablet,macOS,Safari,Facebook,6,5,False,True
S0005671,U000833,2025-04-28,Mobile,macOS,Firefox,Organic Search,6,9,False,False
S0005672,U001858,2025-02-08,Mobile,Android,Edge,Direct,21,4,False,False
S0005673,U000520,2025-07-07,Desktop,Android,Chrome,Instagram,30,7,False,False
S0005674,U000513,2024-06-13,Tablet,macOS,Firefox,Instagram,51,8,False,False
S0005675,U000347,2024-12-01,Tablet,macOS,Chrome,YouTube,53,11,False,False
S0005676,U000287,2025-02-03,Desktop,Android,Firefox,Instagram,40,2,False,False
S0005677,U001732,2025-05-17,Tablet,Windows,Chrome,Instagram,42,3,False,False
S0005678,U001956,2025-11-13,Mobile,Windows,Safari,Referral,21,5,False,False
S0005679,U001216,2024-07-31,Mobile,macOS,Edge,Organic Search,16,12,False,True
S0005680,U001746,2024-01-08,Tablet,Android,Edge,YouTube,53,6,False,False
S0005681,U001568,2024-01-10,Tablet,macOS,Safari,Direct,55,5,False,True
S0005682,U001674,2024-03-09,Desktop,Windows,Edge,Direct,49,9,False,False
S0005683,U001684,2024-02-20,Mobile,macOS,Safari,Direct,60,7,False,False
S0005684,U001110,2025-01-03,Desktop,iOS,Chrome,YouTube,24,5,False,True
S0005685,U000911,2025-05-20,Mobile,iOS,Edge,Direct,56,9,False,False
S0005686,U001855,2024-08-04,Desktop,macOS,Edge,Paid Search,54,9,False,True
S0005687,U001581,2024-12-04,Desktop,Android,Safari,Facebook,49,8,False,False
S0005688,U001548,2025-10-08,Tablet,macOS,Edge,Facebook,13,8,False,False
S0005689,U000001,2024-10-05,Mobile,iOS,Chrome,YouTube,9,8,False,False
S0005690,U001131,2025-07-19,Tablet,Windows,Firefox,Email,21,1,True,False
S0005691,U001601,2024-03-08,Desktop,Windows,Firefox,Facebook,7,7,False,False
S0005692,U000113,2024-05-06,Desktop,iOS,Edge,Facebook,36,9,False,False
S0005693,U001400,2025-07-12,Tablet,Android,Edge,Facebook,3,8,False,False
S0005694,U001093,2025-08-24,Tablet,Android,Edge,Direct,23,7,False,False
S0005695,U001797,2024-05-21,Desktop,Windows,Chrome,Direct,54,9,False,True
S0005696,U000464,2025-01-31,Desktop,Windows,Edge,Email,10,9,False,False
S0005697,U001283,2024-07-08,Desktop,iOS,Edge,Email,17,10,False,False
S0005698,U001853,2024-10-08,Mobile,iOS,Firefox,Instagram,25,8,False,False
S0005699,U001667,2025-01-06,Tablet,macOS,Safari,Paid Search,18,10,False,True
S0005700,U000960,2024-04-22,Mobile,Android,Chrome,Paid Search,14,9,False,False
S0005701,U001710,2025-10-18,Desktop,macOS,Firefox,Referral,40,7,False,False
S0005702,U001424,2024-03-22,Mobile,Android,Firefox,YouTube,21,11,False,False
S0005703,U001074,2025-11-02,Tablet,Android,Edge,Direct,25,4,False,False
S0005704,U000775,2025-08-28,Tablet,macOS,Safari,Referral,29,1,True,False
S0005705,U001198,2025-03-17,Desktop,Android,Firefox,Organic Search,32,4,False,True
S0005706,U000496,2024-08-15,Mobile,Android,Safari,Paid Search,29,8,False,True
S0005707,U001583,2025-03-23,Desktop,macOS,Edge,YouTube,44,1,True,False
S0005708,U001568,2025-09-16,Mobile,Windows,Firefox,Facebook,43,4,False,False
S0005709,U001127,2025-04-04,Desktop,Windows,Edge,Direct,25,2,False,False
S0005710,U000992,2024-01-29,Tablet,macOS,Edge,Paid Search,35,11,False,False
S0005711,U001207,2025-01-20,Mobile,iOS,Edge,YouTube,43,10,False,False
S0005712,U000776,2025-12-09,Tablet,Windows,Chrome,Instagram,59,12,False,False
S0005713,U001564,2025-04-23,Mobile,Windows,Edge,Email,45,9,False,True
S0005714,U001089,2025-06-29,Tablet,Android,Chrome,Organic Search,6,6,False,False
S0005715,U001841,2024-11-25,Desktop,Android,Chrome,Paid Search,37,7,False,True
S0005716,U001512,2025-12-20,Desktop,Android,Firefox,Referral,36,12,False,False
S0005717,U000719,2024-06-29,Tablet,Windows,Safari,Instagram,51,4,False,True
S0005718,U000337,2024-10-21,Mobile,Windows,Chrome,YouTube,31,3,False,False
S0005719,U001514,2024-03-22,Desktop,macOS,Edge,Direct,45,6,False,False
S0005720,U001936,2025-02-02,Desktop,Windows,Firefox,Email,44,5,False,False
S0005721,U000739,2025-02-20,Desktop,Windows,Firefox,Facebook,28,1,True,False
S0005722,U001282,2024-05-02,Tablet,iOS,Edge,Paid Search,41,1,True,False
S0005723,U000916,2025-10-02,Tablet,macOS,Edge,Direct,29,12,False,False
S0005724,U001873,2025-06-05,Tablet,iOS,Safari,Referral,38,3,False,False
S0005725,U001832,2025-01-17,Desktop,Windows,Safari,Email,7,9,False,False
S0005726,U001849,2025-10-14,Mobile,macOS,Safari,YouTube,9,8,False,False
S0005727,U001098,2025-11-27,Mobile,Windows,Chrome,Facebook,29,11,False,False
S0005728,U000828,2025-04-23,Desktop,macOS,Firefox,Email,30,11,False,False
S0005729,U001388,2024-09-11,Desktop,Windows,Edge,Facebook,23,10,False,False
S0005730,U000521,2024-01-05,Desktop,macOS,Safari,Instagram,58,1,True,False
S0005731,U001901,2025-09-13,Tablet,iOS,Safari,Direct,45,3,False,False
S0005732,U000998,2025-01-14,Desktop,Windows,Chrome,Email,12,11,False,False
S0005733,U000432,2024-08-04,Mobile,iOS,Edge,Referral,41,9,False,False
S0005734,U000067,2024-11-21,Tablet,iOS,Edge,YouTube,7,1,True,False
S0005735,U001953,2025-04-03,Mobile,Windows,Safari,Instagram,4,10,False,False
S0005736,U000635,2024-12-12,Tablet,macOS,Firefox,Direct,4,8,False,False
S0005737,U001819,2025-08-13,Mobile,macOS,Safari,Referral,11,2,False,False
S0005738,U001469,2025-04-16,Mobile,Android,Chrome,Paid Search,29,5,False,False
S0005739,U001086,2024-08-03,Desktop,iOS,Edge,YouTube,26,4,False,False
S0005740,U000226,2025-11-08,Desktop,Windows,Chrome,Email,57,4,False,False
S0005741,U000091,2025-09-04,Tablet,macOS,Firefox,Referral,21,6,False,False
S0005742,U001826,2025-07-07,Desktop,Windows,Firefox,Paid Search,11,8,False,False
S0005743,U000778,2025-12-03,Desktop,Android,Edge,Organic Search,47,5,False,False
S0005744,U000199,2025-11-07,Desktop,Windows,Firefox,YouTube,11,7,False,False
S0005745,U000609,2024-05-29,Tablet,macOS,Chrome,YouTube,5,9,False,False
S0005746,U001525,2024-11-08,Mobile,iOS,Safari,Organic Search,57,5,False,True
S0005747,U001834,2025-07-03,Tablet,Windows,Edge,Email,17,11,False,False
S0005748,U001874,2024-09-28,Mobile,Windows,Edge,Referral,28,4,False,False
S0005749,U000266,2024-12-31,Mobile,Android,Firefox,Referral,39,9,False,True
S0005750,U000580,2024-09-16,Tablet,macOS,Safari,Email,10,12,False,False
S0005751,U001745,2025-10-26,Desktop,macOS,Firefox,Paid Search,35,12,False,False
S0005752,U000377,2024-08-24,Desktop,macOS,Safari,Organic Search,40,7,False,False
S0005753,U001539,2025-05-16,Mobile,macOS,Firefox,Paid Search,16,10,False,False
S0005754,U000029,2024-12-20,Mobile,macOS,Firefox,Organic Search,20,4,False,False
S0005755,U001599,2025-09-12,Tablet,Android,Edge,YouTube,22,4,False,True
S0005756,U001536,2025-10-25,Desktop,macOS,Safari,Paid Search,49,1,True,False
S0005757,U000215,2024-02-03,Tablet,Android,Safari,Organic Search,23,2,False,True
S0005758,U001888,2025-09-27,Mobile,iOS,Chrome,Email,16,3,False,False
S0005759,U001317,2025-12-17,Mobile,macOS,Firefox,Instagram,25,1,True,False
S0005760,U000279,2024-12-31,Desktop,Android,Firefox,Organic Search,24,8,False,False
S0005761,U001384,2025-07-08,Mobile,macOS,Firefox,Facebook,35,2,False,False
S0005762,U000707,2024-11-12,Desktop,macOS,Firefox,Facebook,46,9,False,False
S0005763,U000936,2025-09-22,Mobile,macOS,Chrome,Paid Search,58,8,False,False
S0005764,U000677,2024-11-05,Desktop,macOS,Firefox,Instagram,38,3,False,False
S0005765,U001601,2024-02-07,Mobile,Android,Safari,Paid Search,31,10,False,False
S0005766,U001734,2025-06-12,Mobile,iOS,Chrome,Referral,60,12,False,True
S0005767,U001236,2025-11-07,Mobile,macOS,Firefox,Organic Search,2,9,False,False
S0005768,U001872,2024-05-28,Mobile,macOS,Safari,Paid Search,34,2,False,False
S0005769,U001829,2025-03-20,Mobile,Windows,Safari,Facebook,14,6,False,False
S0005770,U000062,2025-10-25,Tablet,iOS,Firefox,Instagram,22,4,False,False
S0005771,U001349,2025-06-27,Tablet,macOS,Edge,Facebook,20,3,False,False
S0005772,U000143,2024-11-04,Desktop,Android,Safari,Direct,18,11,False,False
S0005773,U000783,2025-12-01,Tablet,Android,Edge,Email,43,1,True,True
S0005774,U000666,2024-10-18,Mobile,iOS,Safari,YouTube,31,10,False,False
S0005775,U001052,2024-06-06,Desktop,Windows,Chrome,Paid Search,43,6,False,True
S0005776,U001264,2025-03-02,Desktop,iOS,Chrome,Paid Search,26,6,False,False
S0005777,U001866,2025-11-28,Desktop,iOS,Chrome,Organic Search,23,1,True,False
S0005778,U001634,2025-08-12,Mobile,macOS,Safari,Organic Search,44,11,False,False
S0005779,U000253,2025-07-25,Desktop,macOS,Edge,Paid Search,23,7,False,False
S0005780,U000921,2025-12-14,Tablet,iOS,Edge,Organic Search,13,7,False,True
S0005781,U001837,2025-10-23,Desktop,Android,Edge,Referral,59,1,True,False
S0005782,U000365,2024-04-13,Mobile,macOS,Chrome,Organic Search,34,3,False,False
S0005783,U001197,2024-11-06,Desktop,macOS,Edge,Paid Search,39,11,False,False
S0005784,U000270,2025-04-05,Mobile,Windows,Chrome,YouTube,37,2,False,False
S0005785,U001132,2025-07-29,Mobile,Windows,Firefox,Referral,22,2,False,False
S0005786,U000308,2025-03-09,Desktop,macOS,Chrome,Organic Search,12,2,False,False
S0005787,U000140,2024-07-22,Desktop,Windows,Safari,Organic Search,40,4,False,False
S0005788,U000131,2024-02-13,Tablet,iOS,Firefox,Instagram,58,3,False,True
S0005789,U001376,2024-02-22,Tablet,macOS,Chrome,Organic Search,1,11,False,False
S0005790,U000942,2024-04-26,Tablet,iOS,Edge,Email,42,6,False,False
S0005791,U000999,2025-02-22,Desktop,Android,Edge,Facebook,9,6,False,False
S0005792,U001342,2024-10-31,Mobile,Android,Chrome,Direct,39,3,False,False
S0005793,U000295,2024-07-29,Mobile,Android,Firefox,Email,44,5,False,False
S0005794,U001902,2025-02-19,Desktop,Windows,Edge,Direct,16,12,False,True
S0005795,U000255,2025-02-26,Tablet,Windows,Firefox,Referral,9,8,False,False
S0005796,U000796,2024-12-05,Tablet,Android,Chrome,Paid Search,42,5,False,False
S0005797,U001992,2025-07-27,Desktop,Windows,Safari,YouTube,8,1,True,False
S0005798,U001643,2024-07-31,Desktop,iOS,Edge,Email,53,7,False,False
S0005799,U000125,2025-03-22,Tablet,Android,Firefox,Referral,19,11,False,False
S0005800,U001236,2024-04-18,Mobile,Windows,Chrome,Organic Search,33,5,False,False
S0005801,U001352,2025-04-29,Desktop,Windows,Edge,YouTube,13,4,False,False
S0005802,U000993,2024-04-12,Desktop,Windows,Safari,Organic Search,14,8,False,False
S0005803,U001884,2024-03-26,Tablet,iOS,Chrome,Paid Search,21,1,True,False
S0005804,U001948,2024-08-13,Tablet,macOS,Firefox,Instagram,26,4,False,False
S0005805,U001133,2024-09-22,Mobile,macOS,Edge,Instagram,44,8,False,False
S0005806,U001152,2025-05-22,Desktop,Android,Safari,Organic Search,57,4,False,True
S0005807,U001105,2024-12-19,Mobile,Android,Safari,Direct,11,8,False,False
S0005808,U001277,2024-12-09,Tablet,macOS,Chrome,Direct,57,8,False,False
S0005809,U001466,2024-10-03,Mobile,Windows,Safari,Instagram,12,10,False,False
S0005810,U001209,2024-04-14,Mobile,Android,Firefox,Organic Search,6,2,False,True
S0005811,U001701,2024-06-01,Desktop,macOS,Firefox,YouTube,37,10,False,False
S0005812,U001443,2024-11-23,Tablet,Windows,Safari,Paid Search,18,12,False,False
S0005813,U000791,2025-03-04,Tablet,Android,Firefox,Facebook,14,1,True,False
S0005814,U001765,2024-03-17,Mobile,iOS,Edge,Email,12,12,False,False
S0005815,U000415,2024-08-19,Mobile,Windows,Chrome,Organic Search,9,2,False,False
S0005816,U001611,2024-06-29,Tablet,iOS,Safari,Organic Search,19,12,False,False
S0005817,U000735,2024-08-10,Tablet,Android,Chrome,Instagram,13,1,True,False
S0005818,U000697,2024-01-14,Mobile,Windows,Edge,Organic Search,56,9,False,False
S0005819,U000988,2024-06-08,Mobile,Windows,Edge,Instagram,50,8,False,False
S0005820,U001478,2024-09-12,Mobile,macOS,Chrome,YouTube,23,7,False,False
S0005821,U001529,2024-07-17,Tablet,Windows,Firefox,Email,46,3,False,False
S0005822,U001532,2025-11-24,Mobile,macOS,Edge,Organic Search,34,8,False,False
S0005823,U001847,2025-11-04,Tablet,macOS,Edge,Referral,23,4,False,False
S0005824,U000227,2025-11-16,Tablet,macOS,Safari,Email,27,4,False,True
S0005825,U000982,2024-03-27,Mobile,macOS,Edge,Referral,60,11,False,False
S0005826,U001966,2025-01-13,Desktop,Windows,Edge,Paid Search,58,7,False,False
S0005827,U001342,2025-06-01,Mobile,macOS,Firefox,YouTube,18,3,False,False
S0005828,U001073,2024-02-10,Desktop,Android,Chrome,Facebook,40,5,False,True
S0005829,U001053,2025-07-27,Tablet,macOS,Firefox,Direct,2,2,False,False
S0005830,U000617,2024-11-11,Mobile,macOS,Chrome,Facebook,40,6,False,False
S0005831,U001606,2024-02-06,Desktop,Windows,Firefox,YouTube,57,3,False,False
S0005832,U001478,2024-08-18,Mobile,iOS,Edge,Paid Search,44,4,False,False
S0005833,U000789,2024-11-26,Desktop,Windows,Safari,Facebook,10,1,True,True
S0005834,U000250,2024-11-23,Tablet,iOS,Chrome,Instagram,60,9,False,False
S0005835,U000190,2025-05-07,Desktop,macOS,Chrome,Email,23,10,False,False
S0005836,U001220,2025-08-27,Tablet,macOS,Chrome,Email,56,3,False,False
S0005837,U000216,2025-11-07,Tablet,iOS,Edge,Email,40,6,False,False
S0005838,U000725,2025-03-12,Mobile,Android,Chrome,YouTube,43,6,False,False
S0005839,U001750,2025-10-26,Desktop,Windows,Edge,Instagram,37,9,False,False
S0005840,U001758,2024-09-10,Tablet,macOS,Edge,Direct,41,7,False,False
S0005841,U001687,2025-01-13,Mobile,macOS,Firefox,Instagram,18,11,False,False
S0005842,U000621,2024-11-19,Desktop,macOS,Edge,Email,27,2,False,False
S0005843,U001436,2025-06-14,Mobile,macOS,Edge,Referral,22,11,False,False
S0005844,U000051,2024-04-04,Desktop,Android,Safari,Organic Search,18,12,False,False
S0005845,U000932,2025-09-22,Desktop,iOS,Safari,Paid Search,57,6,False,False
S0005846,U001666,2025-03-21,Desktop,Windows,Safari,Facebook,29,4,False,False
S0005847,U001612,2024-08-30,Mobile,macOS,Safari,Facebook,19,8,False,False
S0005848,U001737,2025-04-07,Tablet,Android,Safari,Organic Search,1,10,False,False
S0005849,U001190,2024-02-22,Tablet,Windows,Chrome,Referral,10,11,False,False
S0005850,U000192,2025-05-20,Desktop,iOS,Chrome,Direct,49,2,False,False
S0005851,U001028,2025-12-02,Desktop,macOS,Chrome,Organic Search,50,4,False,False
S0005852,U000414,2024-05-31,Mobile,iOS,Firefox,Facebook,50,9,False,False
S0005853,U000149,2024-07-22,Desktop,iOS,Chrome,Paid Search,25,11,False,False
S0005854,U001336,2024-11-06,Mobile,Android,Safari,Organic Search,12,5,False,False
S0005855,U001952,2025-04-29,Tablet,Android,Chrome,Referral,28,10,False,True
S0005856,U000963,2025-10-28,Tablet,iOS,Edge,Paid Search,46,3,False,False
S0005857,U000021,2024-11-25,Tablet,Android,Edge,YouTube,36,7,False,False
S0005858,U001215,2024-01-19,Desktop,macOS,Firefox,Facebook,31,6,False,False
S0005859,U001584,2024-06-12,Desktop,macOS,Firefox,Instagram,44,9,False,False
S0005860,U001414,2025-08-17,Mobile,Windows,Safari,Direct,38,12,False,False
S0005861,U001599,2024-06-01,Mobile,macOS,Chrome,YouTube,19,12,False,False
S0005862,U001784,2024-09-17,Tablet,macOS,Firefox,Referral,13,4,False,False
S0005863,U000458,2025-12-12,Desktop,Android,Edge,YouTube,10,12,False,False
S0005864,U001803,2025-04-07,Desktop,Windows,Firefox,Email,48,9,False,False
S0005865,U000112,2025-08-22,Tablet,macOS,Edge,Organic Search,26,5,False,True
S0005866,U000026,2024-05-10,Tablet,Android,Chrome,Referral,45,11,False,False
S0005867,U000729,2024-07-11,Desktop,macOS,Edge,Facebook,20,11,False,False
S0005868,U001612,2025-08-09,Mobile,iOS,Firefox,Paid Search,6,11,False,False
S0005869,U001187,2024-11-09,Mobile,iOS,Chrome,Facebook,47,3,False,False
S0005870,U000555,2024-08-28,Tablet,Android,Firefox,Facebook,11,2,False,False
S0005871,U001068,2024-07-29,Tablet,Windows,Firefox,Email,50,6,False,False
S0005872,U001946,2024-01-17,Mobile,iOS,Chrome,Organic Search,20,4,False,False
S0005873,U001791,2025-03-06,Tablet,Android,Chrome,Instagram,34,12,False,False
S0005874,U000840,2024-02-21,Tablet,Windows,Firefox,Facebook,5,1,True,False
S0005875,U000520,2025-09-08,Tablet,Android,Edge,Facebook,49,10,False,False
S0005876,U000146,2025-01-06,Mobile,iOS,Edge,Referral,38,5,False,False
S0005877,U001929,2025-11-10,Desktop,Windows,Firefox,Referral,4,7,False,True
S0005878,U001989,2025-05-04,Desktop,Windows,Safari,Organic Search,26,5,False,False
S0005879,U000940,2024-10-12,Mobile,Android,Firefox,Paid Search,16,3,False,False
S0005880,U001195,2024-05-30,Tablet,Android,Chrome,Paid Search,30,11,False,False
S0005881,U000404,2024-10-03,Mobile,iOS,Firefox,YouTube,30,1,True,True
S0005882,U001805,2024-10-25,Mobile,macOS,Chrome,Referral,1,10,False,True
S0005883,U000777,2024-08-28,Tablet,iOS,Chrome,Direct,11,1,True,False
S0005884,U001372,2025-12-12,Tablet,iOS,Edge,Paid Search,29,1,True,False
S0005885,U000651,2025-11-03,Tablet,macOS,Chrome,Referral,23,3,False,False
S0005886,U001107,2025-09-10,Desktop,macOS,Chrome,Instagram,34,7,False,False
S0005887,U000238,2025-06-06,Tablet,macOS,Firefox,YouTube,27,4,False,False
S0005888,U001485,2024-05-29,Mobile,iOS,Firefox,YouTube,41,11,False,False
S0005889,U000339,2025-01-01,Tablet,macOS,Edge,Instagram,37,7,False,True
S0005890,U000434,2025-07-25,Tablet,macOS,Firefox,Direct,15,7,False,False
S0005891,U001750,2024-03-12,Tablet,macOS,Chrome,Paid Search,36,11,False,False
S0005892,U000066,2024-07-03,Tablet,macOS,Edge,Instagram,53,12,False,False
S0005893,U001480,2025-09-19,Mobile,Android,Edge,Paid Search,50,5,False,False
S0005894,U001689,2025-03-15,Desktop,Windows,Safari,Facebook,6,12,False,False
S0005895,U001990,2025-06-10,Tablet,Android,Chrome,Facebook,21,5,False,False
S0005896,U001185,2025-04-11,Tablet,Windows,Chrome,Email,55,10,False,False
S0005897,U000905,2024-07-12,Desktop,Windows,Safari,Paid Search,3,12,False,False
S0005898,U001174,2025-01-06,Mobile,macOS,Safari,Referral,33,6,False,False
S0005899,U000442,2025-04-06,Mobile,Android,Chrome,Instagram,4,7,False,False
S0005900,U000439,2024-10-11,Tablet,Windows,Firefox,Organic Search,31,8,False,False
S0005901,U001793,2025-01-09,Desktop,Windows,Chrome,Instagram,25,10,False,False
S0005902,U001094,2025-08-31,Mobile,iOS,Safari,Facebook,19,3,False,False
S0005903,U000049,2024-06-17,Tablet,iOS,Chrome,Referral,3,9,False,False
S0005904,U001888,2024-04-09,Mobile,Android,Edge,Instagram,20,5,False,False
S0005905,U001345,2025-09-19,Mobile,iOS,Firefox,Direct,35,11,False,False
S0005906,U001258,2025-07-06,Mobile,Windows,Safari,Paid Search,26,4,False,False
S0005907,U000078,2024-02-25,Tablet,Windows,Firefox,Email,32,8,False,False
S0005908,U000767,2025-04-04,Mobile,Windows,Safari,Email,35,12,False,True
S0005909,U000118,2024-03-28,Tablet,iOS,Chrome,Referral,7,1,True,False
S0005910,U001232,2024-09-22,Mobile,iOS,Safari,Referral,51,7,False,False
S0005911,U001092,2025-09-16,Mobile,macOS,Edge,Email,8,11,False,False
S0005912,U000117,2025-05-09,Mobile,Android,Chrome,Organic Search,36,3,False,False
S0005913,U001411,2024-08-05,Tablet,Android,Chrome,YouTube,40,2,False,False
S0005914,U001932,2024-08-24,Tablet,iOS,Safari,Email,36,6,False,False
S0005915,U001738,2024-01-01,Mobile,macOS,Firefox,YouTube,40,9,False,False
S0005916,U001452,2024-10-21,Desktop,Windows,Chrome,YouTube,39,1,True,False
S0005917,U000106,2024-04-21,Tablet,Android,Edge,Email,3,4,False,False
S0005918,U001953,2025-11-13,Mobile,Android,Firefox,Email,36,11,False,False
S0005919,U000480,2024-04-30,Desktop,Android,Safari,Organic Search,30,6,False,False
S0005920,U001546,2025-01-03,Tablet,iOS,Chrome,Paid Search,22,10,False,False
S0005921,U001633,2024-05-28,Desktop,Android,Chrome,YouTube,35,11,False,False
S0005922,U001196,2025-08-04,Desktop,macOS,Safari,Referral,40,7,False,False
S0005923,U001875,2024-07-12,Tablet,macOS,Chrome,Email,47,8,False,False
S0005924,U001157,2025-12-19,Desktop,Android,Safari,Direct,55,1,True,False
S0005925,U000216,2024-01-05,Desktop,Android,Edge,Instagram,1,1,True,False
S0005926,U000944,2024-09-30,Desktop,iOS,Safari,Facebook,28,9,False,False
S0005927,U001736,2025-11-14,Mobile,macOS,Safari,Organic Search,33,10,False,False
S0005928,U001711,2025-05-10,Tablet,macOS,Firefox,Organic Search,28,12,False,True
S0005929,U000149,2024-11-18,Tablet,iOS,Chrome,Facebook,1,4,False,False
S0005930,U001025,2025-06-08,Mobile,iOS,Edge,Paid Search,14,9,False,False
S0005931,U000558,2025-03-02,Desktop,Android,Firefox,Email,23,1,True,True
S0005932,U000491,2025-05-16,Tablet,iOS,Edge,Instagram,20,12,False,False
S0005933,U000174,2024-11-30,Mobile,macOS,Firefox,Email,22,7,False,True
S0005934,U001839,2025-09-06,Mobile,Android,Edge,Instagram,57,8,False,False
S0005935,U001475,2024-08-03,Mobile,macOS,Firefox,Email,31,11,False,False
S0005936,U000817,2024-06-15,Tablet,macOS,Edge,YouTube,42,6,False,False
S0005937,U000492,2024-08-11,Mobile,iOS,Chrome,Facebook,4,5,False,False
S0005938,U000413,2025-05-29,Mobile,Windows,Edge,Instagram,48,11,False,False
S0005939,U000244,2025-03-30,Mobile,iOS,Edge,Direct,47,9,False,False
S0005940,U000539,2024-08-20,Desktop,macOS,Firefox,Email,18,5,False,False
S0005941,U001812,2025-04-04,Tablet,iOS,Chrome,Direct,20,11,False,False
S0005942,U000572,2024-10-14,Tablet,iOS,Edge,Email,10,9,False,False
S0005943,U001082,2024-07-09,Tablet,Android,Chrome,Organic Search,56,12,False,False
S0005944,U000148,2024-08-21,Tablet,iOS,Edge,Paid Search,28,3,False,False
S0005945,U001726,2024-04-13,Desktop,Android,Firefox,Organic Search,44,1,True,True
S0005946,U001974,2024-09-21,Tablet,iOS,Safari,Organic Search,5,4,False,False
S0005947,U001941,2025-09-14,Mobile,iOS,Edge,Direct,42,5,False,False
S0005948,U001753,2024-03-24,Mobile,Android,Firefox,Instagram,18,4,False,False
S0005949,U000402,2025-09-22,Desktop,macOS,Edge,Email,33,9,False,False
S0005950,U000661,2024-01-19,Tablet,macOS,Chrome,Instagram,39,8,False,False
S0005951,U001304,2024-01-31,Tablet,macOS,Edge,Instagram,23,1,True,False
S0005952,U001254,2025-12-11,Desktop,Android,Firefox,Email,51,10,False,False
S0005953,U000317,2025-03-16,Tablet,iOS,Safari,Paid Search,51,10,False,False
S0005954,U001232,2024-12-02,Desktop,Windows,Edge,YouTube,30,3,False,False
S0005955,U001541,2024-02-07,Tablet,Android,Safari,Email,45,8,False,False
S0005956,U000512,2024-07-01,Mobile,Windows,Firefox,Direct,25,4,False,False
S0005957,U001239,2025-09-02,Desktop,iOS,Chrome,Paid Search,31,8,False,False
S0005958,U000683,2025-02-26,Desktop,Windows,Firefox,Direct,35,5,False,False
S0005959,U001428,2025-10-25,Desktop,iOS,Chrome,Organic Search,37,2,False,False
S0005960,U001950,2025-04-09,Desktop,macOS,Edge,Instagram,4,3,False,False
S0005961,U000953,2025-11-30,Mobile,Android,Chrome,Direct,56,8,False,False
S0005962,U001673,2024-12-06,Desktop,Android,Firefox,Facebook,11,1,True,False
S0005963,U000898,2024-11-12,Mobile,iOS,Chrome,Paid Search,3,6,False,False
S0005964,U000063,2024-12-20,Tablet,macOS,Firefox,Organic Search,27,5,False,False
S0005965,U001706,2024-03-19,Mobile,Android,Edge,Referral,53,12,False,False
S0005966,U001308,2025-04-20,Desktop,iOS,Chrome,Organic Search,5,10,False,False
S0005967,U001075,2025-12-17,Tablet,Windows,Firefox,YouTube,9,12,False,False
S0005968,U000910,2024-12-14,Mobile,Android,Edge,Direct,21,5,False,False
S0005969,U001683,2024-04-25,Desktop,Windows,Firefox,Direct,56,1,True,False
S0005970,U000684,2025-08-13,Mobile,Windows,Safari,Referral,44,6,False,False
S0005971,U000059,2025-05-27,Tablet,iOS,Chrome,Facebook,39,9,False,False
S0005972,U000547,2025-09-02,Mobile,macOS,Edge,Direct,30,11,False,False
S0005973,U001247,2024-04-16,Desktop,macOS,Firefox,Paid Search,21,1,True,True
S0005974,U000713,2024-08-22,Tablet,Windows,Edge,Email,30,11,False,False
S0005975,U001119,2025-12-14,Mobile,macOS,Chrome,Facebook,55,10,False,False
S0005976,U000616,2024-08-24,Desktop,Windows,Safari,YouTube,42,5,False,False
S0005977,U000618,2024-05-05,Tablet,macOS,Firefox,Direct,4,12,False,False
S0005978,U001721,2024-05-12,Tablet,Android,Chrome,Paid Search,31,4,False,False
S0005979,U001202,2024-10-30,Tablet,Android,Edge,Paid Search,11,12,False,False
S0005980,U000928,2024-06-01,Desktop,Windows,Chrome,YouTube,33,12,False,False
S0005981,U000769,2025-08-08,Desktop,iOS,Firefox,Paid Search,10,11,False,False
S0005982,U000071,2025-01-02,Mobile,Android,Safari,Organic Search,26,10,False,False
S0005983,U001167,2025-03-23,Tablet,iOS,Safari,Instagram,16,5,False,True
S0005984,U002000,2025-11-02,Mobile,Android,Safari,Facebook,15,2,False,False
S0005985,U001906,2025-11-08,Tablet,Windows,Chrome,YouTube,16,10,False,False
S0005986,U001132,2024-08-01,Desktop,Windows,Safari,Direct,23,5,False,False
S0005987,U000657,2024-12-05,Mobile,macOS,Firefox,YouTube,4,10,False,False
S0005988,U000155,2024-09-01,Mobile,Android,Edge,Email,4,8,False,False
S0005989,U001456,2025-06-24,Desktop,Android,Edge,Organic Search,51,1,True,False
S0005990,U000803,2024-02-19,Tablet,iOS,Firefox,Direct,21,4,False,False
S0005991,U001681,2024-05-02,Tablet,macOS,Firefox,Referral,36,2,False,False
S0005992,U001139,2025-03-04,Mobile,Android,Safari,YouTube,60,6,False,False
S0005993,U000433,2024-02-04,Mobile,Windows,Chrome,YouTube,6,1,True,False
S0005994,U000948,2024-10-04,Mobile,Android,Firefox,Instagram,12,1,True,False
S0005995,U001220,2024-04-24,Tablet,macOS,Edge,Facebook,5,4,False,True
S0005996,U001497,2024-02-04,Desktop,macOS,Safari,Organic Search,12,11,False,False
S0005997,U000589,2025-11-12,Desktop,macOS,Edge,Paid Search,31,1,True,False
S0005998,U000157,2024-02-26,Desktop,iOS,Edge,Paid Search,23,6,False,False
S0005999,U000388,2024-03-02,Tablet,iOS,Safari,Instagram,26,10,False,False
S0006000,U001656,2025-03-29,Desktop,Windows,Chrome,Facebook,53,10,False,False
S0006001,U001540,2024-12-16,Mobile,macOS,Firefox,Facebook,21,5,False,False
S0006002,U001910,2024-07-29,Mobile,Android,Firefox,Organic Search,47,8,False,False
S0006003,U000497,2024-02-12,Desktop,macOS,Safari,Paid Search,42,10,False,False
S0006004,U000731,2024-01-13,Tablet,macOS,Chrome,Organic Search,60,11,False,False
S0006005,U000313,2025-05-30,Tablet,Windows,Chrome,YouTube,29,5,False,False
S0006006,U000335,2024-04-06,Mobile,Android,Chrome,Instagram,6,9,False,True
S0006007,U000386,2025-03-13,Desktop,iOS,Edge,Paid Search,24,7,False,False
S0006008,U001377,2024-02-14,Tablet,Android,Firefox,Facebook,57,7,False,False
S0006009,U001340,2025-01-01,Mobile,macOS,Safari,Instagram,20,6,False,False
S0006010,U000458,2024-12-20,Tablet,Windows,Firefox,Instagram,20,8,False,False
S0006011,U001506,2025-04-14,Tablet,macOS,Safari,Instagram,40,4,False,False
S0006012,U001741,2024-08-17,Desktop,Android,Firefox,Organic Search,44,11,False,False
S0006013,U000875,2025-10-08,Mobile,Windows,Edge,Organic Search,32,12,False,False
S0006014,U000162,2025-08-29,Desktop,Android,Safari,Organic Search,50,4,False,False
S0006015,U001251,2024-09-01,Mobile,Android,Edge,Email,1,2,False,False
S0006016,U001430,2024-03-28,Desktop,Android,Chrome,Facebook,9,10,False,False
S0006017,U001108,2025-06-06,Mobile,iOS,Edge,Facebook,49,2,False,False
S0006018,U001735,2024-04-26,Mobile,iOS,Safari,YouTube,13,1,True,False
S0006019,U001260,2024-01-08,Tablet,iOS,Chrome,Facebook,1,10,False,True
S0006020,U001709,2024-11-22,Mobile,Android,Chrome,Email,39,1,True,False
S0006021,U001406,2025-06-14,Tablet,Windows,Firefox,Referral,37,4,False,False
S0006022,U001634,2025-08-25,Tablet,macOS,Edge,Paid Search,10,12,False,False
S0006023,U001681,2024-03-03,Tablet,macOS,Safari,YouTube,5,6,False,False
S0006024,U000475,2024-12-14,Tablet,macOS,Firefox,Direct,44,3,False,False
S0006025,U001602,2024-09-21,Mobile,macOS,Chrome,Organic Search,26,4,False,False
S0006026,U001509,2025-02-22,Tablet,Android,Safari,Facebook,13,1,True,False
S0006027,U001620,2024-04-05,Desktop,Windows,Firefox,Facebook,11,7,False,False
S0006028,U001329,2024-05-14,Mobile,iOS,Safari,Email,49,8,False,False
S0006029,U000320,2025-10-17,Tablet,Windows,Chrome,Direct,60,3,False,False
S0006030,U001483,2025-08-30,Mobile,Windows,Safari,Referral,33,11,False,True
S0006031,U001889,2024-11-15,Tablet,Android,Safari,Referral,45,1,True,True
S0006032,U001792,2025-07-16,Desktop,macOS,Safari,Instagram,42,2,False,False
S0006033,U000205,2024-01-31,Desktop,macOS,Chrome,Direct,41,9,False,False
S0006034,U001960,2025-07-14,Tablet,iOS,Firefox,Facebook,6,12,False,False
S0006035,U001644,2024-02-01,Desktop,macOS,Firefox,Email,7,6,False,False
S0006036,U000886,2024-04-13,Desktop,Android,Firefox,Paid Search,57,8,False,False
S0006037,U001804,2024-01-15,Mobile,Windows,Chrome,Direct,14,3,False,False
S0006038,U000589,2024-06-04,Tablet,iOS,Firefox,Instagram,40,11,False,False
S0006039,U000095,2024-06-12,Desktop,iOS,Chrome,Referral,29,4,False,False
S0006040,U001594,2024-03-11,Desktop,Windows,Edge,Paid Search,7,12,False,False
S0006041,U001753,2025-10-05,Tablet,iOS,Edge,Referral,3,5,False,False
S0006042,U001720,2025-11-26,Desktop,iOS,Safari,Facebook,20,1,True,False
S0006043,U000082,2024-01-19,Mobile,Android,Chrome,Email,21,5,False,False
S0006044,U000723,2025-09-25,Mobile,Android,Firefox,Referral,34,3,False,False
S0006045,U000310,2024-08-05,Desktop,Android,Edge,Referral,12,10,False,False
S0006046,U001224,2024-07-05,Mobile,iOS,Chrome,Paid Search,3,11,False,False
S0006047,U001451,2025-07-22,Mobile,Android,Edge,Direct,14,11,False,False
S0006048,U000911,2025-05-21,Desktop,Windows,Firefox,Facebook,29,12,False,False
S0006049,U000370,2024-08-01,Mobile,Windows,Safari,Facebook,50,3,False,False
S0006050,U001281,2025-08-27,Mobile,iOS,Edge,Paid Search,60,3,False,False
S0006051,U000815,2024-05-07,Desktop,iOS,Safari,Organic Search,45,4,False,False
S0006052,U000799,2025-04-03,Mobile,macOS,Chrome,Paid Search,13,5,False,False
S0006053,U000773,2025-04-08,Mobile,macOS,Edge,Referral,18,9,False,False
S0006054,U001694,2024-12-09,Tablet,Windows,Safari,Email,42,5,False,False
S0006055,U001261,2024-06-22,Desktop,Android,Safari,YouTube,8,8,False,False
S0006056,U001897,2025-04-02,Tablet,iOS,Safari,Instagram,19,3,False,False
S0006057,U000696,2025-03-20,Mobile,macOS,Firefox,YouTube,8,10,False,False
S0006058,U000293,2025-09-25,Tablet,iOS,Edge,Organic Search,54,10,False,False
S0006059,U001799,2025-04-05,Tablet,Windows,Safari,Paid Search,54,11,False,True
S0006060,U000701,2025-12-19,Mobile,Windows,Chrome,Referral,3,3,False,False
S0006061,U001947,2024-04-01,Tablet,macOS,Safari,Email,3,5,False,True
S0006062,U000691,2024-01-04,Desktop,Android,Chrome,Referral,31,5,False,False
S0006063,U000738,2024-07-10,Desktop,Android,Safari,Organic Search,47,1,True,False
S0006064,U000152,2025-10-10,Mobile,Windows,Safari,Direct,41,2,False,False
S0006065,U000006,2024-02-19,Mobile,Windows,Safari,Referral,38,6,False,False
S0006066,U000317,2025-07-08,Desktop,macOS,Safari,Facebook,8,10,False,False
S0006067,U000345,2025-02-28,Mobile,macOS,Firefox,Instagram,5,11,False,False
S0006068,U000997,2025-09-02,Tablet,iOS,Firefox,Facebook,56,9,False,False
S0006069,U001505,2024-03-29,Mobile,iOS,Safari,Facebook,43,3,False,False
S0006070,U001133,2024-04-28,Desktop,iOS,Firefox,Paid Search,55,6,False,False
S0006071,U000540,2025-12-10,Mobile,macOS,Safari,YouTube,12,7,False,False
S0006072,U001236,2025-03-12,Desktop,iOS,Edge,Instagram,29,4,False,False
S0006073,U000320,2025-12-31,Desktop,Android,Edge,Paid Search,54,5,False,True
S0006074,U000419,2024-09-11,Tablet,Windows,Safari,Instagram,6,3,False,False
S0006075,U000210,2025-02-17,Desktop,iOS,Safari,Referral,2,7,False,False
S0006076,U001470,2024-08-15,Desktop,iOS,Safari,Direct,59,8,False,True
S0006077,U000525,2025-08-23,Mobile,iOS,Edge,Email,28,12,False,False
S0006078,U000246,2025-03-11,Tablet,macOS,Chrome,Organic Search,24,10,False,False
S0006079,U001643,2024-01-04,Mobile,macOS,Edge,Referral,22,3,False,False
S0006080,U000942,2024-11-18,Desktop,Windows,Edge,Paid Search,59,3,False,False
S0006081,U000272,2024-04-21,Tablet,iOS,Safari,Facebook,5,11,False,False
S0006082,U001336,2024-03-11,Tablet,iOS,Safari,Paid Search,10,7,False,False
S0006083,U000767,2025-12-04,Tablet,macOS,Edge,Referral,52,3,False,True
S0006084,U000280,2024-09-11,Mobile,Android,Chrome,Organic Search,24,8,False,False
S0006085,U000643,2024-02-18,Tablet,Android,Safari,Instagram,27,2,False,False
S0006086,U000236,2024-02-27,Tablet,macOS,Firefox,Organic Search,60,3,False,False
S0006087,U000740,2025-08-09,Tablet,iOS,Edge,Email,11,12,False,False
S0006088,U000908,2024-08-29,Tablet,iOS,Safari,Email,21,9,False,False
S0006089,U001858,2025-01-21,Tablet,iOS,Safari,Organic Search,52,9,False,False
S0006090,U001264,2024-07-26,Mobile,macOS,Chrome,Instagram,29,5,False,False
S0006091,U001391,2025-06-02,Mobile,macOS,Chrome,Facebook,21,6,False,False
S0006092,U001053,2025-07-15,Mobile,Windows,Firefox,Direct,31,11,False,False
S0006093,U000515,2025-05-10,Tablet,iOS,Safari,Instagram,18,3,False,False
S0006094,U000554,2024-10-09,Mobile,Android,Firefox,Referral,34,10,False,False
S0006095,U001991,2025-10-10,Tablet,iOS,Edge,Facebook,6,8,False,False
S0006096,U000887,2024-11-19,Mobile,iOS,Safari,Referral,38,10,False,False
S0006097,U001669,2025-01-16,Desktop,Android,Chrome,Direct,10,8,False,False
S0006098,U000488,2024-01-30,Mobile,iOS,Chrome,Organic Search,32,8,False,False
S0006099,U001175,2024-07-23,Desktop,iOS,Chrome,Referral,55,11,False,False
S0006100,U001026,2024-07-21,Desktop,Android,Safari,Paid Search,39,9,False,False
S0006101,U000953,2024-02-03,Tablet,iOS,Edge,Facebook,33,9,False,False
S0006102,U000209,2025-09-09,Mobile,macOS,Firefox,Direct,57,6,False,False
S0006103,U001136,2025-07-12,Mobile,Windows,Chrome,Direct,42,1,True,False
S0006104,U001145,2025-11-23,Tablet,iOS,Firefox,Instagram,50,11,False,False
S0006105,U001305,2024-09-17,Mobile,Android,Chrome,Instagram,9,2,False,False
S0006106,U000856,2025-07-10,Mobile,Android,Edge,Paid Search,37,5,False,False
S0006107,U000765,2025-02-27,Tablet,iOS,Edge,Referral,49,12,False,False
S0006108,U000543,2024-02-28,Mobile,macOS,Safari,Organic Search,27,10,False,False
S0006109,U000502,2025-11-09,Mobile,iOS,Edge,Email,57,7,False,False
S0006110,U001990,2025-02-06,Tablet,Android,Safari,Email,30,1,True,False
S0006111,U001081,2024-02-05,Tablet,macOS,Firefox,Paid Search,39,12,False,False
S0006112,U001033,2025-11-05,Mobile,macOS,Firefox,YouTube,58,5,False,False
S0006113,U000353,2024-08-25,Tablet,Windows,Firefox,Facebook,12,10,False,False
S0006114,U000822,2025-02-17,Tablet,Windows,Edge,YouTube,46,6,False,False
S0006115,U000524,2024-04-21,Desktop,iOS,Chrome,Facebook,31,2,False,False
S0006116,U000788,2025-04-10,Mobile,Android,Chrome,Referral,52,8,False,False
S0006117,U000097,2025-04-08,Desktop,Windows,Chrome,Referral,16,6,False,False
S0006118,U000989,2024-03-25,Mobile,macOS,Safari,Instagram,38,8,False,False
S0006119,U001005,2025-11-08,Tablet,Android,Firefox,Instagram,49,7,False,False
S0006120,U000880,2025-09-20,Tablet,macOS,Firefox,Facebook,37,4,False,False
S0006121,U001978,2025-07-06,Mobile,Android,Chrome,Referral,27,9,False,True
S0006122,U000473,2024-11-24,Mobile,Windows,Safari,Instagram,28,5,False,False
S0006123,U001459,2025-02-07,Desktop,Android,Safari,Facebook,45,10,False,False
S0006124,U000192,2025-12-30,Tablet,Windows,Edge,Email,9,4,False,False
S0006125,U001297,2024-12-10,Desktop,Windows,Edge,Referral,19,4,False,False
S0006126,U001077,2025-03-21,Tablet,macOS,Firefox,Referral,22,3,False,False
S0006127,U000343,2024-11-19,Mobile,macOS,Chrome,Email,23,4,False,False
S0006128,U000462,2025-03-12,Tablet,Android,Edge,Direct,40,5,False,False
S0006129,U000548,2024-05-23,Mobile,macOS,Edge,Facebook,31,7,False,False
S0006130,U001820,2024-08-10,Desktop,Android,Edge,Instagram,34,2,False,False
S0006131,U001680,2024-12-26,Desktop,iOS,Chrome,Instagram,8,3,False,False
S0006132,U000760,2024-07-29,Desktop,Windows,Safari,Email,51,4,False,False
S0006133,U000118,2024-10-13,Tablet,Windows,Firefox,Instagram,39,9,False,False
S0006134,U001660,2025-03-20,Desktop,Windows,Edge,YouTube,18,3,False,True
S0006135,U000862,2025-12-10,Tablet,iOS,Edge,Instagram,4,1,True,False
S0006136,U000950,2025-07-07,Desktop,macOS,Edge,Email,50,1,True,False
S0006137,U000436,2024-05-16,Desktop,iOS,Chrome,Paid Search,58,9,False,False
S0006138,U001788,2025-06-04,Desktop,iOS,Safari,YouTube,16,5,False,False
S0006139,U000870,2024-10-21,Mobile,Android,Chrome,Direct,46,9,False,False
S0006140,U000892,2025-08-13,Desktop,Android,Edge,Paid Search,11,5,False,True
S0006141,U001196,2024-05-30,Tablet,iOS,Firefox,Email,21,10,False,False
S0006142,U001861,2025-12-19,Desktop,macOS,Firefox,Organic Search,5,3,False,False
S0006143,U000330,2025-05-31,Desktop,Windows,Firefox,Email,45,1,True,False
S0006144,U000063,2024-01-19,Desktop,Windows,Chrome,Instagram,29,9,False,False
S0006145,U001836,2024-02-08,Mobile,macOS,Chrome,YouTube,34,8,False,False
S0006146,U000832,2024-11-01,Desktop,Windows,Edge,Organic Search,45,4,False,False
S0006147,U001941,2025-05-05,Mobile,iOS,Edge,Direct,3,6,False,False
S0006148,U001013,2025-04-09,Mobile,Android,Edge,Paid Search,29,10,False,False
S0006149,U000549,2025-12-11,Mobile,macOS,Chrome,Referral,27,8,False,False
S0006150,U001634,2024-11-12,Mobile,iOS,Firefox,Direct,50,6,False,False
S0006151,U001168,2025-02-21,Desktop,Android,Chrome,Instagram,42,12,False,False
S0006152,U000348,2025-01-26,Tablet,Android,Firefox,Referral,26,1,True,False
S0006153,U001828,2024-09-14,Tablet,macOS,Edge,Referral,20,7,False,False
S0006154,U000963,2025-07-16,Tablet,Windows,Edge,Referral,6,9,False,False
S0006155,U000553,2025-11-05,Tablet,macOS,Safari,Organic Search,4,4,False,False
S0006156,U000533,2024-04-16,Desktop,Windows,Safari,YouTube,36,8,False,False
S0006157,U001393,2025-09-12,Mobile,Android,Safari,Email,58,8,False,False
S0006158,U001094,2025-12-19,Tablet,iOS,Safari,Direct,37,5,False,False
S0006159,U000205,2024-12-20,Desktop,Android,Chrome,Organic Search,2,3,False,True
S0006160,U001941,2025-07-11,Mobile,Windows,Firefox,YouTube,20,9,False,False
S0006161,U000104,2025-05-10,Tablet,Android,Edge,Paid Search,34,11,False,True
S0006162,U000780,2025-04-18,Tablet,iOS,Edge,Email,14,9,False,False
S0006163,U000350,2025-08-09,Tablet,Android,Firefox,Email,51,6,False,False
S0006164,U001986,2025-08-11,Mobile,iOS,Chrome,Referral,32,12,False,False
S0006165,U001422,2024-07-10,Tablet,iOS,Chrome,Organic Search,26,3,False,False
S0006166,U000120,2024-02-21,Mobile,macOS,Firefox,Organic Search,16,11,False,True
S0006167,U000919,2024-10-02,Tablet,macOS,Safari,Direct,48,5,False,True
S0006168,U001349,2025-11-26,Tablet,Windows,Safari,Organic Search,8,2,False,False
S0006169,U001968,2025-12-18,Tablet,Windows,Chrome,Facebook,18,4,False,False
S0006170,U000935,2024-12-04,Tablet,Windows,Edge,Organic Search,42,9,False,False
S0006171,U000223,2025-07-05,Desktop,iOS,Chrome,Instagram,25,3,False,False
S0006172,U000701,2024-11-23,Desktop,macOS,Firefox,Paid Search,49,1,True,True
S0006173,U000966,2024-01-03,Desktop,macOS,Firefox,YouTube,22,1,True,False
S0006174,U001458,2024-11-26,Mobile,iOS,Edge,Paid Search,34,2,False,True
S0006175,U000089,2024-11-11,Tablet,Android,Chrome,Facebook,22,4,False,False
S0006176,U001712,2025-01-25,Tablet,Android,Edge,Email,38,4,False,False
S0006177,U000187,2024-10-16,Desktop,Android,Firefox,Referral,24,12,False,False
S0006178,U000833,2025-02-21,Desktop,Android,Firefox,Referral,53,3,False,False
S0006179,U000221,2025-12-13,Mobile,Windows,Safari,Instagram,7,10,False,False
S0006180,U001356,2024-11-17,Desktop,Android,Chrome,Referral,58,3,False,False
S0006181,U000933,2024-04-08,Mobile,Android,Safari,Facebook,45,3,False,False
S0006182,U001153,2025-10-03,Tablet,Android,Firefox,Facebook,34,1,True,True
S0006183,U001206,2025-12-03,Tablet,macOS,Safari,YouTube,1,7,False,False
S0006184,U001777,2024-10-05,Desktop,macOS,Firefox,Email,24,2,False,False
S0006185,U000524,2025-03-20,Mobile,Android,Safari,Instagram,11,10,False,False
S0006186,U001773,2025-11-16,Desktop,Windows,Firefox,Email,48,6,False,False
S0006187,U001596,2025-11-04,Desktop,Windows,Edge,Direct,1,1,True,True
S0006188,U001872,2024-02-10,Tablet,Android,Edge,Email,17,1,True,False
S0006189,U001490,2024-03-22,Desktop,iOS,Firefox,YouTube,51,5,False,False
S0006190,U000366,2025-12-06,Tablet,Windows,Safari,YouTube,28,4,False,True
S0006191,U001162,2024-10-25,Tablet,iOS,Firefox,Organic Search,37,6,False,False
S0006192,U000033,2025-06-04,Desktop,iOS,Safari,Instagram,60,7,False,False
S0006193,U000163,2024-08-16,Desktop,Android,Edge,Organic Search,5,6,False,False
S0006194,U000584,2025-03-24,Mobile,iOS,Edge,Facebook,1,3,False,False
S0006195,U001198,2025-08-16,Mobile,macOS,Firefox,Direct,52,5,False,False
S0006196,U000790,2025-04-05,Mobile,Windows,Edge,Referral,53,10,False,False
S0006197,U001370,2024-04-15,Mobile,Windows,Chrome,Paid Search,38,11,False,False
S0006198,U000443,2025-07-07,Tablet,macOS,Safari,Organic Search,1,6,False,False
S0006199,U001776,2024-10-31,Desktop,macOS,Firefox,Facebook,15,12,False,False
S0006200,U000067,2025-03-09,Mobile,macOS,Safari,Direct,9,11,False,False
S0006201,U000782,2024-05-13,Desktop,macOS,Edge,Facebook,45,9,False,False
S0006202,U001620,2025-10-22,Mobile,iOS,Safari,Direct,33,6,False,False
S0006203,U001443,2024-06-27,Mobile,iOS,Edge,YouTube,9,11,False,False
S0006204,U001021,2024-07-23,Desktop,iOS,Chrome,Instagram,3,6,False,False
S0006205,U000363,2024-03-05,Mobile,Windows,Chrome,Instagram,30,6,False,False
S0006206,U000638,2025-01-30,Mobile,Android,Firefox,Instagram,20,5,False,False
S0006207,U000843,2025-10-01,Tablet,iOS,Chrome,Organic Search,32,4,False,False
S0006208,U000565,2025-07-09,Mobile,Android,Safari,Organic Search,10,1,True,False
S0006209,U000669,2024-03-19,Desktop,Windows,Safari,Email,29,9,False,False
S0006210,U000709,2025-05-30,Mobile,iOS,Chrome,Paid Search,52,3,False,False
S0006211,U001351,2024-06-10,Desktop,macOS,Edge,Direct,51,6,False,False
S0006212,U000527,2025-08-08,Tablet,Android,Safari,Organic Search,12,3,False,False
S0006213,U000991,2025-07-19,Desktop,Android,Safari,Email,6,8,False,False
S0006214,U001346,2025-01-11,Tablet,Windows,Edge,Facebook,11,1,True,False
S0006215,U001536,2025-06-18,Mobile,Windows,Safari,Paid Search,10,4,False,False
S0006216,U000629,2025-04-15,Desktop,macOS,Safari,Direct,46,9,False,False
S0006217,U000227,2025-02-12,Mobile,Windows,Edge,Email,29,9,False,False
S0006218,U000651,2024-03-11,Desktop,iOS,Safari,Referral,43,12,False,False
S0006219,U000718,2024-03-11,Mobile,Android,Chrome,Direct,6,5,False,False
S0006220,U000883,2024-05-17,Mobile,Windows,Edge,Direct,8,4,False,False
S0006221,U000312,2024-07-31,Mobile,Windows,Safari,Facebook,32,5,False,True
S0006222,U000277,2024-05-14,Desktop,Android,Firefox,Paid Search,41,12,False,False
S0006223,U000336,2025-09-23,Desktop,macOS,Safari,Instagram,35,9,False,False
S0006224,U000482,2024-04-17,Mobile,Windows,Safari,Facebook,6,6,False,False
S0006225,U000102,2025-05-23,Mobile,Windows,Firefox,Paid Search,60,6,False,False
S0006226,U000981,2025-07-30,Mobile,macOS,Chrome,Organic Search,24,2,False,False
S0006227,U000939,2024-12-17,Mobile,Android,Chrome,Email,36,6,False,False
S0006228,U000553,2024-06-12,Desktop,iOS,Firefox,Email,10,6,False,False
S0006229,U000224,2024-08-08,Tablet,iOS,Safari,Organic Search,39,8,False,False
S0006230,U001929,2025-01-31,Desktop,Android,Chrome,Direct,1,11,False,False
S0006231,U000337,2025-04-05,Tablet,macOS,Edge,YouTube,55,3,False,False
S0006232,U000707,2024-10-31,Mobile,Windows,Safari,Organic Search,30,1,True,False
S0006233,U000551,2025-04-08,Mobile,Android,Chrome,Email,60,2,False,False
S0006234,U001340,2024-08-28,Tablet,Android,Edge,Instagram,9,3,False,False
S0006235,U001241,2024-04-16,Tablet,macOS,Firefox,Instagram,46,5,False,False
S0006236,U000105,2024-12-26,Desktop,macOS,Chrome,Direct,14,7,False,False
S0006237,U000632,2025-08-18,Mobile,Android,Chrome,YouTube,25,8,False,False
S0006238,U001862,2024-04-14,Desktop,macOS,Edge,Direct,15,9,False,False
S0006239,U000893,2024-08-24,Mobile,iOS,Firefox,Email,15,10,False,False
S0006240,U001838,2025-04-09,Tablet,Windows,Safari,Organic Search,37,7,False,False
S0006241,U001035,2024-12-09,Tablet,Windows,Chrome,Instagram,51,8,False,False
S0006242,U000631,2024-03-25,Tablet,macOS,Chrome,Organic Search,7,6,False,False
S0006243,U001131,2024-02-19,Desktop,iOS,Edge,Instagram,60,9,False,False
S0006244,U001487,2025-05-01,Desktop,Windows,Firefox,Email,37,12,False,False
S0006245,U001906,2025-04-17,Tablet,Android,Edge,Instagram,41,3,False,True
S0006246,U001585,2024-04-12,Desktop,iOS,Chrome,Paid Search,16,5,False,False
S0006247,U001584,2025-08-05,Tablet,Windows,Chrome,YouTube,21,3,False,False
S0006248,U000606,2025-11-19,Mobile,iOS,Safari,Referral,17,9,False,False
S0006249,U001553,2024-01-28,Tablet,Android,Firefox,YouTube,51,10,False,False
S0006250,U000241,2024-02-28,Tablet,iOS,Edge,YouTube,46,10,False,False
S0006251,U000899,2024-01-07,Tablet,macOS,Chrome,Paid Search,13,9,False,False
S0006252,U000252,2024-06-22,Tablet,Android,Chrome,Organic Search,12,12,False,False
S0006253,U000557,2024-11-28,Desktop,Android,Firefox,Facebook,21,5,False,False
S0006254,U000903,2024-10-19,Mobile,Windows,Edge,Direct,20,3,False,False
S0006255,U000117,2025-01-28,Mobile,macOS,Safari,Paid Search,22,6,False,True
S0006256,U001050,2025-05-08,Desktop,Android,Safari,Direct,31,11,False,False
S0006257,U001450,2025-07-26,Tablet,Windows,Safari,YouTube,8,4,False,False
S0006258,U001962,2025-08-19,Tablet,macOS,Edge,Paid Search,2,3,False,False
S0006259,U001851,2025-08-01,Mobile,Android,Firefox,Organic Search,27,6,False,False
S0006260,U001710,2025-01-02,Tablet,Android,Firefox,Paid Search,19,11,False,True
S0006261,U001260,2024-08-22,Tablet,macOS,Chrome,Email,57,8,False,False
S0006262,U001236,2025-12-16,Tablet,Android,Safari,Facebook,59,8,False,False
S0006263,U000501,2025-06-16,Mobile,iOS,Edge,Organic Search,2,5,False,False
S0006264,U001806,2025-12-04,Desktop,macOS,Firefox,Referral,43,9,False,False
S0006265,U001531,2024-12-19,Desktop,iOS,Edge,Organic Search,48,9,False,False
S0006266,U001601,2025-02-10,Mobile,Android,Safari,Facebook,45,12,False,True
S0006267,U000944,2025-09-18,Desktop,iOS,Edge,Paid Search,8,6,False,False
S0006268,U000866,2024-05-14,Mobile,iOS,Chrome,Direct,33,8,False,False
S0006269,U001845,2024-01-10,Desktop,Android,Firefox,Email,58,3,False,True
S0006270,U001346,2025-03-19,Tablet,iOS,Chrome,Referral,12,3,False,False
S0006271,U001659,2024-12-03,Mobile,iOS,Chrome,YouTube,19,10,False,False
S0006272,U000901,2025-12-14,Mobile,iOS,Edge,Referral,9,4,False,False
S0006273,U001523,2025-06-22,Mobile,Android,Chrome,Email,18,5,False,False
S0006274,U000047,2025-01-21,Desktop,Windows,Edge,Direct,14,3,False,False
S0006275,U001229,2024-03-02,Desktop,iOS,Chrome,YouTube,51,2,False,False
S0006276,U000674,2025-04-23,Tablet,iOS,Firefox,Paid Search,17,4,False,False
S0006277,U000769,2024-01-21,Desktop,macOS,Edge,Paid Search,9,10,False,False
S0006278,U000545,2025-08-12,Tablet,Android,Chrome,Referral,34,11,False,True
S0006279,U000907,2024-06-11,Tablet,iOS,Safari,Email,26,10,False,True
S0006280,U000254,2025-09-17,Desktop,Android,Chrome,Instagram,54,6,False,True
S0006281,U000862,2024-06-01,Desktop,macOS,Firefox,Email,57,10,False,False
S0006282,U000859,2024-10-26,Tablet,iOS,Chrome,Instagram,14,6,False,False
S0006283,U000615,2024-12-11,Mobile,Android,Edge,Facebook,59,11,False,False
S0006284,U000091,2025-10-07,Mobile,iOS,Chrome,YouTube,44,11,False,False
S0006285,U000952,2024-04-03,Desktop,Android,Edge,Organic Search,37,9,False,False
S0006286,U001192,2025-11-20,Desktop,Windows,Edge,Referral,11,6,False,False
S0006287,U001485,2024-01-19,Desktop,macOS,Firefox,Facebook,35,1,True,False
S0006288,U000631,2025-05-26,Desktop,macOS,Safari,Direct,36,6,False,False
S0006289,U000597,2025-11-05,Desktop,iOS,Chrome,Direct,26,12,False,False
S0006290,U001743,2024-08-17,Mobile,Android,Safari,Organic Search,31,1,True,False
S0006291,U000377,2024-06-19,Tablet,macOS,Chrome,Instagram,26,4,False,False
S0006292,U000275,2025-05-04,Tablet,iOS,Chrome,Instagram,22,5,False,False
S0006293,U000900,2025-06-09,Desktop,Android,Edge,YouTube,18,11,False,True
S0006294,U000700,2024-05-06,Tablet,iOS,Chrome,Email,5,5,False,False
S0006295,U001583,2025-05-10,Mobile,iOS,Chrome,Facebook,41,11,False,False
S0006296,U001550,2024-09-20,Mobile,Windows,Chrome,Organic Search,46,1,True,True
S0006297,U000199,2024-01-25,Tablet,iOS,Edge,Paid Search,23,1,True,False
S0006298,U001680,2025-12-14,Tablet,Windows,Chrome,Organic Search,27,5,False,False
S0006299,U001724,2024-07-30,Mobile,iOS,Firefox,Paid Search,41,12,False,False
S0006300,U000087,2024-09-13,Desktop,Android,Firefox,Facebook,38,8,False,False
S0006301,U000697,2025-01-06,Tablet,Android,Firefox,Referral,23,6,False,False
S0006302,U001702,2025-11-22,Tablet,iOS,Firefox,Instagram,27,9,False,False
S0006303,U001172,2024-10-15,Mobile,iOS,Chrome,Paid Search,38,8,False,False
S0006304,U001490,2025-02-12,Mobile,Android,Safari,Facebook,44,2,False,False
S0006305,U000397,2025-01-07,Desktop,macOS,Safari,Paid Search,44,10,False,False
S0006306,U001238,2025-04-28,Tablet,macOS,Safari,Email,38,3,False,True
S0006307,U001756,2024-12-16,Desktop,macOS,Firefox,Email,29,8,False,False
S0006308,U001335,2024-03-03,Mobile,macOS,Safari,Referral,7,11,False,False
S0006309,U001029,2025-11-17,Mobile,iOS,Edge,Instagram,57,2,False,True
S0006310,U001518,2024-04-06,Mobile,macOS,Edge,Paid Search,12,3,False,False
S0006311,U000261,2025-01-09,Mobile,macOS,Firefox,Email,35,8,False,False
S0006312,U000914,2024-12-21,Desktop,iOS,Chrome,Email,41,8,False,False
S0006313,U000237,2024-10-21,Desktop,Android,Chrome,Referral,5,6,False,False
S0006314,U000813,2024-11-18,Tablet,iOS,Safari,Referral,5,4,False,False
S0006315,U001629,2025-01-08,Tablet,Windows,Safari,Facebook,43,9,False,False
S0006316,U001215,2024-12-01,Mobile,iOS,Chrome,Paid Search,59,6,False,False
S0006317,U000596,2025-01-05,Desktop,macOS,Edge,Instagram,12,4,False,False
S0006318,U001845,2024-06-26,Desktop,Android,Chrome,YouTube,4,7,False,False
S0006319,U000595,2025-11-15,Mobile,iOS,Firefox,Organic Search,49,5,False,False
S0006320,U001759,2025-10-18,Mobile,macOS,Chrome,Instagram,15,8,False,False
S0006321,U001271,2024-03-21,Desktop,macOS,Safari,Paid Search,24,8,False,False
S0006322,U000432,2025-09-03,Tablet,Android,Safari,Email,59,3,False,False
S0006323,U000716,2025-11-25,Tablet,iOS,Safari,Facebook,24,8,False,False
S0006324,U001396,2024-03-26,Mobile,Windows,Firefox,Facebook,10,10,False,False
S0006325,U001279,2024-08-12,Desktop,iOS,Chrome,YouTube,31,2,False,False
S0006326,U001324,2024-01-22,Tablet,iOS,Safari,Paid Search,34,7,False,False
S0006327,U000204,2025-03-25,Tablet,macOS,Chrome,Organic Search,45,6,False,False
S0006328,U000373,2025-01-24,Mobile,iOS,Edge,Instagram,36,1,True,False
S0006329,U001565,2025-10-23,Desktop,macOS,Chrome,Referral,47,2,False,True
S0006330,U000205,2024-07-29,Tablet,iOS,Firefox,Email,41,7,False,True
S0006331,U001924,2025-08-09,Tablet,macOS,Edge,Facebook,2,1,True,False
S0006332,U000230,2025-04-30,Desktop,Android,Chrome,Direct,6,6,False,False
S0006333,U001807,2024-08-06,Mobile,iOS,Edge,Organic Search,35,2,False,False
S0006334,U001255,2025-06-05,Tablet,macOS,Firefox,Email,8,9,False,False
S0006335,U000377,2025-04-15,Mobile,macOS,Chrome,Organic Search,30,5,False,False
S0006336,U000150,2025-12-13,Desktop,macOS,Firefox,Instagram,60,3,False,False
S0006337,U001527,2025-03-08,Tablet,iOS,Edge,Organic Search,44,9,False,False
S0006338,U000656,2025-08-20,Desktop,macOS,Edge,Organic Search,25,3,False,False
S0006339,U000298,2024-09-13,Mobile,iOS,Edge,YouTube,54,3,False,False
S0006340,U000548,2024-03-04,Mobile,iOS,Edge,Facebook,23,6,False,False
S0006341,U001286,2024-02-09,Mobile,Android,Firefox,Paid Search,55,9,False,True
S0006342,U000112,2024-11-29,Desktop,Windows,Firefox,Facebook,23,8,False,False
S0006343,U001564,2025-09-23,Tablet,Windows,Firefox,Facebook,27,8,False,False
S0006344,U000339,2024-11-20,Mobile,macOS,Chrome,Paid Search,7,9,False,False
S0006345,U000558,2024-04-27,Tablet,iOS,Chrome,Facebook,14,9,False,False
S0006346,U000130,2025-05-21,Desktop,macOS,Firefox,Facebook,28,4,False,False
S0006347,U001444,2024-12-28,Tablet,iOS,Firefox,Referral,35,12,False,False
S0006348,U000718,2025-06-21,Tablet,Android,Firefox,YouTube,27,3,False,True
S0006349,U000399,2025-09-28,Mobile,Android,Chrome,Referral,60,8,False,False
S0006350,U000726,2024-06-30,Desktop,Android,Edge,YouTube,26,2,False,False
S0006351,U001610,2024-08-13,Desktop,Android,Edge,Instagram,20,12,False,False
S0006352,U001734,2025-05-19,Tablet,iOS,Chrome,Paid Search,24,2,False,False
S0006353,U001988,2024-05-14,Tablet,Windows,Chrome,Organic Search,35,3,False,False
S0006354,U000433,2024-06-01,Desktop,Android,Chrome,Organic Search,60,2,False,True
S0006355,U000001,2024-08-24,Mobile,macOS,Edge,Facebook,43,2,False,False
S0006356,U000610,2025-03-28,Mobile,Android,Chrome,YouTube,36,9,False,False
S0006357,U001952,2025-07-01,Desktop,Windows,Safari,Direct,44,1,True,False
S0006358,U001573,2025-07-22,Mobile,iOS,Firefox,Organic Search,52,10,False,False
S0006359,U001363,2024-10-31,Tablet,Android,Chrome,Direct,44,6,False,False
S0006360,U000377,2024-01-07,Tablet,iOS,Edge,Referral,17,5,False,False
S0006361,U000083,2024-10-21,Desktop,macOS,Edge,Organic Search,19,3,False,False
S0006362,U001507,2024-05-18,Desktop,iOS,Edge,Direct,20,11,False,False
S0006363,U000022,2025-03-15,Mobile,Android,Chrome,Paid Search,60,4,False,False
S0006364,U000551,2024-12-18,Desktop,Android,Edge,YouTube,55,10,False,False
S0006365,U001939,2025-10-04,Desktop,Windows,Chrome,Facebook,30,3,False,False
S0006366,U000895,2025-03-11,Desktop,iOS,Safari,Direct,13,7,False,True
S0006367,U001615,2024-10-07,Mobile,Android,Firefox,Instagram,38,8,False,False
S0006368,U000336,2024-11-26,Tablet,iOS,Firefox,Facebook,14,2,False,False
S0006369,U000645,2024-08-16,Desktop,Android,Firefox,YouTube,46,7,False,False
S0006370,U000422,2025-05-19,Desktop,Windows,Chrome,Referral,13,5,False,False
S0006371,U001747,2024-02-22,Tablet,macOS,Safari,Instagram,30,2,False,True
S0006372,U000208,2025-09-26,Mobile,Windows,Edge,Email,17,1,True,False
S0006373,U001422,2024-06-04,Mobile,iOS,Chrome,Referral,24,7,False,False
S0006374,U001095,2024-07-12,Mobile,Windows,Chrome,Instagram,30,2,False,False
S0006375,U001506,2024-11-19,Mobile,Android,Safari,Paid Search,20,4,False,False
S0006376,U000156,2025-09-08,Tablet,macOS,Edge,Direct,33,4,False,False
S0006377,U001361,2024-07-22,Tablet,Windows,Safari,Referral,40,2,False,True
S0006378,U001975,2024-07-15,Tablet,iOS,Chrome,Direct,35,6,False,False
S0006379,U001706,2025-12-25,Mobile,Windows,Safari,YouTube,33,10,False,False
S0006380,U001891,2025-05-09,Mobile,Android,Edge,Facebook,54,10,False,False
S0006381,U001920,2025-02-12,Desktop,iOS,Safari,Paid Search,32,9,False,False
S0006382,U001052,2025-12-30,Tablet,Windows,Chrome,YouTube,47,7,False,False
S0006383,U001206,2025-01-29,Desktop,Windows,Chrome,Referral,2,6,False,True
S0006384,U001316,2024-08-05,Mobile,iOS,Chrome,Referral,35,7,False,True
S0006385,U001339,2025-12-22,Desktop,macOS,Chrome,Organic Search,28,8,False,True
S0006386,U001957,2025-04-25,Mobile,macOS,Firefox,YouTube,33,3,False,False
S0006387,U000907,2024-01-26,Mobile,iOS,Chrome,Referral,51,5,False,False
S0006388,U000012,2025-12-14,Mobile,Android,Edge,Instagram,17,8,False,False
S0006389,U001024,2025-08-14,Desktop,iOS,Safari,Organic Search,37,4,False,True
S0006390,U000027,2024-02-18,Mobile,iOS,Safari,Instagram,29,2,False,False
S0006391,U000886,2024-07-29,Desktop,iOS,Chrome,Email,8,2,False,False
S0006392,U000811,2025-10-28,Desktop,iOS,Safari,Referral,19,3,False,False
S0006393,U000624,2025-01-07,Mobile,Windows,Chrome,Referral,13,12,False,False
S0006394,U001143,2024-10-07,Mobile,macOS,Chrome,Direct,25,7,False,True
S0006395,U000723,2024-11-07,Mobile,iOS,Safari,Paid Search,27,2,False,False
S0006396,U001809,2025-01-12,Mobile,iOS,Chrome,Organic Search,1,4,False,False
S0006397,U000912,2025-03-06,Tablet,iOS,Edge,Email,4,4,False,False
S0006398,U000887,2024-11-11,Tablet,Android,Edge,Paid Search,8,11,False,False
S0006399,U001540,2024-03-19,Tablet,Windows,Chrome,Instagram,28,6,False,False
S0006400,U001018,2024-12-06,Tablet,Windows,Edge,YouTube,48,12,False,False
S0006401,U001594,2025-08-31,Tablet,iOS,Edge,Referral,54,11,False,False
S0006402,U000626,2024-10-13,Mobile,macOS,Edge,YouTube,39,3,False,False
S0006403,U000867,2025-01-16,Tablet,Windows,Safari,Direct,43,9,False,False
S0006404,U000737,2025-12-04,Mobile,Windows,Firefox,Direct,40,8,False,False
S0006405,U000757,2025-03-28,Mobile,iOS,Edge,Paid Search,21,1,True,False
S0006406,U000687,2025-06-16,Mobile,Windows,Edge,Direct,56,12,False,False
S0006407,U000679,2025-04-07,Desktop,macOS,Chrome,Instagram,38,2,False,False
S0006408,U001710,2025-06-03,Mobile,Android,Chrome,Direct,59,5,False,False
S0006409,U000986,2025-07-28,Tablet,iOS,Edge,Direct,21,10,False,False
S0006410,U000001,2024-02-24,Tablet,Android,Edge,Direct,59,12,False,False
S0006411,U001673,2025-12-26,Tablet,Windows,Chrome,Instagram,4,8,False,False
S0006412,U001876,2024-11-09,Tablet,iOS,Chrome,Paid Search,47,1,True,False
S0006413,U000516,2025-07-05,Mobile,Android,Edge,YouTube,26,11,False,False
S0006414,U001293,2024-06-20,Tablet,Windows,Safari,Email,38,4,False,False
S0006415,U000258,2025-11-14,Mobile,iOS,Edge,Instagram,33,6,False,True
S0006416,U000900,2025-06-03,Tablet,iOS,Chrome,Instagram,28,8,False,False
S0006417,U000253,2024-07-26,Tablet,iOS,Safari,Paid Search,19,11,False,True
S0006418,U000814,2024-04-18,Desktop,Android,Safari,Organic Search,29,5,False,False
S0006419,U000848,2024-11-09,Mobile,iOS,Chrome,Email,8,9,False,False
S0006420,U001410,2024-06-22,Mobile,iOS,Chrome,YouTube,52,1,True,True
S0006421,U001738,2025-05-31,Tablet,Android,Safari,Direct,52,2,False,False
S0006422,U000823,2024-09-02,Desktop,Windows,Chrome,Instagram,44,4,False,False
S0006423,U000439,2025-06-24,Desktop,iOS,Edge,Email,29,10,False,False
S0006424,U001482,2024-05-18,Desktop,Windows,Safari,Organic Search,30,9,False,False
S0006425,U001498,2024-04-03,Desktop,iOS,Firefox,Direct,42,11,False,False
S0006426,U001100,2024-04-25,Mobile,iOS,Chrome,Paid Search,13,1,True,False
S0006427,U000045,2025-10-25,Mobile,Windows,Chrome,Paid Search,12,4,False,False
S0006428,U000755,2025-02-25,Tablet,Android,Firefox,Paid Search,46,3,False,False
S0006429,U000069,2024-11-05,Mobile,Android,Chrome,Direct,41,6,False,False
S0006430,U001252,2024-12-28,Desktop,Windows,Chrome,Organic Search,56,2,False,False
S0006431,U001053,2025-09-15,Mobile,iOS,Chrome,YouTube,36,9,False,False
S0006432,U000999,2024-08-09,Tablet,Android,Firefox,YouTube,27,6,False,False
S0006433,U000759,2024-03-07,Mobile,Windows,Chrome,Facebook,54,2,False,False
S0006434,U000733,2024-05-11,Tablet,macOS,Chrome,YouTube,44,6,False,False
S0006435,U000813,2025-10-10,Mobile,macOS,Firefox,Facebook,35,10,False,False
S0006436,U001484,2024-03-11,Desktop,iOS,Firefox,Direct,32,12,False,True
S0006437,U000436,2024-05-20,Tablet,iOS,Safari,YouTube,9,5,False,False
S0006438,U000483,2024-08-30,Desktop,Windows,Chrome,Referral,57,4,False,False
S0006439,U000714,2025-12-25,Tablet,macOS,Firefox,Referral,26,10,False,False
S0006440,U001298,2025-12-17,Desktop,Android,Firefox,Organic Search,2,12,False,False
S0006441,U001321,2024-01-11,Desktop,iOS,Chrome,YouTube,49,7,False,False
S0006442,U000116,2025-10-26,Desktop,Android,Chrome,Facebook,29,9,False,False
S0006443,U001939,2025-09-06,Desktop,Windows,Safari,Email,20,6,False,False
S0006444,U001073,2025-01-06,Tablet,Android,Edge,Instagram,54,3,False,False
S0006445,U001361,2024-08-31,Desktop,Windows,Chrome,Direct,1,9,False,False
S0006446,U000681,2024-01-20,Tablet,Windows,Safari,Direct,58,8,False,False
S0006447,U000835,2024-02-25,Tablet,iOS,Edge,Organic Search,27,12,False,False
S0006448,U000647,2025-10-24,Mobile,iOS,Edge,Direct,22,7,False,False
S0006449,U001244,2024-03-17,Desktop,iOS,Safari,Instagram,57,11,False,True
S0006450,U001448,2025-01-10,Tablet,Android,Firefox,YouTube,26,4,False,False
S0006451,U001354,2024-01-09,Tablet,macOS,Safari,Paid Search,39,1,True,False
S0006452,U000523,2025-11-08,Tablet,macOS,Chrome,Email,52,12,False,False
S0006453,U000948,2025-04-06,Mobile,Windows,Edge,Organic Search,33,10,False,False
S0006454,U000492,2024-10-14,Mobile,Android,Edge,YouTube,35,8,False,False
S0006455,U001893,2024-03-07,Mobile,Android,Chrome,Organic Search,22,11,False,False
S0006456,U001213,2024-07-27,Tablet,Android,Firefox,Facebook,35,6,False,False
S0006457,U000158,2025-05-20,Tablet,macOS,Firefox,Direct,56,3,False,False
S0006458,U000644,2024-05-27,Desktop,macOS,Chrome,Direct,52,1,True,False
S0006459,U001458,2024-12-18,Desktop,Windows,Chrome,YouTube,23,7,False,False
S0006460,U001031,2024-01-31,Desktop,Android,Safari,Email,38,1,True,False
S0006461,U001682,2025-02-12,Desktop,macOS,Safari,Referral,12,11,False,False
S0006462,U000007,2024-01-16,Tablet,Windows,Firefox,Direct,18,9,False,False
S0006463,U001405,2024-09-15,Mobile,Android,Safari,Direct,49,3,False,False
S0006464,U001656,2025-03-11,Desktop,macOS,Edge,YouTube,27,1,True,False
S0006465,U000186,2025-09-30,Desktop,Windows,Safari,YouTube,31,3,False,False
S0006466,U001448,2024-10-15,Tablet,macOS,Edge,Instagram,33,1,True,False
S0006467,U001622,2024-11-25,Desktop,Android,Firefox,Paid Search,52,10,False,False
S0006468,U000669,2024-09-14,Mobile,iOS,Safari,Paid Search,58,10,False,False
S0006469,U000331,2025-12-12,Tablet,macOS,Safari,Direct,31,7,False,False
S0006470,U001229,2025-11-07,Mobile,iOS,Safari,YouTube,52,9,False,False
S0006471,U001828,2025-09-20,Desktop,Windows,Firefox,YouTube,51,6,False,False
S0006472,U000581,2024-07-14,Tablet,Android,Chrome,Facebook,59,6,False,False
S0006473,U000574,2024-10-09,Tablet,iOS,Edge,Direct,13,1,True,False
S0006474,U001213,2025-03-24,Mobile,Windows,Firefox,Email,7,9,False,False
S0006475,U001030,2025-10-23,Tablet,macOS,Firefox,Facebook,3,6,False,False
S0006476,U001761,2024-01-02,Tablet,Windows,Safari,Referral,35,4,False,False
S0006477,U000474,2025-08-24,Desktop,Android,Firefox,Paid Search,7,10,False,False
S0006478,U001653,2025-03-21,Desktop,iOS,Safari,YouTube,33,11,False,False
S0006479,U001946,2024-10-24,Desktop,iOS,Edge,Facebook,43,8,False,False
S0006480,U000334,2025-12-20,Desktop,iOS,Safari,Paid Search,55,11,False,True
S0006481,U000575,2025-12-22,Tablet,Android,Firefox,Referral,51,4,False,False
S0006482,U001400,2025-08-12,Desktop,Windows,Chrome,Facebook,17,11,False,False
S0006483,U001549,2024-03-16,Desktop,Windows,Chrome,YouTube,20,2,False,False
S0006484,U001307,2024-03-01,Desktop,iOS,Edge,YouTube,3,4,False,True
S0006485,U001191,2024-09-09,Mobile,iOS,Safari,Instagram,15,5,False,False
S0006486,U001753,2025-11-17,Tablet,Android,Firefox,Organic Search,35,9,False,False
S0006487,U000498,2025-11-08,Desktop,Android,Firefox,Paid Search,58,11,False,False
S0006488,U000183,2025-12-14,Tablet,macOS,Chrome,Email,13,8,False,True
S0006489,U000392,2025-02-05,Mobile,Windows,Firefox,Paid Search,56,11,False,False
S0006490,U000036,2025-04-28,Desktop,Windows,Safari,Organic Search,8,9,False,False
S0006491,U000912,2024-06-27,Tablet,Windows,Safari,Referral,50,7,False,False
S0006492,U001739,2024-01-22,Tablet,macOS,Safari,Organic Search,58,7,False,False
S0006493,U000282,2025-08-16,Desktop,Android,Chrome,Instagram,50,6,False,False
S0006494,U001272,2025-06-18,Mobile,Windows,Chrome,Paid Search,3,11,False,True
S0006495,U001534,2025-10-14,Mobile,macOS,Edge,Organic Search,34,11,False,False
S0006496,U001752,2024-05-06,Mobile,macOS,Safari,Organic Search,8,2,False,False
S0006497,U001153,2024-07-05,Tablet,Windows,Firefox,Direct,48,12,False,False
S0006498,U000392,2025-07-21,Tablet,macOS,Edge,Facebook,16,3,False,False
S0006499,U001253,2024-03-30,Mobile,iOS,Chrome,Referral,23,7,False,False
S0006500,U001464,2024-06-11,Mobile,iOS,Edge,Direct,38,11,False,False
S0006501,U000773,2024-12-20,Mobile,iOS,Edge,Organic Search,1,3,False,True
S0006502,U000765,2024-01-08,Tablet,Android,Firefox,Email,31,7,False,False
S0006503,U001322,2024-03-11,Mobile,Android,Safari,Organic Search,10,6,False,False
S0006504,U000938,2025-08-03,Desktop,iOS,Firefox,Paid Search,8,6,False,False
S0006505,U001008,2024-02-06,Desktop,Android,Chrome,Facebook,41,7,False,False
S0006506,U000942,2024-08-03,Tablet,iOS,Firefox,Referral,45,6,False,False
S0006507,U000929,2024-10-26,Tablet,Android,Safari,Paid Search,42,2,False,False
S0006508,U000949,2025-06-30,Tablet,Android,Safari,Paid Search,32,11,False,False
S0006509,U001866,2025-10-18,Desktop,iOS,Chrome,Paid Search,57,5,False,False
S0006510,U001006,2025-06-21,Desktop,Windows,Chrome,Facebook,41,5,False,False
S0006511,U001657,2025-02-02,Desktop,Android,Edge,Referral,44,1,True,False
S0006512,U001622,2024-02-13,Mobile,Android,Safari,Paid Search,22,10,False,False
S0006513,U000331,2024-09-12,Tablet,Android,Firefox,Instagram,15,2,False,False
S0006514,U000849,2024-03-27,Mobile,Windows,Safari,Paid Search,29,1,True,True
S0006515,U000843,2025-11-04,Tablet,iOS,Firefox,Direct,43,10,False,False
S0006516,U001046,2024-05-20,Mobile,iOS,Edge,Referral,23,12,False,False
S0006517,U001476,2025-06-30,Mobile,macOS,Firefox,Instagram,1,10,False,False
S0006518,U000183,2025-08-13,Desktop,Windows,Chrome,Instagram,42,11,False,False
S0006519,U000205,2025-09-17,Tablet,Android,Chrome,Instagram,36,10,False,False
S0006520,U000815,2024-06-05,Tablet,macOS,Edge,Organic Search,52,5,False,False
S0006521,U000704,2024-03-20,Tablet,macOS,Safari,Direct,33,4,False,False
S0006522,U001801,2024-12-11,Tablet,Android,Edge,Instagram,43,6,False,False
S0006523,U000782,2025-07-26,Mobile,Windows,Edge,YouTube,16,5,False,False
S0006524,U000769,2024-02-23,Desktop,iOS,Edge,Instagram,15,10,False,False
S0006525,U000262,2025-02-22,Tablet,macOS,Chrome,Referral,19,5,False,False
S0006526,U000003,2025-08-05,Mobile,Android,Edge,Email,22,6,False,False
S0006527,U000367,2024-08-02,Tablet,Windows,Safari,Organic Search,42,12,False,False
S0006528,U001371,2024-11-03,Tablet,iOS,Safari,Facebook,50,9,False,False
S0006529,U001397,2024-10-11,Mobile,macOS,Safari,Direct,58,4,False,False
S0006530,U001732,2024-08-17,Tablet,macOS,Safari,Organic Search,36,3,False,False
S0006531,U000643,2025-03-11,Mobile,Windows,Firefox,Paid Search,30,10,False,False
S0006532,U000708,2025-09-24,Desktop,Android,Edge,Email,45,4,False,False
S0006533,U001807,2025-01-16,Tablet,Android,Firefox,Instagram,41,9,False,False
S0006534,U000416,2025-06-20,Desktop,Android,Safari,Direct,33,8,False,False
S0006535,U001678,2025-01-15,Tablet,iOS,Chrome,Paid Search,34,6,False,False
S0006536,U000877,2024-09-27,Desktop,macOS,Firefox,Referral,53,11,False,False
S0006537,U000993,2024-08-02,Tablet,Windows,Firefox,Organic Search,15,9,False,False
S0006538,U001201,2025-06-11,Mobile,Windows,Firefox,Direct,45,8,False,False
S0006539,U000822,2025-06-09,Tablet,macOS,Chrome,Organic Search,19,8,False,False
S0006540,U000904,2025-11-16,Mobile,Windows,Chrome,Email,42,1,True,True
S0006541,U001687,2025-03-29,Tablet,macOS,Firefox,Paid Search,22,11,False,False
S0006542,U001834,2025-09-29,Desktop,Android,Edge,Facebook,30,11,False,False
S0006543,U001681,2025-12-12,Tablet,macOS,Edge,YouTube,40,5,False,False
S0006544,U000865,2025-04-18,Mobile,Android,Firefox,Instagram,59,1,True,False
S0006545,U001856,2025-11-24,Mobile,Windows,Firefox,YouTube,42,6,False,False
S0006546,U000445,2025-09-03,Tablet,Android,Safari,Organic Search,41,2,False,False
S0006547,U000399,2024-04-09,Mobile,macOS,Edge,Paid Search,6,9,False,False
S0006548,U001174,2025-02-06,Tablet,Android,Safari,Organic Search,32,11,False,False
S0006549,U000734,2024-08-21,Tablet,iOS,Firefox,Referral,28,10,False,False
S0006550,U001541,2025-10-20,Mobile,macOS,Edge,Email,38,5,False,False
S0006551,U000127,2024-04-10,Desktop,Android,Firefox,Organic Search,60,3,False,False
S0006552,U000670,2024-01-25,Desktop,Android,Firefox,Instagram,30,3,False,False
S0006553,U001191,2024-04-02,Mobile,macOS,Firefox,Email,25,10,False,False
S0006554,U000048,2025-11-28,Mobile,iOS,Chrome,Direct,58,5,False,False
S0006555,U000795,2024-06-26,Mobile,iOS,Chrome,Email,19,1,True,False
S0006556,U000649,2025-01-26,Mobile,Android,Safari,Email,46,12,False,False
S0006557,U000479,2024-05-05,Tablet,macOS,Edge,Instagram,24,1,True,False
S0006558,U000540,2025-08-26,Tablet,Android,Safari,Paid Search,45,11,False,False
S0006559,U000436,2025-03-23,Desktop,Windows,Edge,Direct,31,6,False,True
S0006560,U000300,2025-07-08,Mobile,Windows,Edge,Paid Search,60,11,False,False
S0006561,U000279,2025-09-24,Tablet,Windows,Edge,Direct,56,4,False,False
S0006562,U000840,2025-07-26,Tablet,macOS,Firefox,Facebook,14,3,False,False
S0006563,U001578,2024-11-17,Mobile,Android,Safari,YouTube,22,2,False,False
S0006564,U001660,2024-04-01,Desktop,macOS,Safari,Organic Search,42,11,False,False
S0006565,U000365,2025-09-27,Desktop,Android,Chrome,Referral,29,12,False,False
S0006566,U001160,2025-01-22,Mobile,iOS,Edge,Email,3,8,False,False
S0006567,U001159,2024-06-09,Tablet,iOS,Chrome,Paid Search,59,4,False,True
S0006568,U000596,2025-10-10,Tablet,Windows,Firefox,Facebook,33,12,False,False
S0006569,U000940,2024-07-07,Mobile,Android,Safari,Direct,9,4,False,False
S0006570,U001352,2024-05-11,Tablet,iOS,Safari,YouTube,23,8,False,False
S0006571,U001011,2024-11-24,Tablet,iOS,Firefox,Organic Search,46,8,False,False
S0006572,U000127,2024-11-21,Mobile,iOS,Edge,Facebook,24,8,False,False
S0006573,U001762,2024-08-22,Mobile,iOS,Chrome,Instagram,9,6,False,False
S0006574,U000831,2025-11-11,Desktop,iOS,Safari,Instagram,48,2,False,True
S0006575,U001302,2024-12-29,Tablet,iOS,Safari,Instagram,56,12,False,False
S0006576,U000881,2024-07-09,Desktop,iOS,Edge,Direct,14,5,False,False
S0006577,U000792,2024-04-09,Tablet,Android,Edge,YouTube,49,9,False,False
S0006578,U000806,2024-05-21,Tablet,iOS,Chrome,Instagram,1,3,False,False
S0006579,U000231,2024-09-21,Tablet,macOS,Edge,Email,30,10,False,False
S0006580,U000189,2024-05-24,Mobile,macOS,Safari,Paid Search,49,6,False,False
S0006581,U000747,2024-12-20,Tablet,macOS,Safari,Email,6,1,True,False
S0006582,U001735,2024-11-27,Desktop,macOS,Firefox,Email,3,3,False,False
S0006583,U001238,2025-02-19,Mobile,iOS,Safari,Paid Search,24,12,False,False
S0006584,U001246,2024-06-04,Desktop,macOS,Edge,Email,43,8,False,False
S0006585,U000625,2024-07-23,Desktop,Windows,Firefox,Paid Search,36,12,False,False
S0006586,U001556,2024-04-24,Mobile,iOS,Safari,YouTube,2,11,False,False
S0006587,U001585,2024-02-09,Tablet,Windows,Firefox,Organic Search,29,4,False,True
S0006588,U000395,2025-12-10,Desktop,Android,Safari,Facebook,34,2,False,False
S0006589,U001089,2024-06-21,Mobile,Windows,Firefox,YouTube,28,1,True,True
S0006590,U001311,2024-04-17,Tablet,Windows,Chrome,Organic Search,60,7,False,False
S0006591,U000236,2025-10-12,Desktop,iOS,Safari,Email,47,9,False,False
S0006592,U000654,2024-11-25,Mobile,Windows,Edge,Facebook,56,10,False,False
S0006593,U001277,2024-08-14,Desktop,macOS,Safari,YouTube,2,2,False,False
S0006594,U000971,2024-10-14,Mobile,iOS,Chrome,Organic Search,18,9,False,False
S0006595,U000033,2025-11-15,Tablet,macOS,Chrome,Referral,8,5,False,False
S0006596,U000221,2025-03-26,Desktop,Android,Chrome,Paid Search,43,4,False,False
S0006597,U000808,2025-01-05,Desktop,Windows,Edge,Paid Search,13,9,False,False
S0006598,U001217,2024-09-14,Tablet,Windows,Safari,Email,41,1,True,False
S0006599,U001083,2024-08-17,Tablet,macOS,Chrome,Referral,22,12,False,False
S0006600,U000262,2024-09-07,Mobile,macOS,Safari,Facebook,31,8,False,False
S0006601,U000718,2024-10-09,Mobile,iOS,Firefox,Email,4,2,False,False
S0006602,U000419,2024-06-07,Tablet,macOS,Edge,Organic Search,17,6,False,False
S0006603,U001599,2024-03-06,Mobile,macOS,Edge,Instagram,33,10,False,False
S0006604,U000062,2025-09-11,Desktop,Windows,Safari,Email,37,6,False,False
S0006605,U001574,2025-07-09,Mobile,Windows,Firefox,Paid Search,55,8,False,False
S0006606,U000816,2024-08-19,Mobile,macOS,Chrome,Email,49,11,False,True
S0006607,U001722,2025-08-05,Desktop,macOS,Safari,Paid Search,26,5,False,False
S0006608,U001703,2025-02-07,Desktop,Android,Safari,Direct,48,11,False,False
S0006609,U001876,2025-06-04,Desktop,iOS,Edge,Instagram,13,11,False,False
S0006610,U001851,2025-11-20,Tablet,Windows,Chrome,Instagram,20,8,False,False
S0006611,U001173,2025-05-08,Mobile,macOS,Firefox,YouTube,12,7,False,False
S0006612,U000870,2024-11-30,Desktop,Android,Safari,Facebook,37,12,False,False
S0006613,U001097,2025-10-26,Tablet,macOS,Safari,Instagram,29,10,False,False
S0006614,U000370,2025-07-14,Desktop,iOS,Firefox,Organic Search,37,11,False,True
S0006615,U001645,2024-03-17,Mobile,Windows,Edge,Facebook,55,4,False,False
S0006616,U000559,2024-07-08,Tablet,Windows,Firefox,Direct,41,9,False,False
S0006617,U001494,2024-06-24,Tablet,iOS,Chrome,Instagram,32,5,False,False
S0006618,U000145,2025-11-27,Desktop,iOS,Edge,Referral,51,10,False,False
S0006619,U000486,2025-02-23,Mobile,iOS,Chrome,YouTube,14,8,False,False
S0006620,U001601,2024-10-08,Tablet,iOS,Edge,Facebook,33,10,False,False
S0006621,U001088,2024-04-25,Mobile,iOS,Chrome,Organic Search,8,9,False,False
S0006622,U000691,2025-11-29,Mobile,macOS,Safari,Direct,25,1,True,False
S0006623,U000499,2025-04-17,Mobile,Android,Edge,Organic Search,18,1,True,False
S0006624,U001137,2024-06-09,Desktop,Android,Edge,Instagram,2,11,False,False
S0006625,U001036,2025-09-24,Mobile,iOS,Safari,Organic Search,10,9,False,False
S0006626,U000734,2024-08-08,Desktop,macOS,Edge,Paid Search,53,3,False,False
S0006627,U001005,2024-01-08,Mobile,iOS,Safari,Referral,35,3,False,False
S0006628,U001722,2025-06-08,Desktop,iOS,Edge,YouTube,15,12,False,False
S0006629,U000440,2024-08-29,Desktop,Windows,Edge,YouTube,15,10,False,False
S0006630,U001283,2025-12-12,Mobile,macOS,Edge,Direct,8,9,False,False
S0006631,U000329,2024-08-05,Mobile,Android,Safari,Paid Search,52,10,False,False
S0006632,U000525,2025-11-17,Desktop,Android,Chrome,Organic Search,38,6,False,False
S0006633,U001460,2024-08-15,Desktop,macOS,Firefox,Facebook,45,4,False,True
S0006634,U000956,2025-04-08,Desktop,macOS,Firefox,Direct,6,6,False,False
S0006635,U000424,2025-04-06,Tablet,Android,Edge,Paid Search,43,9,False,False
S0006636,U000169,2025-12-22,Tablet,Windows,Edge,Paid Search,35,11,False,False
S0006637,U000002,2025-02-05,Tablet,Android,Chrome,Email,21,12,False,False
S0006638,U001985,2025-02-14,Tablet,macOS,Edge,Direct,45,7,False,False
S0006639,U000286,2025-03-25,Desktop,Android,Chrome,Paid Search,33,8,False,False
S0006640,U001636,2024-04-26,Mobile,Windows,Firefox,Paid Search,55,1,True,False
S0006641,U000572,2024-10-29,Mobile,macOS,Edge,Instagram,27,2,False,True
S0006642,U000975,2025-06-03,Desktop,macOS,Safari,Paid Search,31,11,False,True
S0006643,U000879,2024-02-07,Tablet,macOS,Edge,Organic Search,37,7,False,False
S0006644,U000480,2025-11-27,Desktop,Windows,Edge,Direct,11,11,False,False
S0006645,U000607,2024-11-09,Mobile,macOS,Safari,YouTube,42,11,False,False
S0006646,U001360,2024-11-08,Mobile,Android,Safari,Facebook,12,10,False,True
S0006647,U000511,2025-05-22,Mobile,Windows,Safari,Instagram,5,3,False,False
S0006648,U001045,2025-03-16,Desktop,Windows,Edge,Direct,43,7,False,False
S0006649,U001569,2024-02-11,Desktop,macOS,Edge,Organic Search,45,1,True,False
S0006650,U000013,2025-07-18,Tablet,Windows,Safari,Facebook,7,10,False,False
S0006651,U000741,2024-08-07,Mobile,Android,Edge,Instagram,33,9,False,False
S0006652,U001684,2025-04-05,Desktop,Windows,Chrome,Paid Search,27,8,False,False
S0006653,U000578,2024-12-19,Tablet,iOS,Edge,Referral,18,12,False,False
S0006654,U001098,2024-08-24,Tablet,iOS,Chrome,Organic Search,12,3,False,True
S0006655,U000717,2024-03-12,Mobile,macOS,Firefox,YouTube,43,2,False,False
S0006656,U000604,2025-08-01,Desktop,macOS,Safari,Email,9,3,False,True
S0006657,U001382,2024-05-12,Tablet,iOS,Chrome,Instagram,27,5,False,False
S0006658,U000505,2025-11-20,Tablet,Android,Chrome,Direct,11,4,False,False
S0006659,U001917,2024-05-09,Mobile,macOS,Safari,Instagram,55,10,False,False
S0006660,U001954,2025-09-06,Desktop,iOS,Safari,Referral,57,2,False,False
S0006661,U000233,2025-08-07,Desktop,Android,Safari,YouTube,49,3,False,False
S0006662,U000669,2025-05-28,Tablet,iOS,Safari,Instagram,41,7,False,False
S0006663,U001994,2024-02-14,Mobile,iOS,Chrome,Facebook,52,11,False,True
S0006664,U001170,2024-02-29,Mobile,Windows,Firefox,Direct,25,9,False,False
S0006665,U001563,2024-05-19,Tablet,macOS,Chrome,Email,29,7,False,False
S0006666,U000678,2025-02-24,Desktop,iOS,Safari,Email,3,8,False,False
S0006667,U001383,2025-03-07,Desktop,Android,Edge,Direct,54,12,False,False
S0006668,U001742,2025-06-26,Tablet,iOS,Firefox,Referral,38,10,False,False
S0006669,U000782,2024-10-05,Desktop,Android,Edge,Referral,58,7,False,False
S0006670,U001485,2024-12-07,Mobile,Windows,Safari,Paid Search,5,3,False,False
S0006671,U001868,2025-12-16,Desktop,macOS,Chrome,YouTube,39,4,False,False
S0006672,U001869,2025-02-25,Desktop,Windows,Chrome,Referral,8,10,False,False
S0006673,U001041,2024-09-22,Desktop,Android,Firefox,Paid Search,52,11,False,True
S0006674,U000480,2024-07-28,Desktop,macOS,Safari,Direct,4,6,False,False
S0006675,U001414,2025-03-11,Desktop,Android,Chrome,Referral,17,3,False,False
S0006676,U000940,2024-10-01,Mobile,macOS,Chrome,Referral,57,9,False,False
S0006677,U000068,2025-08-31,Desktop,iOS,Safari,Facebook,60,11,False,True
S0006678,U001012,2025-05-15,Tablet,Windows,Firefox,Email,36,7,False,False
S0006679,U001790,2025-11-12,Tablet,Android,Safari,Paid Search,27,5,False,False
S0006680,U000857,2025-04-24,Tablet,Windows,Safari,Organic Search,30,6,False,False
S0006681,U001219,2024-09-16,Tablet,Android,Chrome,YouTube,4,3,False,False
S0006682,U000696,2024-02-12,Mobile,Android,Firefox,Facebook,3,3,False,False
S0006683,U000322,2024-06-16,Mobile,Android,Chrome,Paid Search,5,2,False,False
S0006684,U001420,2024-10-16,Desktop,Windows,Edge,Direct,15,10,False,False
S0006685,U000020,2025-12-21,Tablet,Android,Safari,Organic Search,59,9,False,False
S0006686,U001752,2024-12-07,Desktop,Android,Safari,Email,48,10,False,False
S0006687,U000260,2025-08-27,Mobile,Windows,Chrome,Direct,16,3,False,False
S0006688,U000086,2025-07-30,Tablet,iOS,Edge,Paid Search,52,4,False,False
S0006689,U001410,2024-06-17,Desktop,Android,Edge,Facebook,10,5,False,True
S0006690,U001762,2025-09-10,Tablet,macOS,Chrome,Organic Search,7,8,False,False
S0006691,U001339,2025-04-07,Tablet,Android,Firefox,Referral,26,5,False,False
S0006692,U000611,2025-04-28,Tablet,Android,Chrome,Direct,45,7,False,False
S0006693,U000448,2024-04-07,Tablet,Windows,Firefox,Instagram,30,7,False,False
S0006694,U001965,2024-01-23,Mobile,Windows,Edge,YouTube,3,11,False,False
S0006695,U001216,2025-06-16,Tablet,Android,Safari,Direct,47,10,False,False
S0006696,U000312,2024-03-21,Mobile,Android,Safari,Facebook,56,12,False,False
S0006697,U000400,2024-10-31,Mobile,Windows,Edge,YouTube,21,4,False,False
S0006698,U001082,2024-09-27,Mobile,iOS,Safari,Facebook,35,5,False,False
S0006699,U000854,2024-02-02,Desktop,iOS,Edge,Paid Search,13,3,False,False
S0006700,U000371,2024-09-07,Tablet,Android,Safari,Organic Search,10,5,False,False
S0006701,U000546,2025-10-02,Desktop,iOS,Safari,Email,25,11,False,False
S0006702,U000988,2024-07-16,Desktop,iOS,Chrome,Email,17,11,False,False
S0006703,U001609,2024-08-23,Desktop,Windows,Safari,Direct,54,3,False,False
S0006704,U001496,2024-07-31,Mobile,Windows,Safari,Email,54,6,False,False
S0006705,U000990,2025-04-03,Tablet,iOS,Firefox,Instagram,44,12,False,False
S0006706,U000906,2025-02-24,Mobile,iOS,Edge,Organic Search,10,1,True,False
S0006707,U000048,2024-04-25,Desktop,Android,Chrome,Referral,23,3,False,False
S0006708,U000505,2025-12-27,Mobile,Windows,Safari,YouTube,50,7,False,False
S0006709,U000943,2025-07-03,Tablet,iOS,Firefox,Organic Search,15,11,False,False
S0006710,U001986,2024-07-21,Mobile,Android,Safari,Referral,2,3,False,False
S0006711,U000690,2025-03-16,Tablet,iOS,Chrome,Direct,36,9,False,False
S0006712,U000900,2025-03-03,Mobile,iOS,Safari,Organic Search,31,12,False,False
S0006713,U001809,2025-01-08,Tablet,Windows,Edge,Direct,46,3,False,False
S0006714,U001540,2024-09-21,Tablet,Windows,Edge,Organic Search,59,1,True,True
S0006715,U000117,2024-04-13,Tablet,Windows,Chrome,Direct,54,2,False,False
S0006716,U001125,2024-02-21,Mobile,Windows,Edge,Referral,53,9,False,False
S0006717,U001048,2024-07-03,Desktop,Windows,Safari,Direct,33,2,False,False
S0006718,U000819,2024-11-06,Mobile,Windows,Safari,Direct,28,6,False,False
S0006719,U001893,2025-03-09,Tablet,iOS,Firefox,Instagram,48,5,False,False
S0006720,U000125,2025-10-01,Mobile,macOS,Chrome,Instagram,59,4,False,False
S0006721,U000112,2024-07-10,Mobile,Windows,Firefox,Email,43,5,False,False
S0006722,U000669,2025-06-24,Desktop,Windows,Firefox,Referral,9,12,False,False
S0006723,U001165,2025-06-25,Tablet,macOS,Edge,Direct,22,5,False,False
S0006724,U001169,2025-01-19,Desktop,macOS,Chrome,Facebook,17,3,False,False
S0006725,U000824,2025-11-02,Tablet,iOS,Edge,Direct,32,3,False,False
S0006726,U001902,2024-11-01,Mobile,Windows,Chrome,Facebook,58,1,True,False
S0006727,U000728,2024-08-19,Mobile,macOS,Chrome,Referral,15,2,False,False
S0006728,U001108,2025-11-05,Desktop,Windows,Firefox,Email,47,1,True,False
S0006729,U000054,2025-03-31,Tablet,Android,Firefox,Organic Search,1,3,False,False
S0006730,U001187,2025-12-24,Desktop,iOS,Edge,Email,33,12,False,False
S0006731,U001099,2025-07-09,Mobile,iOS,Chrome,Paid Search,15,6,False,False
S0006732,U001194,2025-05-04,Desktop,Android,Chrome,Instagram,49,4,False,False
S0006733,U000797,2025-09-14,Tablet,Android,Chrome,Instagram,6,11,False,False
S0006734,U001469,2024-02-06,Tablet,Windows,Firefox,Instagram,15,8,False,False
S0006735,U001530,2024-10-21,Tablet,macOS,Safari,Facebook,53,8,False,False
S0006736,U001135,2025-11-24,Mobile,macOS,Edge,Direct,42,2,False,False
S0006737,U001299,2025-12-17,Mobile,macOS,Edge,Facebook,25,2,False,False
S0006738,U000927,2025-07-03,Mobile,Windows,Safari,Email,15,11,False,False
S0006739,U000784,2024-02-29,Mobile,Android,Firefox,Facebook,45,10,False,False
S0006740,U000446,2024-12-21,Mobile,iOS,Firefox,Facebook,18,12,False,False
S0006741,U001830,2024-04-17,Tablet,Android,Chrome,Direct,50,11,False,False
S0006742,U001978,2025-04-18,Desktop,Android,Safari,YouTube,29,1,True,True
S0006743,U001953,2025-10-05,Desktop,iOS,Safari,YouTube,7,1,True,False
S0006744,U000318,2024-11-14,Desktop,macOS,Edge,YouTube,3,11,False,False
S0006745,U001671,2025-08-25,Mobile,iOS,Edge,Instagram,32,5,False,False
S0006746,U000121,2025-07-07,Desktop,macOS,Edge,Instagram,49,9,False,False
S0006747,U000056,2024-06-28,Desktop,Windows,Edge,Paid Search,11,6,False,False
S0006748,U001802,2025-01-16,Tablet,iOS,Edge,Paid Search,51,6,False,False
S0006749,U001657,2024-12-10,Desktop,Android,Chrome,Facebook,47,4,False,True
S0006750,U001852,2024-02-22,Desktop,iOS,Chrome,Referral,47,9,False,False
S0006751,U000231,2025-09-12,Mobile,Android,Safari,Direct,18,4,False,False
S0006752,U001100,2025-06-03,Tablet,Android,Chrome,Facebook,6,10,False,False
S0006753,U001918,2025-01-03,Tablet,iOS,Firefox,Direct,24,8,False,False
S0006754,U001488,2025-09-03,Tablet,macOS,Chrome,Paid Search,21,9,False,False
S0006755,U001617,2025-02-25,Tablet,iOS,Safari,Paid Search,37,11,False,False
S0006756,U000380,2024-09-03,Mobile,Windows,Safari,Facebook,8,7,False,True
S0006757,U001655,2024-12-12,Desktop,iOS,Safari,Paid Search,43,6,False,False
S0006758,U001638,2025-06-01,Desktop,Windows,Firefox,Instagram,42,12,False,False
S0006759,U001274,2024-03-07,Tablet,Windows,Edge,Organic Search,8,2,False,True
S0006760,U001310,2024-05-06,Desktop,macOS,Chrome,Organic Search,26,11,False,False
S0006761,U000866,2025-12-02,Mobile,Android,Safari,Paid Search,21,8,False,False
S0006762,U000054,2025-06-22,Tablet,iOS,Edge,Referral,14,2,False,True
S0006763,U001421,2025-12-04,Desktop,macOS,Safari,Organic Search,5,1,True,True
S0006764,U001568,2025-05-10,Tablet,macOS,Chrome,Instagram,28,4,False,False
S0006765,U001461,2024-05-06,Tablet,iOS,Safari,Organic Search,38,5,False,False
S0006766,U001915,2024-12-17,Desktop,iOS,Chrome,Instagram,26,10,False,False
S0006767,U000987,2024-01-20,Tablet,iOS,Chrome,Organic Search,12,5,False,False
S0006768,U000434,2024-06-20,Mobile,iOS,Edge,YouTube,7,7,False,False
S0006769,U001414,2024-07-12,Mobile,macOS,Edge,Email,17,5,False,False
S0006770,U001912,2025-05-31,Mobile,Windows,Firefox,Instagram,1,1,True,False
S0006771,U000618,2024-11-24,Mobile,Android,Edge,Instagram,50,11,False,False
S0006772,U001863,2025-08-21,Tablet,Android,Chrome,Paid Search,1,10,False,False
S0006773,U001430,2024-07-16,Tablet,macOS,Safari,YouTube,19,10,False,False
S0006774,U001472,2025-07-15,Desktop,iOS,Chrome,Direct,35,5,False,False
S0006775,U001997,2025-01-21,Desktop,Windows,Safari,Direct,8,10,False,False
S0006776,U000660,2025-07-17,Desktop,iOS,Edge,YouTube,56,3,False,False
S0006777,U001087,2024-02-25,Mobile,Windows,Edge,Organic Search,47,1,True,False
S0006778,U001145,2024-02-03,Desktop,iOS,Edge,Instagram,11,10,False,False
S0006779,U001323,2024-09-15,Tablet,Android,Chrome,Paid Search,39,5,False,False
S0006780,U001859,2024-10-23,Tablet,macOS,Chrome,Paid Search,10,2,False,True
S0006781,U001710,2024-04-16,Desktop,Android,Edge,YouTube,12,11,False,False
S0006782,U001891,2025-03-10,Desktop,macOS,Edge,Direct,1,12,False,False
S0006783,U000873,2025-11-30,Desktop,Windows,Edge,Email,45,3,False,False
S0006784,U001624,2025-02-18,Tablet,iOS,Firefox,Facebook,47,3,False,True
S0006785,U000144,2024-05-18,Mobile,macOS,Safari,Paid Search,1,10,False,False
S0006786,U000797,2025-12-08,Mobile,macOS,Safari,Instagram,18,9,False,True
S0006787,U000104,2024-06-27,Mobile,Windows,Chrome,Organic Search,56,7,False,False
S0006788,U000368,2025-04-04,Desktop,iOS,Safari,Referral,16,9,False,False
S0006789,U000703,2025-12-01,Mobile,Android,Edge,Email,25,2,False,False
S0006790,U001101,2024-06-22,Mobile,iOS,Safari,Paid Search,18,5,False,False
S0006791,U000651,2024-09-11,Tablet,Windows,Firefox,Paid Search,20,3,False,False
S0006792,U000996,2025-01-02,Desktop,iOS,Chrome,Facebook,48,4,False,False
S0006793,U001400,2025-10-14,Mobile,Windows,Chrome,Direct,37,2,False,False
S0006794,U001147,2024-12-14,Desktop,Windows,Safari,Direct,34,5,False,False
S0006795,U000422,2025-06-23,Tablet,macOS,Safari,Direct,58,4,False,False
S0006796,U001045,2025-10-31,Desktop,macOS,Edge,Referral,24,2,False,False
S0006797,U000938,2025-08-02,Desktop,iOS,Firefox,Organic Search,26,11,False,False
S0006798,U001195,2024-08-22,Tablet,Android,Chrome,Organic Search,56,9,False,False
S0006799,U001161,2024-02-05,Tablet,iOS,Edge,Organic Search,14,5,False,False
S0006800,U001225,2025-10-17,Tablet,Android,Chrome,Referral,59,8,False,False
S0006801,U001495,2024-10-05,Mobile,Android,Safari,Organic Search,50,11,False,False
S0006802,U001987,2024-06-10,Mobile,macOS,Firefox,Paid Search,58,2,False,False
S0006803,U000786,2025-07-10,Desktop,Android,Firefox,Facebook,57,10,False,True
S0006804,U001251,2025-03-03,Mobile,Android,Chrome,YouTube,10,1,True,False
S0006805,U001023,2024-12-02,Mobile,Android,Safari,Instagram,48,6,False,False
S0006806,U000027,2024-03-05,Tablet,iOS,Chrome,Organic Search,46,4,False,False
S0006807,U000967,2024-01-31,Mobile,iOS,Firefox,Referral,5,4,False,False
S0006808,U000352,2025-03-05,Mobile,Windows,Firefox,Direct,17,12,False,False
S0006809,U000333,2024-06-18,Tablet,Android,Safari,Paid Search,22,5,False,False
S0006810,U001688,2024-11-20,Desktop,iOS,Safari,YouTube,36,10,False,False
S0006811,U000322,2025-03-01,Desktop,Android,Firefox,Facebook,38,3,False,False
S0006812,U000627,2025-05-29,Mobile,macOS,Edge,Paid Search,49,8,False,False
S0006813,U001107,2024-09-18,Tablet,iOS,Chrome,Instagram,31,7,False,False
S0006814,U001326,2025-03-23,Mobile,Windows,Safari,Facebook,15,1,True,False
S0006815,U000690,2025-04-17,Tablet,iOS,Chrome,Referral,55,1,True,False
S0006816,U001065,2024-11-23,Desktop,Windows,Safari,Email,1,1,True,False
S0006817,U000570,2024-01-09,Mobile,iOS,Chrome,Organic Search,16,10,False,False
S0006818,U001427,2024-03-03,Tablet,Android,Edge,Paid Search,50,10,False,True
S0006819,U001877,2024-08-10,Mobile,iOS,Chrome,Facebook,34,7,False,False
S0006820,U001768,2024-06-25,Desktop,macOS,Safari,Email,45,7,False,False
S0006821,U000722,2025-06-17,Tablet,Windows,Chrome,Paid Search,38,2,False,False
S0006822,U000602,2024-10-07,Desktop,Android,Edge,Paid Search,33,12,False,True
S0006823,U001784,2025-01-24,Tablet,iOS,Chrome,Facebook,34,10,False,False
S0006824,U001176,2025-04-23,Tablet,Android,Firefox,YouTube,42,2,False,False
S0006825,U000212,2024-09-05,Mobile,macOS,Safari,Instagram,3,8,False,False
S0006826,U001321,2024-04-20,Mobile,macOS,Firefox,YouTube,19,6,False,False
S0006827,U000023,2025-12-11,Mobile,iOS,Safari,Referral,33,11,False,False
S0006828,U001907,2025-06-18,Tablet,Windows,Chrome,Paid Search,60,12,False,False
S0006829,U000445,2025-12-14,Tablet,iOS,Safari,Referral,52,11,False,False
S0006830,U001733,2025-12-26,Mobile,Android,Edge,Paid Search,60,2,False,False
S0006831,U000920,2024-05-19,Desktop,iOS,Safari,YouTube,8,8,False,True
S0006832,U000061,2025-05-07,Desktop,macOS,Safari,Email,38,7,False,False
S0006833,U000615,2025-09-21,Desktop,iOS,Chrome,Email,57,9,False,False
S0006834,U000587,2024-06-22,Mobile,iOS,Firefox,Organic Search,43,4,False,False
S0006835,U001337,2025-02-04,Tablet,iOS,Firefox,Email,41,11,False,True
S0006836,U001544,2024-10-09,Mobile,iOS,Edge,Paid Search,2,5,False,False
S0006837,U000164,2025-02-03,Desktop,Windows,Firefox,Organic Search,45,7,False,False
S0006838,U001174,2024-06-30,Tablet,iOS,Chrome,Direct,13,7,False,False
S0006839,U001641,2024-02-13,Desktop,macOS,Edge,Email,38,9,False,False
S0006840,U001258,2024-02-27,Mobile,Windows,Edge,Instagram,12,7,False,False
S0006841,U000138,2024-02-22,Mobile,Windows,Firefox,Instagram,33,10,False,False
S0006842,U001900,2024-12-14,Mobile,Android,Safari,Direct,7,6,False,False
S0006843,U001966,2025-02-15,Mobile,macOS,Edge,YouTube,14,12,False,True
S0006844,U000879,2025-09-22,Mobile,iOS,Edge,Organic Search,2,8,False,False
S0006845,U001271,2024-12-16,Desktop,Android,Chrome,Referral,20,5,False,True
S0006846,U001686,2024-04-24,Tablet,iOS,Firefox,Organic Search,10,8,False,False
S0006847,U000626,2025-12-14,Tablet,Android,Safari,YouTube,51,2,False,False
S0006848,U001923,2024-09-19,Tablet,macOS,Safari,Facebook,12,10,False,False
S0006849,U000901,2024-07-04,Desktop,macOS,Chrome,Organic Search,4,9,False,False
S0006850,U000083,2024-07-08,Mobile,iOS,Safari,Organic Search,51,3,False,False
S0006851,U001985,2025-11-14,Mobile,iOS,Firefox,Email,15,5,False,False
S0006852,U000616,2025-10-27,Mobile,macOS,Safari,YouTube,18,2,False,False
S0006853,U001922,2025-06-03,Desktop,Windows,Firefox,Direct,31,10,False,False
S0006854,U001330,2024-07-18,Desktop,macOS,Edge,Facebook,3,10,False,False
S0006855,U000521,2024-03-20,Mobile,iOS,Firefox,YouTube,32,8,False,False
S0006856,U001686,2024-03-24,Mobile,iOS,Firefox,Paid Search,56,4,False,False
S0006857,U001344,2024-05-31,Tablet,Windows,Edge,Paid Search,40,1,True,True
S0006858,U000729,2025-08-24,Desktop,Android,Chrome,Referral,20,4,False,False
S0006859,U000950,2024-09-04,Desktop,iOS,Safari,Direct,17,9,False,True
S0006860,U000835,2025-07-10,Mobile,Android,Safari,Paid Search,4,6,False,False
S0006861,U001052,2025-05-19,Tablet,Windows,Safari,Instagram,39,3,False,False
S0006862,U001478,2025-06-10,Desktop,macOS,Chrome,Email,3,11,False,True
S0006863,U000444,2025-03-18,Tablet,Windows,Safari,Referral,58,4,False,False
S0006864,U001156,2024-10-19,Mobile,Android,Safari,Paid Search,60,4,False,False
S0006865,U001470,2025-03-02,Desktop,Android,Chrome,Instagram,44,8,False,False
S0006866,U001640,2025-10-14,Tablet,Android,Safari,Paid Search,58,2,False,False
S0006867,U000676,2025-10-09,Mobile,macOS,Safari,Organic Search,46,1,True,True
S0006868,U000616,2025-03-01,Desktop,iOS,Firefox,Paid Search,18,4,False,True
S0006869,U001377,2025-03-28,Tablet,Android,Edge,Referral,27,4,False,False
S0006870,U001737,2025-09-16,Desktop,macOS,Firefox,Facebook,44,12,False,False
S0006871,U000659,2024-08-30,Mobile,Windows,Chrome,Organic Search,45,10,False,False
S0006872,U001250,2024-06-01,Desktop,Windows,Chrome,Paid Search,40,9,False,True
S0006873,U000510,2025-11-26,Desktop,Windows,Firefox,Email,10,9,False,False
S0006874,U001807,2025-09-02,Mobile,Windows,Chrome,Instagram,36,11,False,False
S0006875,U000374,2024-08-05,Tablet,Android,Edge,Instagram,53,11,False,False
S0006876,U000401,2024-01-24,Mobile,Windows,Safari,Organic Search,40,7,False,False
S0006877,U000140,2025-02-18,Tablet,macOS,Edge,Referral,22,6,False,False
S0006878,U001303,2025-05-23,Tablet,macOS,Edge,Organic Search,29,2,False,False
S0006879,U000185,2024-10-16,Mobile,macOS,Chrome,Facebook,8,8,False,False
S0006880,U001495,2024-10-28,Tablet,macOS,Firefox,Instagram,47,10,False,False
S0006881,U000590,2025-11-08,Tablet,macOS,Safari,Direct,16,8,False,False
S0006882,U001788,2025-11-16,Desktop,Android,Chrome,Facebook,26,12,False,True
S0006883,U001016,2025-01-06,Desktop,Android,Chrome,Email,8,8,False,False
S0006884,U001950,2025-10-26,Mobile,macOS,Safari,YouTube,15,6,False,True
S0006885,U001124,2025-09-28,Tablet,iOS,Firefox,Organic Search,3,1,True,False
S0006886,U000104,2024-02-08,Desktop,macOS,Chrome,Organic Search,14,9,False,False
S0006887,U000572,2025-12-19,Tablet,macOS,Edge,Paid Search,27,9,False,False
S0006888,U001184,2024-08-28,Mobile,Android,Chrome,Organic Search,30,4,False,False
S0006889,U000173,2025-04-16,Mobile,iOS,Firefox,Referral,60,11,False,False
S0006890,U001489,2024-06-20,Mobile,Windows,Edge,Organic Search,23,11,False,False
S0006891,U000523,2025-05-03,Tablet,Windows,Safari,Email,54,8,False,False
S0006892,U001290,2025-08-13,Mobile,iOS,Chrome,Direct,19,9,False,False
S0006893,U000313,2025-12-14,Desktop,macOS,Safari,Direct,50,8,False,False
S0006894,U001041,2024-12-20,Desktop,iOS,Edge,YouTube,28,2,False,False
S0006895,U001505,2024-04-06,Desktop,Android,Firefox,Instagram,8,12,False,False
S0006896,U000748,2025-04-15,Desktop,Android,Firefox,Direct,52,9,False,False
S0006897,U001194,2024-06-14,Mobile,iOS,Safari,YouTube,10,9,False,False
S0006898,U000935,2024-02-13,Mobile,macOS,Edge,Email,60,3,False,False
S0006899,U000314,2025-12-02,Mobile,Android,Firefox,Organic Search,37,2,False,False
S0006900,U000523,2025-08-09,Tablet,iOS,Firefox,Direct,10,5,False,False
S0006901,U000899,2024-04-26,Desktop,Windows,Chrome,YouTube,22,7,False,False
S0006902,U001656,2025-11-07,Desktop,Android,Edge,Organic Search,45,4,False,False
S0006903,U001776,2025-11-24,Mobile,macOS,Edge,Direct,51,6,False,False
S0006904,U001049,2025-03-16,Mobile,macOS,Firefox,Email,40,2,False,False
S0006905,U001872,2025-10-20,Desktop,Windows,Chrome,YouTube,8,11,False,False
S0006906,U000541,2025-02-21,Tablet,Windows,Safari,Organic Search,34,5,False,True
S0006907,U000972,2025-08-10,Tablet,Windows,Edge,Direct,56,3,False,False
S0006908,U000118,2025-06-16,Desktop,iOS,Safari,Direct,56,2,False,False
S0006909,U000652,2024-03-02,Desktop,iOS,Edge,YouTube,16,9,False,False
S0006910,U000739,2024-07-01,Mobile,Android,Firefox,Organic Search,37,9,False,True
S0006911,U000567,2024-05-07,Tablet,macOS,Chrome,Email,37,2,False,False
S0006912,U001876,2024-09-11,Mobile,iOS,Chrome,Instagram,31,12,False,False
S0006913,U001856,2024-12-01,Tablet,iOS,Edge,Paid Search,49,8,False,True
S0006914,U001703,2024-03-04,Mobile,iOS,Edge,YouTube,4,5,False,False
S0006915,U000979,2025-10-11,Desktop,iOS,Safari,YouTube,8,2,False,True
S0006916,U001573,2025-01-20,Mobile,iOS,Firefox,Email,43,12,False,False
S0006917,U001440,2025-02-07,Mobile,Android,Safari,Paid Search,19,1,True,False
S0006918,U002000,2025-10-16,Tablet,iOS,Safari,Instagram,54,10,False,False
S0006919,U001750,2025-03-16,Desktop,Android,Edge,Instagram,52,5,False,False
S0006920,U000819,2024-12-05,Mobile,iOS,Firefox,Organic Search,24,9,False,False
S0006921,U000312,2024-06-26,Desktop,Windows,Chrome,Organic Search,23,6,False,False
S0006922,U000216,2025-06-15,Mobile,iOS,Firefox,Organic Search,34,8,False,False
S0006923,U000874,2025-01-26,Mobile,Android,Firefox,YouTube,51,10,False,False
S0006924,U001054,2025-03-21,Mobile,iOS,Firefox,Email,26,3,False,False
S0006925,U000499,2025-08-11,Tablet,iOS,Safari,Direct,23,5,False,False
S0006926,U001105,2024-04-09,Tablet,iOS,Firefox,Organic Search,28,4,False,False
S0006927,U001644,2025-06-22,Mobile,macOS,Edge,YouTube,4,3,False,False
S0006928,U000229,2024-08-06,Mobile,macOS,Safari,Paid Search,44,8,False,False
S0006929,U000562,2024-01-16,Tablet,iOS,Chrome,Facebook,37,9,False,False
S0006930,U001180,2025-10-26,Tablet,iOS,Edge,Facebook,3,7,False,False
S0006931,U001139,2024-12-09,Mobile,Windows,Chrome,Email,8,1,True,False
S0006932,U001735,2025-07-25,Mobile,Android,Edge,YouTube,4,12,False,False
S0006933,U000725,2024-12-15,Tablet,macOS,Firefox,YouTube,16,4,False,False
S0006934,U000354,2024-11-22,Desktop,Android,Firefox,Paid Search,28,7,False,False
S0006935,U000699,2024-04-28,Tablet,Windows,Edge,Direct,56,6,False,False
S0006936,U001401,2024-04-21,Desktop,Android,Safari,Organic Search,58,2,False,False
S0006937,U000348,2025-07-02,Mobile,iOS,Edge,YouTube,59,6,False,False
S0006938,U000527,2025-05-28,Tablet,iOS,Firefox,YouTube,51,12,False,False
S0006939,U001681,2025-08-14,Mobile,Windows,Chrome,Organic Search,49,10,False,False
S0006940,U001134,2024-05-01,Tablet,Windows,Firefox,Email,27,8,False,True
S0006941,U001584,2024-10-26,Desktop,Windows,Firefox,Paid Search,41,1,True,False
S0006942,U001181,2024-10-11,Mobile,iOS,Chrome,Facebook,41,9,False,False
S0006943,U000691,2024-03-01,Desktop,Android,Edge,Direct,18,7,False,False
S0006944,U001973,2025-04-05,Mobile,iOS,Firefox,Referral,34,5,False,True
S0006945,U001176,2025-03-13,Tablet,iOS,Safari,Email,37,1,True,False
S0006946,U001994,2025-10-11,Desktop,Windows,Safari,Email,21,9,False,True
S0006947,U001554,2024-03-26,Mobile,macOS,Firefox,Organic Search,7,9,False,False
S0006948,U001838,2024-05-20,Tablet,Android,Chrome,Instagram,49,1,True,False
S0006949,U000802,2025-03-23,Tablet,Windows,Firefox,Organic Search,13,10,False,False
S0006950,U000823,2025-02-27,Desktop,iOS,Chrome,Referral,46,7,False,False
S0006951,U001247,2024-02-02,Mobile,Android,Edge,Organic Search,40,9,False,False
S0006952,U000688,2024-10-16,Mobile,macOS,Firefox,Paid Search,57,4,False,False
S0006953,U001507,2025-01-24,Tablet,Windows,Edge,Paid Search,50,4,False,False
S0006954,U001002,2025-05-16,Tablet,iOS,Firefox,Instagram,30,1,True,False
S0006955,U001606,2025-01-29,Mobile,Android,Firefox,Paid Search,57,8,False,True
S0006956,U001114,2025-11-16,Mobile,macOS,Chrome,YouTube,4,3,False,False
S0006957,U000471,2025-01-24,Tablet,iOS,Edge,YouTube,37,2,False,False
S0006958,U000545,2025-08-05,Mobile,macOS,Safari,YouTube,5,1,True,False
S0006959,U001931,2024-01-20,Tablet,Windows,Edge,Referral,31,1,True,False
S0006960,U000877,2025-06-06,Mobile,Android,Safari,Instagram,52,2,False,False
S0006961,U001916,2025-10-20,Mobile,Windows,Firefox,Direct,46,11,False,False
S0006962,U000244,2024-07-20,Desktop,macOS,Edge,Paid Search,33,10,False,False
S0006963,U000632,2025-07-30,Tablet,iOS,Safari,Referral,33,6,False,False
S0006964,U001703,2025-05-27,Desktop,Windows,Firefox,Facebook,25,12,False,False
S0006965,U001312,2024-07-02,Desktop,macOS,Chrome,Paid Search,60,2,False,False
S0006966,U000517,2025-09-10,Mobile,iOS,Edge,Facebook,59,6,False,False
S0006967,U000705,2025-09-29,Tablet,macOS,Safari,Referral,9,7,False,False
S0006968,U000625,2024-02-01,Tablet,Windows,Chrome,Referral,27,9,False,False
S0006969,U000497,2025-02-04,Mobile,macOS,Chrome,Facebook,36,3,False,False
S0006970,U000752,2024-02-02,Tablet,macOS,Firefox,Organic Search,8,4,False,False
S0006971,U001831,2025-05-07,Desktop,Windows,Edge,Email,19,10,False,False
S0006972,U000615,2025-05-07,Mobile,Windows,Chrome,Instagram,20,2,False,True
S0006973,U000311,2025-09-11,Desktop,Windows,Chrome,Email,23,8,False,False
S0006974,U000169,2024-12-20,Tablet,iOS,Chrome,Direct,1,11,False,False
S0006975,U000248,2025-06-08,Desktop,Windows,Firefox,Email,49,5,False,False
S0006976,U000989,2024-07-08,Mobile,Windows,Edge,Direct,59,3,False,True
S0006977,U001045,2024-03-23,Mobile,iOS,Firefox,Organic Search,13,10,False,False
S0006978,U000404,2025-10-01,Mobile,Android,Firefox,Facebook,16,6,False,False
S0006979,U001685,2025-07-20,Tablet,Windows,Edge,Paid Search,32,3,False,False
S0006980,U001984,2024-06-14,Tablet,iOS,Safari,Email,39,7,False,False
S0006981,U001364,2024-07-14,Desktop,iOS,Safari,Organic Search,53,6,False,False
S0006982,U000318,2024-12-18,Desktop,macOS,Safari,Facebook,44,7,False,False
S0006983,U001750,2024-08-26,Mobile,iOS,Safari,Email,32,2,False,False
S0006984,U000737,2024-02-23,Tablet,macOS,Firefox,Paid Search,17,9,False,False
S0006985,U000576,2024-09-27,Tablet,Windows,Chrome,Instagram,44,6,False,False
S0006986,U001396,2024-03-03,Desktop,macOS,Edge,YouTube,54,9,False,False
S0006987,U000518,2025-06-23,Mobile,Windows,Chrome,Referral,4,7,False,False
S0006988,U000717,2024-08-11,Mobile,Windows,Chrome,Instagram,54,10,False,False
S0006989,U001291,2024-07-01,Mobile,Android,Edge,Instagram,40,3,False,False
S0006990,U000925,2024-12-27,Tablet,Android,Firefox,Instagram,40,12,False,False
S0006991,U001583,2024-03-03,Tablet,Windows,Chrome,YouTube,8,2,False,False
S0006992,U000101,2024-01-15,Mobile,Android,Edge,Direct,23,2,False,False
S0006993,U001164,2024-08-29,Mobile,macOS,Firefox,Email,11,7,False,False
S0006994,U001274,2025-04-25,Tablet,macOS,Chrome,Instagram,53,5,False,False
S0006995,U001262,2025-08-16,Desktop,Android,Firefox,Direct,10,1,True,False
S0006996,U001417,2025-04-27,Tablet,Windows,Edge,Instagram,25,11,False,False
S0006997,U001163,2024-11-29,Tablet,iOS,Chrome,Facebook,6,6,False,False
S0006998,U000029,2025-05-11,Desktop,Windows,Edge,Paid Search,54,9,False,False
S0006999,U000891,2025-12-08,Desktop,macOS,Safari,Paid Search,41,8,False,False
S0007000,U000896,2024-09-25,Tablet,Windows,Safari,Paid Search,60,6,False,False
S0007001,U001151,2024-01-19,Mobile,Windows,Edge,YouTube,59,9,False,False
S0007002,U001479,2024-11-07,Mobile,Windows,Safari,Email,21,2,False,False
S0007003,U001817,2024-10-02,Mobile,Android,Safari,Facebook,24,8,False,False
S0007004,U001025,2024-10-23,Tablet,iOS,Firefox,YouTube,42,8,False,False
S0007005,U001147,2025-04-30,Mobile,Android,Edge,Instagram,35,5,False,False
S0007006,U001480,2025-02-17,Mobile,iOS,Edge,Organic Search,14,6,False,False
S0007007,U000959,2024-10-04,Tablet,iOS,Edge,YouTube,7,11,False,False
S0007008,U001236,2025-03-22,Desktop,Android,Edge,Instagram,57,8,False,False
S0007009,U000520,2025-12-27,Mobile,Windows,Firefox,Email,58,2,False,False
S0007010,U001561,2024-01-26,Desktop,Android,Chrome,Organic Search,2,9,False,True
S0007011,U001927,2024-11-09,Tablet,Windows,Firefox,Referral,50,1,True,False
S0007012,U000031,2024-11-23,Desktop,macOS,Chrome,Referral,24,5,False,False
S0007013,U001570,2024-09-04,Desktop,Windows,Firefox,YouTube,7,4,False,False
S0007014,U001807,2024-06-04,Desktop,Android,Firefox,Referral,53,10,False,False
S0007015,U001832,2024-11-23,Mobile,Android,Safari,Direct,53,2,False,False
S0007016,U000081,2024-04-30,Tablet,macOS,Edge,Email,51,5,False,True
S0007017,U001052,2025-07-02,Desktop,iOS,Safari,YouTube,15,4,False,True
S0007018,U001002,2024-11-15,Mobile,Android,Chrome,Direct,5,4,False,False
S0007019,U001912,2024-07-12,Desktop,macOS,Chrome,Referral,59,3,False,False
S0007020,U000115,2024-09-01,Mobile,Android,Chrome,Instagram,30,11,False,True
S0007021,U000187,2025-06-27,Desktop,Windows,Safari,Direct,50,12,False,False
S0007022,U000633,2025-02-25,Tablet,Android,Edge,Paid Search,42,10,False,False
S0007023,U001679,2025-07-13,Desktop,Android,Firefox,Facebook,6,10,False,False
S0007024,U000327,2025-11-01,Desktop,macOS,Firefox,Organic Search,3,6,False,False
S0007025,U000725,2024-09-13,Desktop,macOS,Firefox,Email,48,7,False,True
S0007026,U001861,2024-03-03,Mobile,Windows,Firefox,Organic Search,59,3,False,False
S0007027,U001423,2025-12-21,Desktop,Android,Safari,Instagram,52,10,False,True
S0007028,U001427,2024-09-18,Tablet,macOS,Edge,Direct,1,7,False,False
S0007029,U001638,2025-07-30,Mobile,iOS,Chrome,Instagram,39,9,False,False
S0007030,U001665,2024-05-07,Mobile,Windows,Edge,Email,16,9,False,False
S0007031,U001665,2025-10-09,Tablet,iOS,Edge,Organic Search,21,9,False,False
S0007032,U001137,2025-12-03,Desktop,iOS,Firefox,YouTube,37,5,False,True
S0007033,U000555,2024-04-18,Mobile,iOS,Edge,Facebook,46,3,False,False
S0007034,U001954,2025-12-22,Tablet,macOS,Edge,Referral,22,12,False,False
S0007035,U000829,2024-11-30,Tablet,Android,Chrome,Paid Search,13,2,False,False
S0007036,U001489,2025-03-17,Tablet,Android,Edge,Organic Search,42,9,False,True
S0007037,U000575,2024-05-07,Desktop,macOS,Edge,Organic Search,30,5,False,False
S0007038,U000894,2025-10-30,Tablet,macOS,Firefox,Paid Search,15,3,False,False
S0007039,U000143,2025-03-20,Desktop,macOS,Edge,Email,53,6,False,False
S0007040,U001604,2024-04-13,Desktop,Android,Safari,Referral,29,7,False,True
S0007041,U001931,2024-12-11,Tablet,macOS,Safari,Instagram,43,12,False,False
S0007042,U001930,2024-12-20,Desktop,Android,Edge,Facebook,42,12,False,False
S0007043,U000325,2024-09-14,Desktop,Windows,Firefox,Organic Search,27,1,True,False
S0007044,U000398,2024-06-28,Mobile,Android,Firefox,Organic Search,57,3,False,False
S0007045,U001784,2024-12-16,Tablet,Android,Safari,Direct,47,6,False,False
S0007046,U001489,2024-05-23,Mobile,Android,Firefox,Instagram,22,2,False,False
S0007047,U001560,2025-01-03,Tablet,Android,Safari,Referral,42,12,False,False
S0007048,U001072,2025-08-13,Tablet,Android,Firefox,Facebook,59,5,False,False
S0007049,U001197,2024-03-31,Mobile,Android,Safari,Direct,13,3,False,False
S0007050,U001966,2024-07-22,Mobile,Android,Safari,Email,53,2,False,False
S0007051,U000054,2024-01-21,Desktop,iOS,Firefox,Organic Search,12,3,False,False
S0007052,U000964,2024-01-23,Desktop,Android,Firefox,Facebook,42,1,True,True
S0007053,U001768,2025-11-08,Mobile,Android,Safari,Direct,18,7,False,False
S0007054,U000423,2025-09-06,Desktop,Android,Firefox,Email,33,2,False,False
S0007055,U000803,2025-09-10,Mobile,Windows,Firefox,Facebook,13,5,False,False
S0007056,U001926,2025-05-19,Desktop,macOS,Edge,Direct,19,4,False,False
S0007057,U000133,2024-11-11,Tablet,iOS,Firefox,Direct,22,11,False,False
S0007058,U000871,2024-04-03,Desktop,iOS,Firefox,Referral,48,8,False,False
S0007059,U000728,2025-03-24,Tablet,iOS,Chrome,Email,28,11,False,False
S0007060,U000577,2024-01-17,Tablet,macOS,Chrome,Organic Search,60,1,True,True
S0007061,U000384,2024-07-29,Tablet,Windows,Safari,Email,28,3,False,False
S0007062,U000148,2024-01-20,Tablet,iOS,Firefox,YouTube,49,2,False,False
S0007063,U000522,2024-03-16,Desktop,macOS,Firefox,YouTube,44,5,False,False
S0007064,U001123,2024-07-31,Tablet,Windows,Safari,YouTube,45,7,False,True
S0007065,U001283,2025-08-09,Tablet,iOS,Chrome,Email,42,3,False,False
S0007066,U000373,2025-03-19,Mobile,Android,Safari,Email,47,1,True,False
S0007067,U000800,2025-10-07,Desktop,macOS,Firefox,Facebook,19,12,False,False
S0007068,U000939,2025-04-26,Desktop,Android,Safari,Instagram,5,9,False,False
S0007069,U000552,2024-10-10,Desktop,Android,Safari,Organic Search,44,5,False,False
S0007070,U001676,2025-03-02,Desktop,iOS,Firefox,Paid Search,24,8,False,False
S0007071,U000576,2024-08-21,Desktop,Windows,Firefox,Organic Search,22,9,False,False
S0007072,U001725,2025-03-24,Tablet,iOS,Chrome,Instagram,12,3,False,False
S0007073,U000557,2025-12-27,Desktop,Windows,Chrome,YouTube,43,9,False,False
S0007074,U001137,2025-12-31,Tablet,Windows,Firefox,Organic Search,45,6,False,False
S0007075,U001919,2025-10-17,Tablet,Windows,Firefox,Referral,55,9,False,False
S0007076,U001062,2025-02-01,Mobile,Windows,Firefox,YouTube,18,9,False,False
S0007077,U001838,2025-11-08,Tablet,Windows,Edge,YouTube,60,10,False,True
S0007078,U001968,2024-05-12,Mobile,Android,Firefox,Organic Search,53,8,False,False
S0007079,U000332,2025-09-13,Mobile,iOS,Edge,Referral,47,10,False,False
S0007080,U001167,2024-08-02,Tablet,iOS,Safari,Instagram,18,10,False,False
S0007081,U001354,2024-01-08,Mobile,iOS,Firefox,Paid Search,11,3,False,False
S0007082,U001726,2024-10-15,Tablet,iOS,Edge,Referral,21,7,False,False
S0007083,U000810,2024-07-31,Tablet,Android,Chrome,Facebook,9,10,False,False
S0007084,U000822,2024-08-30,Mobile,iOS,Edge,YouTube,14,1,True,True
S0007085,U000818,2025-09-27,Desktop,iOS,Safari,Direct,55,4,False,False
S0007086,U001100,2025-06-12,Tablet,iOS,Firefox,Referral,37,9,False,False
S0007087,U000143,2024-02-17,Tablet,iOS,Safari,Instagram,27,1,True,False
S0007088,U001191,2025-11-04,Tablet,Android,Edge,Paid Search,39,10,False,False
S0007089,U000146,2025-11-14,Tablet,Windows,Firefox,Organic Search,35,9,False,False
S0007090,U000075,2025-01-14,Desktop,macOS,Firefox,Direct,23,5,False,False
S0007091,U000862,2025-10-25,Tablet,Android,Firefox,Organic Search,38,2,False,False
S0007092,U000614,2025-08-02,Mobile,macOS,Safari,Direct,24,9,False,False
S0007093,U001626,2024-03-27,Desktop,Android,Safari,Organic Search,44,1,True,False
S0007094,U000051,2024-11-12,Tablet,Windows,Chrome,Referral,10,5,False,False
S0007095,U001982,2025-12-11,Tablet,iOS,Safari,Direct,46,4,False,False
S0007096,U000027,2024-10-03,Tablet,macOS,Firefox,Instagram,47,8,False,False
S0007097,U001322,2024-04-30,Mobile,iOS,Edge,Direct,3,8,False,True
S0007098,U000582,2024-02-22,Tablet,Windows,Firefox,Facebook,15,6,False,False
S0007099,U000005,2025-04-30,Desktop,Windows,Chrome,YouTube,45,12,False,True
S0007100,U000757,2025-09-13,Tablet,Windows,Edge,Organic Search,9,1,True,False
S0007101,U000484,2024-05-07,Mobile,iOS,Chrome,Direct,8,11,False,False
S0007102,U000689,2024-10-26,Tablet,macOS,Chrome,Facebook,24,9,False,False
S0007103,U001961,2025-11-08,Mobile,Android,Firefox,Organic Search,39,11,False,False
S0007104,U001912,2024-03-22,Mobile,Windows,Chrome,Instagram,40,3,False,False
S0007105,U001470,2024-12-22,Desktop,Android,Edge,Referral,22,3,False,False
S0007106,U000119,2024-04-19,Mobile,Android,Firefox,Direct,3,3,False,False
S0007107,U000517,2025-12-10,Desktop,Windows,Firefox,Organic Search,50,8,False,False
S0007108,U001764,2025-08-18,Tablet,Android,Chrome,Paid Search,12,8,False,False
S0007109,U001532,2025-11-28,Desktop,iOS,Edge,Instagram,1,1,True,False
S0007110,U000653,2025-10-22,Mobile,Android,Firefox,Paid Search,59,5,False,True
S0007111,U001772,2024-05-06,Tablet,Android,Firefox,Instagram,50,11,False,False
S0007112,U000312,2024-04-30,Desktop,iOS,Safari,Referral,32,7,False,False
S0007113,U000870,2024-04-03,Tablet,Windows,Chrome,YouTube,40,3,False,False
S0007114,U001873,2025-06-21,Desktop,iOS,Safari,YouTube,42,12,False,False
S0007115,U000941,2024-05-14,Mobile,macOS,Safari,Email,26,11,False,False
S0007116,U001073,2024-03-17,Tablet,Android,Safari,Referral,43,12,False,False
S0007117,U001878,2025-01-27,Mobile,iOS,Firefox,Facebook,25,9,False,False
S0007118,U001685,2025-03-16,Desktop,Android,Safari,Email,33,6,False,True
S0007119,U000738,2025-05-07,Desktop,iOS,Firefox,Direct,22,8,False,False
S0007120,U000824,2024-10-13,Desktop,Windows,Safari,Email,20,1,True,False
S0007121,U001549,2025-02-12,Desktop,Android,Chrome,Facebook,50,4,False,False
S0007122,U001712,2024-10-15,Tablet,Windows,Edge,Direct,30,3,False,False
S0007123,U001022,2025-01-28,Desktop,iOS,Firefox,Organic Search,29,1,True,False
S0007124,U001504,2025-11-23,Mobile,Android,Firefox,Email,11,8,False,False
S0007125,U000386,2024-11-13,Tablet,iOS,Edge,Organic Search,10,1,True,False
S0007126,U000761,2025-11-09,Mobile,iOS,Edge,YouTube,47,12,False,False
S0007127,U001718,2024-06-17,Tablet,Android,Safari,Referral,60,11,False,False
S0007128,U001502,2025-01-07,Tablet,iOS,Edge,Instagram,27,4,False,False
S0007129,U001904,2024-08-27,Desktop,Windows,Edge,Paid Search,44,3,False,False
S0007130,U000227,2024-05-30,Mobile,Android,Safari,YouTube,60,3,False,True
S0007131,U001081,2024-07-17,Tablet,macOS,Firefox,Direct,33,6,False,False
S0007132,U000010,2025-11-14,Desktop,Windows,Chrome,Direct,5,12,False,True
S0007133,U000812,2024-02-01,Desktop,Android,Chrome,Email,33,2,False,False
S0007134,U001132,2024-01-15,Tablet,Windows,Safari,Referral,4,7,False,False
S0007135,U000260,2025-03-22,Mobile,iOS,Edge,Organic Search,43,1,True,False
S0007136,U001571,2024-05-29,Mobile,iOS,Chrome,Paid Search,51,8,False,False
S0007137,U001419,2024-05-18,Mobile,iOS,Chrome,Direct,2,8,False,False
S0007138,U000925,2024-02-16,Desktop,Android,Chrome,YouTube,8,1,True,False
S0007139,U000927,2025-03-22,Desktop,Android,Edge,Paid Search,45,1,True,False
S0007140,U000679,2025-11-21,Tablet,iOS,Chrome,Paid Search,16,6,False,False
S0007141,U001503,2025-03-28,Desktop,Android,Edge,Email,33,8,False,False
S0007142,U000084,2025-03-04,Desktop,Windows,Edge,YouTube,52,2,False,False
S0007143,U000838,2024-04-14,Tablet,macOS,Firefox,Instagram,13,2,False,False
S0007144,U001218,2024-01-13,Tablet,Windows,Safari,Organic Search,58,5,False,False
S0007145,U000968,2025-11-03,Desktop,macOS,Safari,Email,35,9,False,False
S0007146,U001848,2025-11-08,Desktop,Android,Firefox,Email,17,2,False,False
S0007147,U001354,2025-06-21,Tablet,Android,Edge,Referral,8,7,False,False
S0007148,U001163,2025-10-24,Mobile,iOS,Firefox,Referral,15,10,False,False
S0007149,U001364,2025-04-29,Mobile,macOS,Chrome,Email,58,5,False,True
S0007150,U001986,2025-10-04,Mobile,iOS,Firefox,Direct,31,8,False,False
S0007151,U000188,2025-03-27,Desktop,Windows,Edge,Referral,21,4,False,False
S0007152,U000743,2024-03-18,Mobile,macOS,Safari,Direct,30,8,False,False
S0007153,U001817,2025-12-14,Mobile,macOS,Firefox,Organic Search,35,8,False,False
S0007154,U000404,2024-08-30,Tablet,Android,Edge,Instagram,4,11,False,False
S0007155,U001064,2025-02-26,Tablet,Android,Safari,YouTube,56,5,False,False
S0007156,U000007,2025-06-28,Desktop,macOS,Chrome,Email,11,6,False,False
S0007157,U000059,2025-09-06,Mobile,Windows,Edge,Paid Search,10,4,False,False
S0007158,U001345,2025-06-08,Mobile,Android,Edge,Email,22,6,False,False
S0007159,U001638,2024-12-02,Tablet,Windows,Chrome,Instagram,7,6,False,False
S0007160,U000285,2024-09-15,Desktop,Windows,Safari,Referral,45,2,False,False
S0007161,U001564,2024-04-10,Mobile,Windows,Chrome,Referral,51,3,False,False
S0007162,U000814,2024-09-15,Desktop,Windows,Chrome,Organic Search,1,9,False,False
S0007163,U000553,2024-04-07,Tablet,Windows,Chrome,Email,15,9,False,False
S0007164,U001822,2025-01-11,Mobile,macOS,Chrome,Email,9,1,True,False
S0007165,U000708,2024-08-23,Desktop,Windows,Edge,YouTube,15,8,False,False
S0007166,U001498,2025-06-11,Tablet,Windows,Safari,Email,38,1,True,False
S0007167,U000188,2024-02-11,Desktop,macOS,Chrome,Paid Search,45,5,False,False
S0007168,U000972,2024-08-28,Tablet,Android,Safari,Organic Search,4,3,False,False
S0007169,U001747,2024-09-19,Mobile,Windows,Safari,Paid Search,18,5,False,False
S0007170,U000798,2024-09-11,Tablet,Android,Edge,Instagram,57,10,False,False
S0007171,U000436,2024-06-09,Mobile,Windows,Edge,Referral,40,12,False,False
S0007172,U000099,2024-08-07,Mobile,iOS,Safari,Organic Search,56,4,False,False
S0007173,U001548,2025-08-22,Mobile,iOS,Firefox,Email,22,6,False,False
S0007174,U001895,2025-10-27,Mobile,macOS,Safari,Organic Search,1,2,False,False
S0007175,U001772,2025-03-16,Mobile,Windows,Chrome,Referral,51,6,False,False
S0007176,U000901,2024-09-07,Mobile,iOS,Firefox,Direct,21,4,False,False
S0007177,U000891,2025-12-20,Tablet,Android,Safari,Instagram,48,4,False,False
S0007178,U001243,2024-12-14,Mobile,Android,Edge,YouTube,24,9,False,False
S0007179,U000935,2025-05-07,Tablet,Windows,Firefox,Instagram,51,5,False,False
S0007180,U000250,2024-08-12,Tablet,iOS,Safari,Instagram,55,10,False,False
S0007181,U001472,2024-04-29,Tablet,macOS,Edge,Email,42,9,False,False
S0007182,U000575,2025-05-28,Desktop,Windows,Edge,Referral,42,1,True,True
S0007183,U001846,2025-04-23,Mobile,macOS,Edge,Paid Search,60,10,False,False
S0007184,U001130,2024-04-04,Mobile,macOS,Chrome,YouTube,5,6,False,False
S0007185,U000172,2024-09-17,Mobile,Android,Chrome,Referral,35,10,False,False
S0007186,U000127,2025-06-09,Desktop,iOS,Edge,Organic Search,8,2,False,False
S0007187,U000066,2024-02-21,Mobile,iOS,Firefox,Referral,6,6,False,False
S0007188,U001582,2024-05-18,Desktop,Android,Chrome,Direct,48,1,True,False
S0007189,U001227,2024-08-29,Desktop,macOS,Chrome,Direct,50,8,False,False
S0007190,U001175,2024-08-14,Mobile,Android,Edge,Facebook,18,5,False,True
S0007191,U001294,2024-04-01,Desktop,iOS,Chrome,Organic Search,11,1,True,True
S0007192,U000885,2024-11-14,Desktop,Android,Safari,YouTube,60,9,False,False
S0007193,U001236,2024-01-23,Desktop,Android,Edge,Email,31,7,False,False
S0007194,U000524,2024-01-26,Desktop,Android,Chrome,Direct,8,4,False,False
S0007195,U001791,2025-09-13,Tablet,iOS,Chrome,Instagram,41,8,False,False
S0007196,U000143,2025-12-08,Tablet,Android,Safari,Referral,24,2,False,False
S0007197,U001007,2024-11-10,Desktop,Windows,Safari,Email,59,3,False,False
S0007198,U000611,2024-02-10,Desktop,Windows,Safari,Facebook,60,5,False,False
S0007199,U000008,2024-06-01,Tablet,Android,Chrome,Referral,26,5,False,False
S0007200,U001738,2024-04-19,Desktop,Android,Chrome,Referral,55,11,False,False
S0007201,U000219,2025-11-22,Tablet,macOS,Firefox,Email,22,8,False,True
S0007202,U000312,2025-11-13,Mobile,iOS,Edge,Organic Search,57,11,False,False
S0007203,U001451,2025-06-16,Tablet,Windows,Safari,Facebook,13,8,False,False
S0007204,U001197,2025-04-23,Tablet,macOS,Safari,Facebook,52,9,False,False
S0007205,U000770,2025-11-10,Mobile,Windows,Edge,Referral,15,2,False,False
S0007206,U001945,2025-01-25,Desktop,macOS,Edge,Facebook,10,6,False,False
S0007207,U000105,2024-12-09,Mobile,Windows,Safari,Facebook,43,8,False,False
S0007208,U000193,2024-05-13,Desktop,iOS,Safari,Instagram,45,2,False,False
S0007209,U001925,2024-08-16,Tablet,Windows,Firefox,Referral,48,7,False,True
S0007210,U001177,2025-12-25,Mobile,iOS,Safari,YouTube,47,12,False,False
S0007211,U000694,2024-01-23,Mobile,Android,Edge,Facebook,8,11,False,False
S0007212,U000325,2025-03-13,Mobile,macOS,Safari,Direct,9,12,False,False
S0007213,U001078,2024-09-01,Mobile,iOS,Edge,Direct,10,4,False,False
S0007214,U001616,2024-04-10,Mobile,macOS,Safari,Referral,8,4,False,False
S0007215,U001974,2024-06-19,Tablet,macOS,Chrome,Email,14,3,False,False
S0007216,U001755,2025-01-27,Desktop,iOS,Edge,Facebook,56,10,False,False
S0007217,U000978,2025-08-16,Tablet,Windows,Chrome,Facebook,17,4,False,False
S0007218,U001269,2025-02-18,Desktop,Windows,Safari,Referral,44,1,True,False
S0007219,U001701,2024-10-27,Desktop,Windows,Firefox,Facebook,38,1,True,False
S0007220,U000086,2025-07-27,Tablet,iOS,Chrome,Instagram,53,9,False,False
S0007221,U000918,2025-06-12,Desktop,Android,Edge,YouTube,16,11,False,False
S0007222,U000772,2025-03-23,Desktop,Android,Safari,Email,43,1,True,False
S0007223,U001733,2024-02-20,Mobile,macOS,Firefox,YouTube,29,5,False,False
S0007224,U000482,2024-06-24,Mobile,Windows,Firefox,Referral,17,7,False,False
S0007225,U000714,2024-12-10,Tablet,iOS,Safari,YouTube,57,3,False,False
S0007226,U000591,2024-02-18,Mobile,macOS,Edge,Organic Search,21,5,False,False
S0007227,U001059,2025-04-05,Mobile,iOS,Safari,YouTube,48,8,False,False
S0007228,U000669,2024-10-28,Tablet,iOS,Edge,Direct,27,1,True,False
S0007229,U001656,2025-10-21,Mobile,iOS,Safari,Paid Search,45,7,False,False
S0007230,U000315,2025-12-23,Mobile,macOS,Firefox,Organic Search,13,1,True,False
S0007231,U001632,2024-04-04,Tablet,Windows,Safari,Organic Search,47,10,False,False
S0007232,U001606,2024-08-13,Desktop,iOS,Chrome,Organic Search,26,7,False,False
S0007233,U001261,2024-02-16,Mobile,Windows,Firefox,Organic Search,56,3,False,False
S0007234,U001857,2025-01-08,Desktop,Windows,Safari,Referral,57,10,False,True
S0007235,U001015,2025-11-02,Mobile,macOS,Chrome,Facebook,58,4,False,False
S0007236,U000786,2024-12-04,Desktop,Android,Edge,Referral,40,9,False,False
S0007237,U000051,2025-12-28,Mobile,Android,Edge,Referral,31,1,True,False
S0007238,U001689,2025-01-05,Desktop,macOS,Firefox,Direct,22,3,False,False
S0007239,U000249,2024-11-28,Tablet,macOS,Safari,Instagram,26,5,False,False
S0007240,U001098,2025-11-06,Mobile,macOS,Chrome,Paid Search,9,6,False,False
S0007241,U000452,2025-05-10,Tablet,iOS,Edge,YouTube,27,9,False,False
S0007242,U000288,2024-04-29,Desktop,iOS,Chrome,Instagram,14,5,False,False
S0007243,U000781,2025-05-19,Desktop,iOS,Chrome,Facebook,45,4,False,False
S0007244,U000983,2024-10-14,Mobile,Windows,Firefox,Paid Search,39,11,False,False
S0007245,U001690,2024-10-10,Tablet,macOS,Edge,YouTube,58,1,True,True
S0007246,U000404,2024-10-06,Tablet,iOS,Safari,Paid Search,37,11,False,True
S0007247,U001699,2025-12-08,Mobile,macOS,Safari,YouTube,13,8,False,False
S0007248,U001656,2024-08-20,Tablet,Windows,Edge,Referral,38,6,False,False
S0007249,U001077,2025-01-27,Desktop,macOS,Edge,Paid Search,46,1,True,False
S0007250,U001940,2024-12-26,Tablet,iOS,Firefox,Referral,50,3,False,False
S0007251,U000793,2025-11-06,Desktop,macOS,Safari,Referral,3,8,False,False
S0007252,U000925,2025-10-27,Mobile,macOS,Safari,Facebook,20,1,True,True
S0007253,U000476,2025-12-15,Mobile,macOS,Edge,Paid Search,47,2,False,False
S0007254,U001384,2024-07-01,Desktop,macOS,Edge,Instagram,38,9,False,False
S0007255,U000308,2025-05-12,Mobile,Android,Edge,Facebook,24,7,False,False
S0007256,U000885,2024-01-28,Tablet,macOS,Edge,Referral,4,9,False,False
S0007257,U000037,2025-03-23,Mobile,macOS,Firefox,Referral,41,5,False,False
S0007258,U000409,2024-10-11,Desktop,Windows,Firefox,Facebook,52,1,True,False
S0007259,U001770,2025-07-04,Tablet,Windows,Safari,Email,37,2,False,False
S0007260,U000968,2024-11-24,Desktop,macOS,Firefox,Email,2,3,False,False
S0007261,U001948,2024-08-29,Desktop,Windows,Chrome,Organic Search,57,3,False,False
S0007262,U001385,2024-07-24,Desktop,Android,Safari,Instagram,50,10,False,False
S0007263,U000385,2024-01-31,Desktop,iOS,Firefox,Instagram,39,7,False,False
S0007264,U001321,2024-10-06,Mobile,Android,Edge,YouTube,17,12,False,False
S0007265,U000925,2024-02-29,Tablet,iOS,Edge,Facebook,1,7,False,False
S0007266,U000733,2024-09-02,Desktop,Android,Edge,Paid Search,29,3,False,False
S0007267,U001443,2024-09-29,Tablet,iOS,Safari,Paid Search,56,6,False,False
S0007268,U000238,2025-08-08,Tablet,iOS,Firefox,Paid Search,48,8,False,False
S0007269,U000062,2025-10-24,Desktop,Windows,Firefox,Paid Search,36,9,False,False
S0007270,U000693,2025-02-27,Desktop,macOS,Edge,Facebook,45,3,False,False
S0007271,U000774,2024-06-23,Mobile,iOS,Firefox,Facebook,28,4,False,False
S0007272,U001516,2025-09-28,Tablet,iOS,Edge,Organic Search,54,1,True,False
S0007273,U000076,2024-02-26,Mobile,macOS,Safari,YouTube,33,10,False,False
S0007274,U000251,2025-12-19,Tablet,Windows,Firefox,Facebook,46,5,False,False
S0007275,U001854,2025-06-05,Tablet,macOS,Chrome,Email,44,8,False,True
S0007276,U000854,2024-11-11,Tablet,Windows,Safari,Instagram,49,12,False,False
S0007277,U001457,2025-02-25,Mobile,Android,Chrome,Organic Search,31,12,False,True
S0007278,U000339,2025-12-15,Tablet,macOS,Firefox,Direct,57,3,False,False
S0007279,U000838,2025-08-03,Desktop,iOS,Chrome,YouTube,32,12,False,False
S0007280,U001834,2025-02-11,Desktop,Windows,Safari,Paid Search,37,6,False,False
S0007281,U001405,2024-05-14,Tablet,Android,Edge,Paid Search,30,2,False,False
S0007282,U000170,2024-09-26,Mobile,macOS,Edge,Email,60,4,False,False
S0007283,U001185,2024-08-10,Mobile,Windows,Chrome,Organic Search,25,12,False,True
S0007284,U000874,2025-02-07,Tablet,iOS,Chrome,Referral,49,2,False,False
S0007285,U000113,2024-04-25,Mobile,Android,Firefox,YouTube,17,10,False,False
S0007286,U001985,2025-03-11,Desktop,Android,Safari,Facebook,29,1,True,False
S0007287,U001504,2025-12-22,Mobile,Android,Safari,Instagram,8,5,False,True
S0007288,U000237,2024-12-05,Tablet,iOS,Firefox,YouTube,28,3,False,False
S0007289,U001758,2025-10-26,Mobile,Android,Edge,Facebook,6,12,False,False
S0007290,U001673,2025-04-24,Mobile,Windows,Chrome,Email,13,8,False,False
S0007291,U001384,2025-09-27,Tablet,iOS,Chrome,Referral,41,11,False,True
S0007292,U001067,2024-05-01,Tablet,macOS,Edge,Organic Search,21,11,False,False
S0007293,U001254,2024-12-25,Desktop,Windows,Edge,Organic Search,17,9,False,False
S0007294,U000876,2025-08-27,Mobile,Android,Firefox,Organic Search,50,5,False,False
S0007295,U001827,2024-02-26,Mobile,Android,Chrome,Facebook,27,10,False,False
S0007296,U001117,2024-01-19,Desktop,macOS,Safari,Email,45,11,False,False
S0007297,U000664,2024-10-03,Tablet,macOS,Chrome,Facebook,6,5,False,False
S0007298,U000915,2025-12-17,Desktop,Windows,Safari,YouTube,48,2,False,False
S0007299,U001502,2025-01-16,Tablet,Android,Chrome,Paid Search,38,6,False,False
S0007300,U000862,2025-12-13,Mobile,iOS,Safari,Facebook,55,12,False,False
S0007301,U001548,2025-05-18,Tablet,Windows,Safari,Organic Search,43,9,False,False
S0007302,U000193,2025-11-23,Desktop,Android,Chrome,Email,32,1,True,False
S0007303,U000830,2025-11-02,Mobile,Android,Edge,Paid Search,40,3,False,False
S0007304,U001400,2024-10-12,Desktop,Android,Edge,Facebook,41,1,True,False
S0007305,U000171,2024-01-25,Mobile,macOS,Chrome,Email,44,9,False,False
S0007306,U001672,2024-10-14,Mobile,macOS,Safari,Paid Search,9,3,False,False
S0007307,U001086,2024-07-12,Desktop,Windows,Safari,Referral,33,6,False,True
S0007308,U001560,2024-11-17,Desktop,Windows,Safari,Paid Search,15,3,False,True
S0007309,U001899,2024-01-21,Tablet,macOS,Chrome,Email,54,5,False,False
S0007310,U000502,2025-03-26,Desktop,iOS,Safari,YouTube,29,9,False,False
S0007311,U000053,2025-10-12,Desktop,Android,Chrome,Facebook,43,8,False,False
S0007312,U001527,2025-10-31,Mobile,Android,Edge,Direct,8,12,False,False
S0007313,U000390,2025-11-11,Desktop,macOS,Chrome,Organic Search,12,12,False,False
S0007314,U001362,2025-04-12,Desktop,macOS,Chrome,Instagram,4,6,False,True
S0007315,U001264,2025-07-13,Mobile,macOS,Firefox,YouTube,54,7,False,False
S0007316,U001203,2024-07-10,Mobile,Windows,Safari,Email,34,9,False,False
S0007317,U001549,2024-12-13,Tablet,Windows,Firefox,Instagram,17,9,False,False
S0007318,U000772,2025-05-03,Mobile,macOS,Safari,Email,1,6,False,False
S0007319,U001400,2025-07-13,Tablet,iOS,Safari,Direct,4,6,False,False
S0007320,U000241,2024-06-02,Tablet,Windows,Firefox,Facebook,9,4,False,False
S0007321,U001145,2025-08-01,Tablet,iOS,Firefox,Email,11,11,False,False
S0007322,U000979,2025-12-08,Mobile,iOS,Safari,Organic Search,6,11,False,False
S0007323,U000267,2024-12-13,Mobile,macOS,Safari,Direct,40,2,False,False
S0007324,U001509,2025-03-20,Tablet,Android,Safari,Instagram,57,7,False,False
S0007325,U000815,2025-07-22,Tablet,Android,Edge,Facebook,4,5,False,False
S0007326,U000509,2024-01-02,Tablet,Windows,Edge,Instagram,58,9,False,False
S0007327,U001628,2024-02-17,Tablet,iOS,Edge,Referral,30,7,False,False
S0007328,U000190,2024-09-06,Mobile,macOS,Safari,Facebook,10,6,False,False
S0007329,U001375,2025-06-10,Tablet,iOS,Firefox,Paid Search,6,8,False,False
S0007330,U001890,2025-12-11,Desktop,iOS,Edge,Facebook,60,9,False,False
S0007331,U001471,2025-01-04,Mobile,Android,Firefox,Direct,23,4,False,False
S0007332,U000163,2025-06-11,Mobile,Windows,Chrome,Organic Search,8,5,False,False
S0007333,U001918,2025-11-16,Tablet,macOS,Firefox,Direct,47,6,False,False
S0007334,U001624,2025-07-09,Desktop,Windows,Edge,Direct,11,12,False,False
S0007335,U000116,2025-02-19,Mobile,Android,Safari,Instagram,20,3,False,False
S0007336,U000342,2024-09-17,Desktop,iOS,Firefox,YouTube,8,10,False,False
S0007337,U000372,2025-11-22,Desktop,Windows,Safari,Email,1,4,False,False
S0007338,U001763,2025-02-22,Desktop,Windows,Safari,YouTube,37,12,False,False
S0007339,U000964,2024-09-25,Desktop,macOS,Chrome,Referral,43,11,False,False
S0007340,U001750,2025-09-15,Mobile,Android,Chrome,Organic Search,29,10,False,False
S0007341,U001933,2024-05-13,Tablet,macOS,Safari,Email,13,3,False,False
S0007342,U001968,2024-10-01,Desktop,macOS,Chrome,Paid Search,31,1,True,False
S0007343,U000632,2024-05-15,Tablet,macOS,Safari,Referral,58,3,False,False
S0007344,U000071,2024-01-26,Mobile,Android,Edge,Referral,8,8,False,False
S0007345,U000981,2025-08-29,Mobile,Android,Safari,Paid Search,39,8,False,True
S0007346,U001583,2024-12-01,Mobile,Android,Safari,Organic Search,43,6,False,True
S0007347,U001117,2025-11-26,Tablet,Android,Safari,Email,6,9,False,False
S0007348,U000812,2024-07-30,Desktop,iOS,Edge,Organic Search,32,7,False,False
S0007349,U001174,2024-02-13,Mobile,Android,Chrome,Paid Search,35,12,False,False
S0007350,U000285,2024-02-05,Mobile,macOS,Firefox,Facebook,59,3,False,False
S0007351,U001436,2025-08-02,Desktop,Android,Firefox,Email,42,8,False,False
S0007352,U000977,2024-03-12,Desktop,iOS,Firefox,Referral,9,4,False,False
S0007353,U001349,2025-07-02,Mobile,Windows,Edge,Paid Search,47,5,False,False
S0007354,U000732,2025-11-11,Desktop,Windows,Safari,Paid Search,20,8,False,False
S0007355,U000815,2024-06-05,Tablet,Android,Safari,YouTube,31,5,False,False
S0007356,U001033,2024-07-23,Tablet,Android,Firefox,Facebook,40,5,False,False
S0007357,U001946,2024-06-30,Desktop,iOS,Safari,Direct,40,10,False,False
S0007358,U001715,2025-11-18,Tablet,macOS,Firefox,Instagram,23,6,False,False
S0007359,U001902,2025-06-11,Desktop,Android,Edge,Email,21,7,False,True
S0007360,U000707,2025-01-14,Desktop,Windows,Safari,Paid Search,34,10,False,False
S0007361,U000281,2025-07-28,Mobile,macOS,Edge,Paid Search,56,4,False,False
S0007362,U001462,2025-07-04,Mobile,iOS,Chrome,Email,46,11,False,False
S0007363,U000735,2024-05-12,Desktop,Windows,Safari,Organic Search,17,2,False,False
S0007364,U001373,2024-11-03,Desktop,Windows,Firefox,Direct,56,7,False,False
S0007365,U000639,2024-02-27,Tablet,macOS,Edge,Paid Search,56,6,False,False
S0007366,U001626,2025-12-26,Mobile,Windows,Safari,Paid Search,56,8,False,False
S0007367,U001485,2024-05-11,Tablet,Windows,Chrome,Paid Search,13,12,False,False
S0007368,U001924,2025-12-20,Tablet,Android,Safari,Facebook,54,2,False,False
S0007369,U001436,2025-01-16,Tablet,Android,Safari,Email,4,6,False,False
S0007370,U001572,2025-03-17,Tablet,macOS,Firefox,Direct,18,6,False,False
S0007371,U001272,2024-12-08,Tablet,Android,Firefox,Instagram,44,1,True,False
S0007372,U001807,2025-10-13,Mobile,Android,Chrome,YouTube,52,6,False,False
S0007373,U000198,2024-06-30,Desktop,Android,Edge,Instagram,51,4,False,False
S0007374,U000639,2024-10-15,Desktop,macOS,Firefox,Paid Search,39,12,False,False
S0007375,U000607,2024-09-12,Tablet,iOS,Edge,Referral,9,12,False,False
S0007376,U001961,2025-05-16,Tablet,iOS,Edge,Direct,27,11,False,False
S0007377,U000334,2025-06-29,Mobile,iOS,Edge,Organic Search,44,5,False,False
S0007378,U000244,2024-04-02,Tablet,Windows,Chrome,Instagram,43,8,False,True
S0007379,U001578,2025-06-11,Mobile,Windows,Safari,Instagram,27,4,False,False
S0007380,U000938,2024-10-12,Desktop,iOS,Firefox,Email,45,11,False,False
S0007381,U000813,2024-06-26,Tablet,Android,Edge,Organic Search,43,3,False,False
S0007382,U001689,2025-02-06,Mobile,Android,Edge,Email,43,8,False,False
S0007383,U001677,2024-02-08,Tablet,Windows,Safari,Facebook,6,12,False,True
S0007384,U000908,2024-05-13,Mobile,macOS,Edge,Paid Search,18,1,True,False
S0007385,U000901,2025-10-16,Desktop,Windows,Firefox,Direct,58,11,False,False
S0007386,U001338,2024-10-16,Desktop,macOS,Edge,Direct,48,9,False,False
S0007387,U001309,2025-02-17,Mobile,macOS,Chrome,Referral,24,7,False,False
S0007388,U000665,2024-03-23,Desktop,Windows,Edge,Email,57,6,False,False
S0007389,U001923,2025-05-02,Tablet,Windows,Chrome,Email,3,9,False,False
S0007390,U000645,2025-02-06,Tablet,iOS,Chrome,Paid Search,2,1,True,True
S0007391,U000696,2024-05-11,Mobile,iOS,Edge,Facebook,55,5,False,False
S0007392,U001540,2025-03-22,Desktop,macOS,Chrome,Email,37,11,False,False
S0007393,U001681,2025-08-12,Desktop,macOS,Edge,Organic Search,58,6,False,False
S0007394,U000883,2024-01-18,Desktop,iOS,Safari,Instagram,29,4,False,False
S0007395,U001611,2025-03-21,Tablet,Windows,Chrome,Direct,44,7,False,False
S0007396,U001609,2024-06-05,Tablet,Windows,Firefox,Organic Search,39,5,False,False
S0007397,U001694,2025-12-07,Desktop,Windows,Safari,Instagram,5,3,False,False
S0007398,U000079,2025-06-17,Tablet,macOS,Edge,Email,2,3,False,False
S0007399,U000997,2024-07-07,Desktop,iOS,Firefox,YouTube,36,2,False,False
S0007400,U001258,2025-04-16,Desktop,macOS,Safari,Email,12,8,False,False
S0007401,U000477,2025-12-11,Tablet,macOS,Safari,Email,11,2,False,False
S0007402,U000358,2025-02-08,Desktop,iOS,Safari,Email,14,12,False,False
S0007403,U001626,2025-02-06,Mobile,iOS,Firefox,Paid Search,29,3,False,False
S0007404,U000646,2024-08-27,Desktop,Windows,Firefox,Paid Search,52,7,False,False
S0007405,U000945,2024-06-21,Tablet,Android,Safari,Email,31,11,False,False
S0007406,U001752,2024-10-22,Desktop,Windows,Edge,Paid Search,15,12,False,False
S0007407,U000461,2025-04-22,Mobile,Windows,Edge,Email,20,3,False,True
S0007408,U001331,2025-01-15,Desktop,Android,Edge,Email,45,8,False,False
S0007409,U001160,2025-05-11,Mobile,Windows,Safari,Paid Search,19,5,False,False
S0007410,U000013,2025-01-30,Mobile,Windows,Edge,Instagram,12,3,False,False
S0007411,U000412,2025-07-18,Mobile,macOS,Edge,Email,14,11,False,True
S0007412,U000442,2025-03-01,Tablet,iOS,Firefox,Facebook,52,3,False,False
S0007413,U001820,2024-10-27,Mobile,Android,Safari,Facebook,18,1,True,False
S0007414,U000038,2025-10-07,Mobile,iOS,Firefox,Facebook,41,9,False,False
S0007415,U000769,2025-06-24,Desktop,macOS,Edge,Instagram,51,9,False,True
S0007416,U000386,2025-10-19,Tablet,iOS,Firefox,Email,49,3,False,False
S0007417,U001185,2024-10-31,Tablet,Android,Edge,Email,4,10,False,False
S0007418,U001668,2025-08-27,Mobile,iOS,Edge,Direct,54,12,False,False
S0007419,U001277,2025-10-21,Mobile,Android,Edge,Organic Search,34,3,False,False
S0007420,U000771,2025-08-22,Mobile,macOS,Edge,YouTube,6,9,False,False
S0007421,U001350,2025-02-03,Desktop,Windows,Chrome,Referral,41,5,False,False
S0007422,U000846,2024-09-26,Mobile,Windows,Edge,Facebook,34,8,False,False
S0007423,U001135,2025-11-20,Desktop,Windows,Edge,Direct,32,11,False,False
S0007424,U001914,2025-12-28,Mobile,Windows,Chrome,Email,32,5,False,False
S0007425,U000130,2024-11-19,Tablet,iOS,Firefox,Email,33,11,False,False
S0007426,U001021,2025-08-29,Desktop,macOS,Edge,Referral,25,11,False,False
S0007427,U001007,2025-12-11,Tablet,iOS,Safari,Referral,3,4,False,False
S0007428,U001458,2024-11-21,Mobile,Android,Edge,Email,9,11,False,False
S0007429,U000709,2025-12-07,Mobile,macOS,Edge,Instagram,53,7,False,False
S0007430,U001090,2025-04-29,Tablet,Windows,Safari,Referral,37,10,False,False
S0007431,U000204,2024-08-10,Tablet,Windows,Safari,Instagram,41,1,True,False
S0007432,U001909,2024-03-01,Desktop,Android,Firefox,Direct,3,9,False,True
S0007433,U000057,2024-11-29,Mobile,Android,Safari,Instagram,56,2,False,False
S0007434,U001532,2025-03-16,Mobile,macOS,Firefox,Facebook,9,3,False,False
S0007435,U000619,2025-08-31,Mobile,iOS,Chrome,Paid Search,31,2,False,False
S0007436,U000102,2025-03-24,Tablet,macOS,Safari,Organic Search,11,10,False,True
S0007437,U001564,2025-09-26,Mobile,macOS,Chrome,Email,25,3,False,False
S0007438,U000132,2025-01-11,Tablet,iOS,Safari,YouTube,43,9,False,True
S0007439,U001069,2025-08-16,Mobile,Windows,Chrome,Email,32,8,False,False
S0007440,U001262,2025-03-27,Mobile,Windows,Safari,YouTube,13,11,False,False
S0007441,U001389,2025-09-22,Mobile,Windows,Safari,Instagram,12,6,False,False
S0007442,U000582,2025-02-27,Tablet,Windows,Safari,Paid Search,28,3,False,False
S0007443,U001606,2024-08-05,Mobile,Windows,Chrome,Organic Search,23,9,False,False
S0007444,U001834,2024-10-21,Desktop,Windows,Edge,Referral,16,7,False,False
S0007445,U001218,2025-11-13,Tablet,macOS,Edge,Paid Search,15,4,False,False
S0007446,U000034,2024-09-23,Tablet,Android,Safari,Instagram,46,6,False,False
S0007447,U000455,2024-08-20,Desktop,macOS,Firefox,Referral,31,5,False,False
S0007448,U000964,2025-03-01,Desktop,macOS,Firefox,Facebook,45,4,False,False
S0007449,U001607,2025-11-30,Desktop,Android,Edge,Facebook,15,4,False,False
S0007450,U001107,2025-06-01,Mobile,Android,Chrome,Paid Search,49,2,False,False
S0007451,U001951,2024-09-11,Tablet,macOS,Edge,Paid Search,37,12,False,False
S0007452,U001648,2024-11-20,Tablet,macOS,Firefox,Referral,7,4,False,False
S0007453,U000938,2025-12-27,Desktop,macOS,Edge,Email,48,3,False,True
S0007454,U001787,2024-08-28,Mobile,Android,Safari,Instagram,36,5,False,False
S0007455,U001560,2025-03-01,Mobile,Windows,Chrome,Organic Search,44,5,False,False
S0007456,U001790,2025-01-22,Mobile,Windows,Edge,Paid Search,58,4,False,False
S0007457,U000371,2025-09-01,Desktop,iOS,Safari,Email,52,10,False,False
S0007458,U000322,2025-02-09,Desktop,Android,Firefox,Direct,13,1,True,False
S0007459,U000499,2025-03-17,Mobile,Android,Edge,Direct,51,8,False,False
S0007460,U001917,2025-03-22,Tablet,Android,Chrome,YouTube,50,2,False,False
S0007461,U000488,2024-04-02,Tablet,iOS,Chrome,Organic Search,45,12,False,False
S0007462,U000895,2024-02-07,Desktop,Android,Edge,Instagram,49,6,False,True
S0007463,U001315,2024-01-16,Mobile,iOS,Edge,Organic Search,8,4,False,False
S0007464,U001540,2025-07-24,Mobile,Windows,Edge,Facebook,45,2,False,False
S0007465,U001471,2025-11-26,Tablet,iOS,Chrome,Direct,10,3,False,False
S0007466,U000648,2025-09-19,Desktop,macOS,Firefox,Organic Search,53,5,False,False
S0007467,U001735,2025-02-16,Tablet,iOS,Safari,Facebook,46,10,False,False
S0007468,U001717,2025-02-22,Tablet,Windows,Edge,Email,51,6,False,False
S0007469,U001282,2024-10-14,Mobile,Windows,Firefox,Referral,26,6,False,False
S0007470,U000436,2025-03-17,Tablet,macOS,Firefox,YouTube,20,4,False,False
S0007471,U001143,2024-06-05,Desktop,Android,Edge,Direct,19,11,False,False
S0007472,U000448,2024-11-05,Desktop,Windows,Firefox,Email,53,10,False,False
S0007473,U000394,2025-02-28,Mobile,Windows,Edge,Paid Search,12,1,True,False
S0007474,U001945,2024-05-22,Desktop,Android,Safari,YouTube,51,8,False,False
S0007475,U000136,2024-06-26,Tablet,iOS,Edge,Email,49,6,False,True
S0007476,U000770,2025-06-02,Desktop,Windows,Safari,Facebook,50,8,False,False
S0007477,U000263,2024-11-17,Desktop,Android,Safari,YouTube,38,1,True,False
S0007478,U001489,2025-04-30,Desktop,Windows,Safari,Facebook,39,9,False,True
S0007479,U001819,2024-03-09,Tablet,macOS,Firefox,Email,10,1,True,False
S0007480,U001527,2025-04-14,Tablet,macOS,Safari,Referral,30,6,False,False
S0007481,U001684,2025-06-23,Mobile,iOS,Chrome,Organic Search,33,5,False,False
S0007482,U000590,2025-12-02,Desktop,macOS,Safari,Paid Search,45,9,False,True
S0007483,U001156,2024-10-09,Desktop,iOS,Safari,Referral,5,10,False,False
S0007484,U000655,2024-03-28,Desktop,Android,Safari,Referral,22,4,False,False
S0007485,U000084,2024-08-26,Tablet,iOS,Firefox,Paid Search,3,7,False,False
S0007486,U000733,2025-09-18,Mobile,Android,Safari,Direct,22,5,False,True
S0007487,U000177,2025-08-12,Desktop,macOS,Safari,Organic Search,19,8,False,False
S0007488,U000583,2025-08-08,Desktop,macOS,Chrome,Facebook,11,9,False,False
S0007489,U000373,2025-07-02,Desktop,Windows,Chrome,Referral,52,6,False,False
S0007490,U001497,2025-07-15,Tablet,iOS,Edge,Direct,50,6,False,False
S0007491,U001879,2024-08-31,Tablet,iOS,Safari,Facebook,6,6,False,False
S0007492,U001241,2024-06-13,Desktop,macOS,Safari,Direct,25,3,False,False
S0007493,U001477,2024-11-10,Desktop,iOS,Firefox,Email,14,1,True,False
S0007494,U001450,2025-02-27,Desktop,iOS,Edge,Referral,47,7,False,False
S0007495,U000820,2025-12-10,Tablet,macOS,Safari,Email,20,8,False,False
S0007496,U000081,2025-08-10,Desktop,Windows,Safari,Referral,33,11,False,False
S0007497,U000076,2024-08-24,Tablet,macOS,Edge,Facebook,8,12,False,False
S0007498,U000663,2024-05-12,Mobile,Android,Firefox,Paid Search,36,1,True,False
S0007499,U001196,2025-03-02,Tablet,macOS,Firefox,Referral,52,9,False,False
S0007500,U001227,2025-04-27,Tablet,Windows,Edge,YouTube,52,8,False,False
S0007501,U000431,2025-07-11,Mobile,macOS,Safari,Direct,52,8,False,False
S0007502,U001912,2025-12-27,Mobile,Android,Chrome,Email,4,11,False,False
S0007503,U001118,2024-10-05,Mobile,Windows,Firefox,Instagram,39,1,True,False
S0007504,U000861,2025-01-21,Desktop,Android,Firefox,Facebook,3,2,False,False
S0007505,U000802,2025-10-31,Mobile,Windows,Edge,Referral,55,5,False,True
S0007506,U000066,2025-08-27,Mobile,iOS,Edge,Facebook,9,3,False,False
S0007507,U000867,2025-03-21,Tablet,macOS,Chrome,Instagram,15,1,True,False
S0007508,U001344,2025-09-05,Mobile,Android,Chrome,Organic Search,42,9,False,True
S0007509,U000555,2024-02-22,Mobile,iOS,Safari,Email,26,8,False,False
S0007510,U001941,2024-03-26,Desktop,macOS,Firefox,Direct,38,6,False,False
S0007511,U001286,2024-02-21,Tablet,Windows,Safari,Instagram,10,7,False,True
S0007512,U000515,2025-05-25,Mobile,Windows,Chrome,Organic Search,39,8,False,False
S0007513,U001865,2025-01-10,Tablet,iOS,Chrome,Instagram,54,5,False,False
S0007514,U001036,2025-06-26,Tablet,Android,Firefox,Paid Search,6,6,False,False
S0007515,U000556,2024-03-26,Mobile,Android,Safari,Direct,57,3,False,False
S0007516,U000640,2025-06-13,Tablet,Windows,Firefox,Paid Search,21,9,False,False
S0007517,U001501,2025-04-23,Mobile,macOS,Firefox,Referral,28,9,False,False
S0007518,U000006,2024-08-09,Tablet,iOS,Chrome,Instagram,13,2,False,False
S0007519,U001234,2024-11-14,Desktop,Android,Safari,YouTube,24,3,False,False
S0007520,U000766,2024-08-02,Tablet,Windows,Edge,Email,31,8,False,False
S0007521,U001554,2025-09-12,Mobile,macOS,Chrome,Referral,13,12,False,False
S0007522,U001297,2025-04-16,Desktop,macOS,Edge,Organic Search,2,8,False,False
S0007523,U000634,2024-03-26,Tablet,macOS,Safari,Instagram,22,3,False,False
S0007524,U001151,2025-09-20,Mobile,Android,Safari,Referral,42,1,True,False
S0007525,U001955,2025-02-05,Tablet,iOS,Edge,Paid Search,46,7,False,False
S0007526,U000762,2024-05-17,Mobile,macOS,Chrome,Facebook,7,3,False,False
S0007527,U000412,2025-10-27,Tablet,iOS,Safari,Organic Search,16,7,False,False
S0007528,U001816,2025-05-28,Desktop,Android,Firefox,YouTube,19,2,False,False
S0007529,U000608,2024-09-20,Desktop,iOS,Edge,Paid Search,17,3,False,False
S0007530,U000686,2024-01-03,Desktop,macOS,Chrome,Organic Search,40,7,False,False
S0007531,U001626,2025-12-24,Desktop,iOS,Safari,Organic Search,44,11,False,False
S0007532,U001516,2024-10-31,Desktop,Android,Chrome,Direct,29,9,False,False
S0007533,U001775,2025-07-19,Tablet,Android,Safari,Direct,19,1,True,False
S0007534,U001905,2025-10-17,Desktop,Android,Safari,Instagram,45,11,False,False
S0007535,U001709,2025-09-05,Tablet,Windows,Firefox,Organic Search,6,7,False,True
S0007536,U001508,2024-08-04,Desktop,Windows,Firefox,Referral,56,11,False,False
S0007537,U001757,2025-03-03,Desktop,iOS,Safari,Instagram,15,1,True,True
S0007538,U000006,2024-02-15,Desktop,Android,Chrome,Paid Search,9,5,False,False
S0007539,U000075,2025-04-15,Desktop,iOS,Firefox,Email,57,5,False,False
S0007540,U001861,2025-05-04,Tablet,iOS,Safari,Direct,14,5,False,False
S0007541,U000358,2025-03-20,Tablet,iOS,Safari,Facebook,18,1,True,False
S0007542,U000863,2025-01-31,Desktop,Windows,Firefox,Direct,27,9,False,False
S0007543,U000083,2025-08-04,Mobile,iOS,Safari,Facebook,60,3,False,False
S0007544,U000694,2025-11-26,Desktop,Android,Edge,Instagram,41,4,False,False
S0007545,U001894,2025-11-16,Desktop,Windows,Chrome,Facebook,39,10,False,False
S0007546,U000499,2024-05-27,Tablet,iOS,Chrome,Organic Search,46,1,True,False
S0007547,U000561,2024-07-27,Desktop,iOS,Safari,Paid Search,49,11,False,True
S0007548,U000624,2025-11-21,Mobile,Windows,Chrome,Paid Search,37,10,False,True
S0007549,U000961,2024-07-23,Tablet,Android,Edge,Organic Search,49,2,False,False
S0007550,U001345,2025-03-05,Desktop,iOS,Chrome,Organic Search,48,6,False,False
S0007551,U001400,2025-08-22,Tablet,macOS,Chrome,Referral,42,12,False,False
S0007552,U000463,2025-12-24,Tablet,Android,Edge,Paid Search,48,1,True,False
S0007553,U000523,2025-01-28,Tablet,Android,Chrome,Referral,1,6,False,False
S0007554,U000414,2024-06-21,Desktop,iOS,Safari,Organic Search,45,6,False,False
S0007555,U000863,2025-03-20,Desktop,iOS,Firefox,Referral,29,9,False,False
S0007556,U000329,2024-11-29,Mobile,Windows,Edge,Organic Search,9,11,False,False
S0007557,U000578,2024-12-10,Desktop,iOS,Chrome,Organic Search,36,7,False,False
S0007558,U001466,2025-02-03,Desktop,Android,Chrome,Instagram,31,1,True,False
S0007559,U000862,2024-07-15,Mobile,macOS,Edge,Facebook,41,9,False,False
S0007560,U001570,2025-03-13,Mobile,macOS,Chrome,Direct,17,2,False,False
S0007561,U000463,2024-08-01,Mobile,macOS,Chrome,Paid Search,47,5,False,False
S0007562,U000585,2024-07-05,Tablet,Android,Safari,Organic Search,12,8,False,False
S0007563,U000281,2025-06-04,Mobile,Android,Firefox,Organic Search,39,2,False,False
S0007564,U000163,2025-04-10,Tablet,iOS,Safari,Referral,9,12,False,False
S0007565,U000068,2025-12-21,Tablet,Windows,Chrome,Organic Search,38,6,False,False
S0007566,U001238,2024-07-19,Tablet,Windows,Safari,YouTube,53,7,False,False
S0007567,U001906,2025-05-04,Mobile,Android,Safari,Direct,31,1,True,False
S0007568,U001898,2024-11-23,Mobile,iOS,Chrome,Organic Search,54,6,False,True
S0007569,U000584,2024-12-24,Desktop,macOS,Firefox,Organic Search,6,8,False,True
S0007570,U000748,2025-09-08,Tablet,Windows,Safari,Organic Search,1,4,False,False
S0007571,U000801,2025-08-23,Desktop,Windows,Edge,Facebook,25,1,True,False
S0007572,U000409,2025-07-09,Desktop,iOS,Firefox,YouTube,17,4,False,False
S0007573,U000875,2024-03-22,Desktop,Android,Safari,Email,33,9,False,False
S0007574,U000441,2024-01-22,Mobile,iOS,Safari,Direct,17,8,False,True
S0007575,U000416,2024-04-25,Desktop,macOS,Safari,Direct,22,10,False,False
S0007576,U000564,2024-07-11,Tablet,iOS,Chrome,YouTube,55,1,True,False
S0007577,U000430,2024-06-24,Mobile,macOS,Chrome,Email,31,3,False,False
S0007578,U001144,2025-06-03,Mobile,Windows,Safari,Direct,22,3,False,False
S0007579,U001320,2024-01-15,Desktop,macOS,Chrome,Direct,59,11,False,False
S0007580,U001705,2025-12-18,Tablet,Android,Edge,Email,36,8,False,False
S0007581,U001516,2025-11-03,Mobile,macOS,Chrome,Direct,50,2,False,False
S0007582,U000755,2025-01-04,Desktop,iOS,Edge,Email,16,1,True,False
S0007583,U001975,2025-06-04,Desktop,macOS,Firefox,YouTube,23,2,False,False
S0007584,U001226,2024-07-30,Desktop,Windows,Firefox,Referral,35,5,False,False
S0007585,U000646,2025-05-27,Mobile,iOS,Chrome,YouTube,57,2,False,False
S0007586,U000713,2024-01-23,Mobile,iOS,Chrome,Instagram,8,11,False,False
S0007587,U000137,2025-01-10,Desktop,Android,Edge,Paid Search,16,10,False,False
S0007588,U000076,2025-11-28,Mobile,macOS,Chrome,Facebook,15,4,False,False
S0007589,U001092,2025-07-01,Desktop,iOS,Safari,Referral,14,5,False,False
S0007590,U000379,2025-05-19,Desktop,Android,Firefox,Referral,5,11,False,False
S0007591,U000761,2024-12-19,Mobile,Android,Firefox,Paid Search,15,12,False,True
S0007592,U001939,2024-12-23,Desktop,Android,Chrome,Referral,25,1,True,False
S0007593,U000554,2024-12-20,Mobile,Windows,Firefox,Direct,3,10,False,False
S0007594,U000103,2024-06-02,Tablet,Android,Safari,Email,31,6,False,False
S0007595,U001644,2025-07-13,Desktop,macOS,Chrome,Paid Search,24,5,False,True
S0007596,U000078,2024-01-03,Mobile,macOS,Edge,Direct,47,12,False,False
S0007597,U000648,2025-03-14,Tablet,iOS,Firefox,Referral,17,10,False,False
S0007598,U000185,2024-08-09,Desktop,Windows,Firefox,Direct,6,6,False,False
S0007599,U000972,2024-01-22,Mobile,macOS,Chrome,Referral,22,1,True,False
S0007600,U000879,2025-11-18,Mobile,iOS,Safari,Paid Search,5,4,False,False
S0007601,U000884,2025-06-07,Mobile,Windows,Safari,Organic Search,6,9,False,False
S0007602,U000881,2025-12-06,Tablet,macOS,Chrome,Email,27,11,False,False
S0007603,U001347,2025-01-26,Mobile,macOS,Firefox,YouTube,7,3,False,False
S0007604,U001910,2025-05-05,Mobile,iOS,Chrome,YouTube,41,7,False,False
S0007605,U001971,2024-09-10,Mobile,iOS,Safari,Paid Search,6,3,False,False
S0007606,U000639,2025-07-19,Mobile,Android,Edge,Organic Search,5,10,False,False
S0007607,U001531,2024-03-17,Tablet,iOS,Edge,Direct,38,1,True,False
S0007608,U001262,2025-09-28,Mobile,Windows,Firefox,YouTube,36,4,False,False
S0007609,U000643,2024-01-01,Mobile,macOS,Firefox,Instagram,15,5,False,False
S0007610,U001549,2024-06-22,Mobile,macOS,Chrome,Facebook,38,11,False,False
S0007611,U001106,2024-02-21,Tablet,Android,Chrome,Direct,47,10,False,True
S0007612,U000384,2024-06-29,Tablet,Windows,Edge,Referral,54,1,True,False
S0007613,U001855,2024-06-17,Mobile,macOS,Firefox,YouTube,14,12,False,False
S0007614,U001638,2024-01-24,Tablet,macOS,Firefox,Facebook,31,11,False,False
S0007615,U000094,2024-09-21,Desktop,Android,Edge,Referral,12,1,True,False
S0007616,U000806,2024-12-06,Tablet,iOS,Firefox,YouTube,42,6,False,True
S0007617,U001613,2025-05-25,Desktop,Windows,Chrome,YouTube,21,12,False,False
S0007618,U000127,2025-03-24,Tablet,iOS,Firefox,Paid Search,50,3,False,False
S0007619,U001689,2025-04-05,Desktop,Windows,Firefox,Facebook,26,6,False,False
S0007620,U000825,2024-12-06,Desktop,Windows,Firefox,Direct,8,7,False,False
S0007621,U001066,2025-12-20,Tablet,iOS,Firefox,Organic Search,23,8,False,False
S0007622,U001226,2024-12-25,Tablet,Android,Firefox,Facebook,14,1,True,False
S0007623,U001548,2025-09-22,Mobile,Windows,Chrome,Instagram,53,12,False,False
S0007624,U001443,2024-03-18,Mobile,Windows,Firefox,Email,56,12,False,False
S0007625,U000774,2024-05-11,Mobile,macOS,Firefox,Referral,45,3,False,False
S0007626,U000579,2025-04-22,Mobile,iOS,Chrome,Paid Search,19,12,False,False
S0007627,U001249,2025-09-28,Tablet,iOS,Chrome,Direct,4,11,False,False
S0007628,U001839,2024-03-29,Desktop,Android,Firefox,Referral,48,11,False,False
S0007629,U000800,2025-09-07,Mobile,iOS,Safari,YouTube,41,3,False,False
S0007630,U000253,2025-09-22,Desktop,Android,Edge,Instagram,29,5,False,False
S0007631,U001999,2024-12-09,Tablet,macOS,Firefox,Direct,7,7,False,False
S0007632,U001110,2024-12-23,Mobile,macOS,Edge,Email,32,11,False,False
S0007633,U000983,2025-09-26,Tablet,iOS,Safari,Organic Search,56,10,False,False
S0007634,U000836,2024-03-26,Desktop,Android,Firefox,Instagram,26,7,False,False
S0007635,U000423,2024-03-23,Desktop,macOS,Safari,Email,15,1,True,False
S0007636,U001701,2024-01-07,Mobile,Windows,Chrome,Instagram,2,5,False,False
S0007637,U001044,2024-06-03,Tablet,macOS,Safari,Email,14,7,False,False
S0007638,U000816,2024-08-18,Mobile,macOS,Safari,YouTube,32,3,False,False
S0007639,U001456,2024-03-08,Tablet,iOS,Firefox,Paid Search,5,12,False,False
S0007640,U000945,2025-07-15,Tablet,Android,Safari,Organic Search,20,3,False,False
S0007641,U001999,2024-06-14,Desktop,Windows,Safari,Referral,59,3,False,False
S0007642,U001641,2025-03-08,Desktop,Android,Firefox,Facebook,21,8,False,False
S0007643,U001543,2025-11-30,Mobile,iOS,Edge,Instagram,51,5,False,False
S0007644,U000936,2025-06-25,Desktop,macOS,Edge,Organic Search,60,4,False,False
S0007645,U000321,2025-11-14,Desktop,Android,Firefox,YouTube,28,7,False,False
S0007646,U000303,2025-02-24,Tablet,Windows,Chrome,Paid Search,21,6,False,False
S0007647,U000675,2024-04-15,Tablet,macOS,Safari,YouTube,58,8,False,False
S0007648,U000959,2025-08-13,Mobile,iOS,Safari,Email,41,8,False,False
S0007649,U000243,2024-09-18,Desktop,iOS,Edge,Instagram,57,1,True,False
S0007650,U001773,2024-07-04,Desktop,macOS,Safari,YouTube,52,8,False,False
S0007651,U000170,2025-07-21,Mobile,Windows,Edge,Referral,55,9,False,True
S0007652,U000546,2025-03-01,Mobile,macOS,Firefox,Paid Search,14,2,False,False
S0007653,U001033,2024-01-29,Desktop,macOS,Edge,Instagram,9,6,False,False
S0007654,U001491,2025-07-29,Tablet,Windows,Edge,Paid Search,59,3,False,False
S0007655,U001684,2025-08-06,Mobile,macOS,Firefox,Email,8,10,False,False
S0007656,U000872,2025-12-04,Desktop,macOS,Firefox,Facebook,57,7,False,False
S0007657,U000476,2025-10-19,Desktop,iOS,Edge,Organic Search,54,8,False,False
S0007658,U001243,2024-04-19,Mobile,Android,Safari,Email,56,6,False,True
S0007659,U000887,2025-01-23,Tablet,Android,Chrome,Paid Search,25,10,False,False
S0007660,U001662,2025-06-04,Desktop,macOS,Chrome,Organic Search,45,7,False,False
S0007661,U000698,2024-12-14,Tablet,iOS,Safari,Email,34,7,False,False
S0007662,U001804,2024-02-08,Mobile,Android,Edge,Direct,59,9,False,False
S0007663,U001211,2024-01-22,Tablet,Windows,Safari,Instagram,58,8,False,False
S0007664,U000348,2024-08-02,Tablet,macOS,Chrome,Email,44,3,False,False
S0007665,U000857,2024-03-27,Desktop,Windows,Edge,Referral,2,11,False,True
S0007666,U001416,2024-05-22,Mobile,macOS,Safari,Paid Search,52,10,False,False
S0007667,U000719,2024-08-09,Mobile,Windows,Chrome,Paid Search,25,2,False,False
S0007668,U000637,2025-11-12,Desktop,iOS,Edge,Referral,2,12,False,False
S0007669,U001228,2025-02-02,Mobile,Android,Safari,Paid Search,33,5,False,False
S0007670,U001800,2025-04-07,Tablet,Android,Edge,Facebook,1,6,False,False
S0007671,U001516,2024-03-09,Desktop,macOS,Firefox,Paid Search,49,10,False,False
S0007672,U000398,2025-03-07,Desktop,Windows,Safari,Facebook,23,7,False,False
S0007673,U000406,2025-07-30,Tablet,macOS,Safari,Direct,30,7,False,False
S0007674,U000678,2024-10-06,Desktop,Windows,Safari,Paid Search,49,4,False,False
S0007675,U001758,2024-04-19,Mobile,Android,Chrome,Email,57,8,False,False
S0007676,U000144,2025-08-26,Mobile,Windows,Firefox,Referral,32,9,False,False
S0007677,U000136,2024-07-24,Tablet,Android,Safari,Facebook,18,8,False,True
S0007678,U000496,2025-12-07,Desktop,Android,Edge,Facebook,35,8,False,False
S0007679,U001932,2024-12-02,Mobile,macOS,Firefox,Instagram,25,10,False,False
S0007680,U000780,2024-06-06,Desktop,macOS,Edge,Paid Search,5,4,False,True
S0007681,U001619,2024-04-03,Tablet,Windows,Firefox,Organic Search,22,3,False,False
S0007682,U001820,2025-10-31,Tablet,Windows,Edge,Paid Search,18,4,False,False
S0007683,U000972,2025-05-21,Tablet,macOS,Edge,Facebook,46,6,False,False
S0007684,U000679,2024-09-25,Tablet,iOS,Chrome,Email,22,2,False,False
S0007685,U001653,2025-04-10,Tablet,Windows,Safari,Paid Search,49,1,True,False
S0007686,U000022,2025-09-23,Tablet,iOS,Safari,Direct,51,2,False,False
S0007687,U000068,2025-12-25,Tablet,Android,Firefox,Email,52,5,False,False
S0007688,U000952,2024-07-09,Desktop,iOS,Chrome,YouTube,4,12,False,False
S0007689,U000242,2024-09-01,Mobile,Windows,Edge,Referral,60,8,False,False
S0007690,U000761,2024-01-24,Desktop,macOS,Edge,Facebook,40,7,False,False
S0007691,U000329,2024-08-15,Tablet,Android,Safari,Referral,13,8,False,False
S0007692,U001713,2025-09-11,Tablet,iOS,Safari,Email,59,6,False,False
S0007693,U001794,2024-11-10,Tablet,macOS,Edge,Email,30,2,False,True
S0007694,U000912,2025-01-13,Mobile,Android,Chrome,Instagram,53,6,False,False
S0007695,U001698,2024-07-30,Tablet,iOS,Edge,Instagram,10,5,False,False
S0007696,U000679,2024-08-10,Desktop,macOS,Edge,Paid Search,14,1,True,False
S0007697,U001586,2025-05-17,Tablet,Android,Firefox,Instagram,33,8,False,False
S0007698,U001205,2024-06-27,Tablet,iOS,Edge,Referral,56,11,False,False
S0007699,U001163,2025-11-12,Mobile,Windows,Edge,Email,19,2,False,False
S0007700,U000734,2025-08-20,Tablet,Android,Safari,Email,44,5,False,False
S0007701,U001624,2025-11-30,Mobile,iOS,Safari,Paid Search,29,1,True,False
S0007702,U000663,2024-07-07,Mobile,Windows,Edge,Email,60,1,True,False
S0007703,U001697,2025-02-25,Mobile,Android,Safari,Referral,42,4,False,False
S0007704,U001690,2025-08-30,Desktop,Android,Safari,YouTube,42,5,False,False
S0007705,U001844,2024-05-21,Desktop,Android,Firefox,Direct,43,10,False,False
S0007706,U000560,2025-12-13,Desktop,macOS,Edge,Referral,33,3,False,False
S0007707,U000950,2024-11-12,Mobile,Android,Chrome,YouTube,33,9,False,False
S0007708,U001752,2024-04-18,Tablet,Android,Safari,YouTube,27,8,False,False
S0007709,U001982,2024-07-04,Mobile,Android,Edge,YouTube,36,10,False,False
S0007710,U001875,2025-10-13,Desktop,iOS,Firefox,Direct,48,12,False,False
S0007711,U001854,2024-03-18,Desktop,iOS,Chrome,YouTube,29,4,False,False
S0007712,U000708,2025-02-14,Tablet,macOS,Chrome,Organic Search,26,2,False,False
S0007713,U000772,2024-04-10,Mobile,macOS,Edge,Direct,33,12,False,False
S0007714,U000312,2024-04-05,Tablet,Windows,Firefox,Referral,20,11,False,False
S0007715,U001255,2025-09-28,Tablet,iOS,Safari,Email,10,2,False,False
S0007716,U000025,2025-03-14,Desktop,iOS,Edge,Paid Search,10,12,False,False
S0007717,U000421,2024-12-12,Mobile,Android,Edge,Paid Search,59,3,False,False
S0007718,U000846,2025-09-10,Desktop,Windows,Safari,Email,17,1,True,False
S0007719,U001586,2025-12-28,Tablet,Android,Firefox,YouTube,6,4,False,False
S0007720,U001606,2024-06-09,Tablet,macOS,Edge,Facebook,50,12,False,False
S0007721,U000165,2024-01-14,Desktop,iOS,Firefox,Instagram,33,10,False,False
S0007722,U001416,2024-07-11,Tablet,macOS,Edge,Referral,58,8,False,True
S0007723,U001908,2024-01-05,Tablet,macOS,Firefox,Instagram,33,6,False,False
S0007724,U001613,2024-05-05,Desktop,iOS,Chrome,Facebook,45,8,False,False
S0007725,U000210,2024-08-11,Desktop,Windows,Chrome,Paid Search,39,3,False,False
S0007726,U000465,2025-06-01,Tablet,Windows,Chrome,Direct,2,2,False,False
S0007727,U000926,2025-06-23,Mobile,Windows,Safari,YouTube,47,11,False,False
S0007728,U000887,2024-12-13,Desktop,Windows,Edge,Organic Search,42,4,False,False
S0007729,U000512,2025-11-25,Tablet,Android,Edge,Direct,22,2,False,True
S0007730,U000468,2024-12-31,Mobile,iOS,Firefox,Direct,7,3,False,False
S0007731,U000089,2024-03-25,Mobile,Windows,Edge,Instagram,48,1,True,False
S0007732,U001953,2025-03-17,Mobile,Android,Firefox,Instagram,9,9,False,False
S0007733,U000018,2024-03-26,Tablet,macOS,Safari,Referral,44,12,False,False
S0007734,U001462,2024-08-09,Tablet,Windows,Edge,Email,40,7,False,False
S0007735,U000563,2024-07-06,Tablet,macOS,Chrome,Organic Search,54,6,False,False
S0007736,U000727,2025-03-23,Tablet,macOS,Edge,Instagram,4,1,True,True
S0007737,U001636,2024-11-01,Mobile,iOS,Chrome,Referral,10,12,False,False
S0007738,U001115,2025-02-18,Tablet,Android,Edge,Instagram,27,6,False,False
S0007739,U000670,2025-05-29,Tablet,Windows,Safari,Instagram,31,1,True,False
S0007740,U001674,2025-12-23,Tablet,Windows,Safari,Instagram,4,10,False,False
S0007741,U000225,2024-03-12,Desktop,Windows,Chrome,Direct,60,2,False,False
S0007742,U000287,2025-06-01,Tablet,Windows,Edge,YouTube,45,8,False,False
S0007743,U000084,2025-09-24,Desktop,iOS,Edge,Facebook,41,8,False,False
S0007744,U000279,2024-12-18,Desktop,macOS,Safari,Referral,39,12,False,False
S0007745,U001497,2024-12-15,Mobile,iOS,Safari,Direct,6,10,False,False
S0007746,U001955,2025-12-04,Mobile,Android,Firefox,Organic Search,11,2,False,False
S0007747,U000778,2024-08-05,Tablet,Android,Edge,Referral,55,8,False,False
S0007748,U000116,2024-12-06,Mobile,macOS,Safari,Paid Search,1,7,False,False
S0007749,U000753,2024-03-13,Mobile,Android,Safari,Direct,10,12,False,True
S0007750,U001491,2025-03-27,Tablet,Windows,Edge,Direct,33,2,False,False
S0007751,U000276,2025-09-13,Tablet,iOS,Safari,Facebook,49,10,False,False
S0007752,U000040,2025-01-25,Mobile,Android,Firefox,Organic Search,30,5,False,False
S0007753,U000114,2024-10-26,Mobile,Android,Edge,Instagram,18,4,False,False
S0007754,U000481,2025-05-23,Mobile,Windows,Firefox,Direct,48,12,False,False
S0007755,U001431,2025-04-05,Desktop,iOS,Edge,Instagram,31,12,False,True
S0007756,U000039,2025-04-22,Desktop,macOS,Edge,Email,37,3,False,False
S0007757,U000017,2024-10-31,Tablet,iOS,Safari,Organic Search,11,2,False,True
S0007758,U001356,2024-03-15,Mobile,Android,Safari,Email,5,2,False,False
S0007759,U000480,2024-05-16,Tablet,Windows,Chrome,Organic Search,53,11,False,False
S0007760,U001303,2025-09-08,Mobile,macOS,Firefox,Instagram,30,11,False,False
S0007761,U000952,2025-05-08,Mobile,Windows,Chrome,YouTube,28,8,False,False
S0007762,U000658,2024-02-17,Mobile,Windows,Edge,Paid Search,32,5,False,False
S0007763,U001972,2025-11-28,Desktop,macOS,Edge,Direct,49,3,False,False
S0007764,U001957,2024-02-16,Mobile,iOS,Firefox,Email,48,7,False,False
S0007765,U001527,2024-05-26,Desktop,iOS,Safari,Facebook,60,3,False,False
S0007766,U001217,2024-11-13,Mobile,Windows,Firefox,YouTube,8,3,False,False
S0007767,U001067,2025-03-29,Mobile,Android,Edge,Email,33,11,False,False
S0007768,U000906,2024-09-12,Mobile,macOS,Firefox,Email,5,8,False,False
S0007769,U001831,2024-09-17,Desktop,macOS,Chrome,Referral,14,6,False,False
S0007770,U001632,2025-11-22,Tablet,iOS,Safari,Instagram,42,12,False,False
S0007771,U001866,2025-08-05,Mobile,macOS,Safari,YouTube,36,8,False,False
S0007772,U001061,2025-11-19,Desktop,iOS,Chrome,Referral,25,1,True,False
S0007773,U000668,2024-12-30,Desktop,Android,Safari,Direct,24,7,False,False
S0007774,U000856,2024-04-16,Desktop,Windows,Chrome,Paid Search,15,4,False,False
S0007775,U000261,2025-11-20,Tablet,Windows,Firefox,Instagram,30,10,False,False
S0007776,U001880,2025-03-25,Mobile,iOS,Safari,Direct,27,11,False,False
S0007777,U000353,2024-11-15,Mobile,Android,Firefox,Instagram,57,4,False,False
S0007778,U001821,2024-06-27,Mobile,macOS,Firefox,YouTube,24,8,False,False
S0007779,U001637,2025-08-21,Desktop,Windows,Firefox,YouTube,13,3,False,False
S0007780,U000645,2024-01-27,Mobile,Android,Edge,Referral,30,5,False,False
S0007781,U001147,2025-10-17,Mobile,Windows,Firefox,Direct,24,7,False,False
S0007782,U000941,2025-09-24,Desktop,Android,Firefox,Paid Search,18,5,False,False
S0007783,U000358,2024-06-14,Desktop,macOS,Firefox,Instagram,28,12,False,False
S0007784,U000274,2024-07-22,Desktop,Windows,Firefox,Email,51,9,False,False
S0007785,U000996,2024-06-17,Tablet,Android,Chrome,Paid Search,52,12,False,False
S0007786,U001946,2025-05-14,Desktop,Windows,Safari,Paid Search,35,2,False,False
S0007787,U001242,2024-08-04,Tablet,macOS,Edge,Facebook,55,9,False,False
S0007788,U000506,2024-09-30,Tablet,Windows,Edge,Facebook,43,5,False,True
S0007789,U001767,2025-04-10,Mobile,Android,Edge,Referral,31,11,False,False
S0007790,U001262,2024-01-15,Tablet,Windows,Safari,Direct,35,4,False,False
S0007791,U001993,2025-07-06,Mobile,Windows,Firefox,Instagram,44,3,False,False
S0007792,U001231,2025-04-03,Desktop,macOS,Safari,Organic Search,55,4,False,False
S0007793,U001020,2025-09-22,Mobile,Android,Safari,Paid Search,23,6,False,False
S0007794,U000633,2024-11-09,Tablet,macOS,Edge,Facebook,59,9,False,True
S0007795,U001995,2025-05-01,Desktop,iOS,Chrome,Instagram,58,12,False,False
S0007796,U001361,2025-03-10,Tablet,macOS,Firefox,Referral,56,4,False,False
S0007797,U001703,2025-03-09,Mobile,Windows,Firefox,Facebook,17,5,False,False
S0007798,U000233,2025-12-25,Desktop,macOS,Edge,Email,22,6,False,False
S0007799,U000671,2025-03-09,Mobile,iOS,Chrome,Paid Search,12,2,False,False
S0007800,U000038,2025-03-15,Desktop,Android,Firefox,Referral,54,9,False,False
S0007801,U001294,2025-09-18,Mobile,Android,Safari,Direct,5,7,False,True
S0007802,U000433,2024-06-09,Mobile,iOS,Firefox,Instagram,32,3,False,True
S0007803,U000557,2024-10-24,Tablet,macOS,Edge,YouTube,44,5,False,False
S0007804,U001321,2024-10-05,Desktop,Android,Firefox,Paid Search,6,5,False,False
S0007805,U000281,2025-10-10,Desktop,Android,Edge,Organic Search,48,8,False,False
S0007806,U001779,2024-06-23,Tablet,Android,Safari,Facebook,36,10,False,False
S0007807,U000481,2024-08-15,Desktop,Windows,Safari,Email,18,7,False,False
S0007808,U001162,2024-02-14,Mobile,Android,Edge,Email,31,3,False,False
S0007809,U000585,2025-09-15,Desktop,iOS,Firefox,YouTube,35,10,False,False
S0007810,U001049,2024-01-10,Mobile,macOS,Safari,Direct,25,12,False,False
S0007811,U000413,2024-06-25,Tablet,Android,Firefox,Facebook,34,8,False,False
S0007812,U001326,2024-11-06,Tablet,iOS,Chrome,Paid Search,13,8,False,False
S0007813,U000054,2025-04-21,Tablet,iOS,Firefox,Referral,23,9,False,False
S0007814,U000818,2025-03-21,Mobile,macOS,Edge,Referral,28,11,False,False
S0007815,U000487,2024-05-19,Desktop,Android,Firefox,Direct,9,5,False,False
S0007816,U000330,2025-03-20,Desktop,Android,Edge,Referral,12,2,False,False
S0007817,U000838,2024-11-07,Mobile,macOS,Chrome,Facebook,24,11,False,False
S0007818,U000438,2025-01-03,Tablet,iOS,Edge,Referral,14,3,False,False
S0007819,U001086,2024-12-16,Tablet,Android,Firefox,Organic Search,55,7,False,False
S0007820,U000436,2024-01-07,Tablet,iOS,Chrome,Direct,40,12,False,False
S0007821,U001884,2025-07-21,Tablet,iOS,Safari,Organic Search,56,3,False,False
S0007822,U000938,2025-04-15,Tablet,Android,Chrome,Direct,16,5,False,False
S0007823,U001124,2024-06-06,Tablet,Android,Edge,Paid Search,26,12,False,False
S0007824,U000403,2024-07-26,Tablet,iOS,Firefox,YouTube,30,5,False,False
S0007825,U001896,2024-04-25,Mobile,Windows,Chrome,Direct,31,4,False,False
S0007826,U001848,2024-12-26,Tablet,macOS,Edge,Organic Search,8,10,False,False
S0007827,U001257,2024-11-03,Tablet,Android,Safari,Paid Search,4,2,False,True
S0007828,U000655,2024-07-12,Tablet,Windows,Firefox,Facebook,35,3,False,False
S0007829,U001229,2024-12-16,Mobile,macOS,Firefox,Organic Search,25,12,False,False
S0007830,U001056,2025-02-19,Mobile,Android,Edge,Facebook,55,5,False,False
S0007831,U001608,2024-08-07,Mobile,macOS,Safari,Email,32,2,False,False
S0007832,U001437,2025-02-19,Tablet,macOS,Firefox,Instagram,52,10,False,False
S0007833,U000846,2025-06-14,Desktop,Windows,Firefox,YouTube,3,7,False,False
S0007834,U000075,2024-12-09,Mobile,macOS,Safari,YouTube,49,12,False,False
S0007835,U001354,2025-10-21,Tablet,Android,Chrome,Paid Search,59,12,False,False
S0007836,U001574,2024-07-18,Tablet,Android,Safari,Email,2,10,False,False
S0007837,U000689,2024-03-15,Mobile,macOS,Safari,Facebook,37,6,False,False
S0007838,U000410,2024-06-11,Desktop,iOS,Chrome,Facebook,7,4,False,True
S0007839,U001022,2025-09-03,Mobile,iOS,Edge,Email,30,5,False,False
S0007840,U001222,2025-01-02,Mobile,Windows,Chrome,Referral,56,8,False,False
S0007841,U000223,2025-07-20,Tablet,iOS,Chrome,Organic Search,8,11,False,False
S0007842,U001664,2024-08-03,Desktop,iOS,Firefox,YouTube,28,2,False,False
S0007843,U000805,2025-04-06,Desktop,macOS,Chrome,Organic Search,56,10,False,False
S0007844,U001543,2025-08-29,Tablet,Android,Edge,Instagram,31,11,False,False
S0007845,U000802,2025-09-18,Mobile,macOS,Edge,Instagram,39,6,False,False
S0007846,U000503,2025-09-17,Desktop,macOS,Chrome,Direct,46,5,False,False
S0007847,U001921,2024-08-01,Mobile,Android,Chrome,Facebook,32,11,False,False
S0007848,U001741,2024-11-09,Tablet,Android,Firefox,Direct,30,7,False,False
S0007849,U001749,2024-10-24,Mobile,Windows,Firefox,YouTube,36,1,True,False
S0007850,U001168,2024-02-22,Mobile,macOS,Firefox,Email,8,8,False,False
S0007851,U000549,2025-07-29,Tablet,macOS,Firefox,Direct,33,11,False,False
S0007852,U000021,2024-11-28,Tablet,macOS,Safari,Referral,35,2,False,False
S0007853,U000760,2024-05-09,Mobile,iOS,Chrome,Paid Search,58,3,False,False
S0007854,U001630,2024-04-14,Desktop,Windows,Chrome,Instagram,20,7,False,False
S0007855,U000092,2024-06-12,Desktop,Android,Edge,Direct,41,8,False,False
S0007856,U000330,2025-12-12,Mobile,Windows,Chrome,YouTube,42,11,False,False
S0007857,U000261,2024-09-06,Tablet,Windows,Chrome,Paid Search,11,5,False,False
S0007858,U001766,2025-06-02,Tablet,Android,Safari,Instagram,46,9,False,True
S0007859,U000842,2024-11-20,Desktop,macOS,Safari,Instagram,3,4,False,False
S0007860,U000782,2024-02-19,Desktop,Windows,Firefox,Direct,42,6,False,False
S0007861,U000289,2024-07-10,Mobile,iOS,Chrome,Organic Search,13,9,False,False
S0007862,U001583,2024-01-11,Mobile,Android,Edge,Instagram,26,7,False,False
S0007863,U000555,2025-04-06,Mobile,Android,Edge,Email,35,2,False,False
S0007864,U001557,2024-07-05,Tablet,iOS,Firefox,Organic Search,56,8,False,False
S0007865,U001896,2025-02-05,Tablet,iOS,Edge,Direct,24,5,False,False
S0007866,U001583,2025-12-30,Tablet,macOS,Safari,Facebook,9,5,False,False
S0007867,U001528,2025-09-18,Tablet,iOS,Edge,Referral,11,3,False,True
S0007868,U000031,2025-01-09,Mobile,Android,Chrome,Email,31,6,False,False
S0007869,U001544,2024-12-25,Mobile,macOS,Edge,Paid Search,44,8,False,False
S0007870,U001600,2024-06-19,Mobile,Android,Safari,Organic Search,46,5,False,True
S0007871,U000927,2025-11-11,Desktop,Android,Firefox,Instagram,35,2,False,False
S0007872,U000229,2025-05-08,Tablet,macOS,Safari,Instagram,50,1,True,False
S0007873,U001288,2024-11-01,Desktop,Windows,Edge,Referral,19,1,True,False
S0007874,U000973,2025-05-06,Tablet,Windows,Chrome,Email,60,1,True,False
S0007875,U000278,2025-12-10,Tablet,Android,Edge,Instagram,53,3,False,False
S0007876,U001051,2024-03-23,Mobile,iOS,Safari,Email,59,7,False,False
S0007877,U001342,2025-12-03,Tablet,macOS,Firefox,Facebook,12,12,False,True
S0007878,U001495,2024-04-19,Mobile,Windows,Chrome,Email,23,7,False,False
S0007879,U001541,2024-04-04,Desktop,Android,Safari,Paid Search,13,3,False,True
S0007880,U001354,2025-04-13,Desktop,Windows,Edge,Organic Search,60,12,False,False
S0007881,U000922,2024-05-02,Desktop,macOS,Safari,Paid Search,57,8,False,False
S0007882,U001381,2025-09-29,Desktop,iOS,Safari,Organic Search,40,2,False,True
S0007883,U000875,2024-08-19,Tablet,Android,Chrome,Direct,34,3,False,False
S0007884,U000178,2025-11-04,Desktop,macOS,Firefox,Instagram,29,3,False,False
S0007885,U000175,2025-08-20,Tablet,Android,Safari,YouTube,12,10,False,False
S0007886,U000146,2025-08-13,Tablet,Windows,Edge,Direct,32,4,False,False
S0007887,U000285,2025-07-13,Tablet,iOS,Firefox,Paid Search,37,4,False,False
S0007888,U001499,2024-05-17,Mobile,macOS,Edge,Paid Search,44,2,False,True
S0007889,U001535,2024-09-12,Mobile,Windows,Edge,Referral,28,5,False,False
S0007890,U000691,2025-07-07,Tablet,Android,Edge,Instagram,54,9,False,True
S0007891,U000010,2025-03-27,Desktop,Android,Chrome,Referral,12,5,False,False
S0007892,U000179,2024-08-20,Mobile,Windows,Firefox,Instagram,57,3,False,False
S0007893,U000776,2024-05-03,Mobile,Android,Chrome,Paid Search,27,8,False,False
S0007894,U000961,2025-12-02,Desktop,iOS,Chrome,Referral,12,5,False,False
S0007895,U000073,2024-12-14,Desktop,Android,Safari,Paid Search,5,11,False,False
S0007896,U000898,2025-04-28,Tablet,Android,Chrome,Instagram,35,10,False,True
S0007897,U000831,2025-08-12,Tablet,Android,Safari,Direct,10,4,False,False
S0007898,U000055,2024-02-27,Mobile,Windows,Edge,Direct,27,10,False,False
S0007899,U001777,2025-11-09,Mobile,macOS,Firefox,Instagram,1,6,False,False
S0007900,U000909,2024-05-26,Mobile,macOS,Safari,Facebook,33,1,True,False
S0007901,U001278,2025-12-27,Desktop,Android,Chrome,Paid Search,10,4,False,False
S0007902,U000943,2025-05-08,Mobile,Windows,Chrome,Paid Search,20,12,False,False
S0007903,U001909,2025-12-09,Desktop,Android,Chrome,Organic Search,9,6,False,False
S0007904,U001736,2024-10-20,Tablet,Android,Edge,Organic Search,22,7,False,False
S0007905,U000082,2025-06-19,Desktop,macOS,Safari,Organic Search,27,7,False,False
S0007906,U000961,2024-11-13,Mobile,iOS,Edge,Instagram,22,12,False,False
S0007907,U001719,2024-06-07,Mobile,Android,Safari,Referral,16,6,False,False
S0007908,U001227,2024-08-27,Desktop,iOS,Firefox,Referral,6,6,False,False
S0007909,U001023,2024-03-19,Desktop,iOS,Edge,Referral,51,12,False,False
S0007910,U001536,2024-10-23,Tablet,Android,Safari,Organic Search,6,2,False,True
S0007911,U001084,2025-10-10,Tablet,Windows,Firefox,Paid Search,34,8,False,False
S0007912,U000424,2024-07-07,Desktop,macOS,Edge,Instagram,43,9,False,False
S0007913,U000924,2025-08-20,Desktop,Windows,Chrome,Paid Search,55,7,False,False
S0007914,U001104,2024-11-01,Mobile,Windows,Firefox,Email,43,3,False,False
S0007915,U001133,2024-05-31,Tablet,macOS,Edge,YouTube,12,2,False,False
S0007916,U001516,2025-04-05,Tablet,Android,Firefox,Instagram,2,5,False,True
S0007917,U000151,2025-11-02,Desktop,Windows,Firefox,Facebook,46,2,False,False
S0007918,U000381,2024-12-07,Mobile,Windows,Firefox,Email,52,6,False,False
S0007919,U001459,2025-05-13,Desktop,Windows,Chrome,Organic Search,57,4,False,False
S0007920,U001548,2024-06-05,Mobile,macOS,Firefox,Email,24,3,False,False
S0007921,U001923,2025-08-19,Desktop,macOS,Firefox,YouTube,18,10,False,False
S0007922,U000837,2024-04-25,Tablet,iOS,Edge,YouTube,30,5,False,False
S0007923,U001126,2025-03-26,Mobile,iOS,Chrome,Email,14,3,False,False
S0007924,U000468,2024-03-15,Desktop,macOS,Safari,Paid Search,10,12,False,False
S0007925,U000894,2025-02-09,Tablet,Android,Edge,Direct,32,11,False,False
S0007926,U001644,2025-11-07,Mobile,Windows,Firefox,Paid Search,53,7,False,False
S0007927,U001531,2024-09-02,Desktop,macOS,Safari,Referral,33,8,False,False
S0007928,U001736,2025-12-20,Desktop,macOS,Firefox,Email,33,5,False,False
S0007929,U000797,2025-12-11,Desktop,Windows,Chrome,Paid Search,25,3,False,True
S0007930,U001830,2024-08-14,Mobile,Windows,Edge,Referral,57,5,False,False
S0007931,U000669,2024-09-25,Tablet,Android,Firefox,YouTube,10,7,False,True
S0007932,U000073,2024-01-13,Mobile,macOS,Chrome,Direct,51,4,False,False
S0007933,U001960,2024-01-01,Mobile,macOS,Edge,YouTube,16,7,False,False
S0007934,U000603,2025-08-08,Mobile,macOS,Safari,Organic Search,38,10,False,False
S0007935,U001283,2025-06-03,Tablet,iOS,Firefox,Email,2,2,False,False
S0007936,U001249,2025-08-07,Mobile,Android,Chrome,Referral,35,12,False,False
S0007937,U000924,2024-12-27,Tablet,Android,Edge,Paid Search,55,5,False,True
S0007938,U000108,2025-10-26,Mobile,iOS,Chrome,Paid Search,26,5,False,False
S0007939,U001478,2025-08-27,Mobile,Android,Chrome,Organic Search,36,2,False,False
S0007940,U000550,2025-04-11,Desktop,Android,Chrome,Direct,23,1,True,False
S0007941,U001409,2025-02-22,Desktop,iOS,Safari,Referral,44,12,False,True
S0007942,U000797,2025-05-03,Tablet,iOS,Edge,YouTube,52,10,False,False
S0007943,U000175,2024-05-13,Desktop,iOS,Firefox,Direct,45,11,False,False
S0007944,U001143,2025-06-25,Tablet,Windows,Firefox,Instagram,50,2,False,False
S0007945,U000879,2025-05-25,Mobile,iOS,Safari,Paid Search,19,5,False,False
S0007946,U001401,2025-06-12,Desktop,Windows,Safari,Organic Search,33,4,False,False
S0007947,U001808,2024-03-12,Mobile,iOS,Firefox,Direct,60,9,False,False
S0007948,U001268,2025-05-08,Mobile,Windows,Edge,Facebook,58,12,False,False
S0007949,U000322,2025-11-08,Desktop,Android,Firefox,Paid Search,56,3,False,False
S0007950,U000020,2024-09-06,Mobile,iOS,Edge,Instagram,48,9,False,False
S0007951,U001660,2025-02-20,Tablet,Windows,Firefox,Instagram,47,1,True,False
S0007952,U001954,2025-12-29,Tablet,Android,Chrome,Instagram,15,10,False,False
S0007953,U001818,2025-12-18,Tablet,Android,Firefox,Referral,38,3,False,False
S0007954,U001804,2024-08-24,Desktop,macOS,Edge,Organic Search,15,8,False,False
S0007955,U001353,2025-04-19,Desktop,macOS,Chrome,Organic Search,28,4,False,False
S0007956,U000403,2024-04-23,Tablet,iOS,Edge,Instagram,35,1,True,False
S0007957,U000550,2025-07-12,Desktop,macOS,Edge,YouTube,36,8,False,False
S0007958,U001049,2024-06-01,Desktop,macOS,Edge,Direct,12,6,False,False
S0007959,U000615,2025-05-26,Desktop,Windows,Edge,Facebook,37,8,False,False
S0007960,U001647,2025-02-05,Desktop,Android,Firefox,Direct,21,6,False,False
S0007961,U000163,2025-04-25,Tablet,macOS,Firefox,Direct,3,1,True,False
S0007962,U000276,2025-06-06,Mobile,macOS,Safari,Paid Search,35,1,True,False
S0007963,U001851,2025-08-10,Tablet,iOS,Edge,Direct,34,9,False,True
S0007964,U000044,2025-05-31,Desktop,macOS,Edge,Instagram,30,10,False,False
S0007965,U001959,2024-03-20,Desktop,iOS,Edge,Facebook,23,10,False,True
S0007966,U000167,2025-06-29,Desktop,Windows,Safari,Email,40,12,False,False
S0007967,U000160,2025-10-01,Tablet,Windows,Chrome,Direct,33,10,False,False
S0007968,U000281,2025-11-20,Mobile,Windows,Chrome,Paid Search,52,9,False,True
S0007969,U000627,2025-05-07,Tablet,Windows,Firefox,Direct,15,11,False,False
S0007970,U001770,2025-01-11,Desktop,Android,Firefox,Email,1,7,False,False
S0007971,U000575,2025-09-10,Tablet,Windows,Edge,Paid Search,19,5,False,True
S0007972,U000390,2025-02-07,Desktop,iOS,Firefox,Referral,29,8,False,False
S0007973,U000453,2025-08-21,Mobile,macOS,Safari,Facebook,9,11,False,False
S0007974,U000015,2024-04-15,Desktop,Android,Edge,Email,16,10,False,True
S0007975,U001128,2025-10-28,Desktop,Windows,Edge,Referral,50,12,False,False
S0007976,U000227,2025-10-01,Tablet,iOS,Edge,Referral,1,5,False,False
S0007977,U000975,2024-07-31,Desktop,Windows,Safari,Referral,36,8,False,False
S0007978,U001411,2025-02-20,Tablet,macOS,Safari,Instagram,48,2,False,False
S0007979,U001681,2025-08-11,Tablet,iOS,Safari,YouTube,17,12,False,False
S0007980,U000352,2024-05-21,Desktop,iOS,Safari,Paid Search,11,10,False,False
S0007981,U000121,2024-04-28,Mobile,Windows,Edge,Referral,26,12,False,False
S0007982,U001092,2025-09-28,Mobile,Windows,Chrome,Instagram,28,11,False,False
S0007983,U001081,2025-11-13,Desktop,iOS,Edge,Email,32,4,False,False
S0007984,U001192,2025-02-18,Mobile,iOS,Edge,Referral,59,2,False,False
S0007985,U000126,2024-08-05,Desktop,macOS,Safari,Instagram,21,8,False,False
S0007986,U001634,2024-07-24,Tablet,macOS,Safari,YouTube,60,5,False,False
S0007987,U001698,2024-05-12,Mobile,macOS,Chrome,Referral,52,5,False,False
S0007988,U000603,2025-11-11,Mobile,iOS,Firefox,Direct,13,2,False,False
S0007989,U001565,2025-08-24,Mobile,Windows,Chrome,YouTube,5,1,True,False
S0007990,U000438,2024-12-30,Desktop,Android,Safari,Paid Search,31,5,False,False
S0007991,U001814,2025-09-10,Tablet,iOS,Edge,Facebook,40,4,False,False
S0007992,U001203,2024-06-20,Tablet,Android,Chrome,Email,1,7,False,False
S0007993,U000560,2025-10-12,Desktop,macOS,Edge,Facebook,22,3,False,False
S0007994,U000560,2024-11-13,Tablet,macOS,Safari,Organic Search,29,1,True,False
S0007995,U000734,2025-09-12,Mobile,Android,Safari,Referral,9,6,False,False
S0007996,U001029,2025-10-30,Mobile,Android,Edge,Organic Search,50,8,False,False
S0007997,U001039,2025-01-31,Desktop,Android,Firefox,Paid Search,36,10,False,False
S0007998,U000845,2025-06-09,Mobile,iOS,Firefox,Instagram,31,12,False,False
S0007999,U001296,2024-08-24,Tablet,iOS,Safari,Organic Search,37,3,False,False
S0008000,U000183,2025-07-06,Tablet,Windows,Chrome,Instagram,22,9,False,False
S0008001,U000969,2024-05-04,Mobile,Android,Safari,Referral,9,4,False,False
S0008002,U001342,2024-10-12,Desktop,iOS,Chrome,Direct,21,4,False,False
S0008003,U001682,2025-04-09,Mobile,macOS,Firefox,YouTube,57,6,False,False
S0008004,U001222,2024-01-03,Mobile,Android,Chrome,Paid Search,44,5,False,False
S0008005,U000015,2025-02-18,Tablet,Android,Edge,Organic Search,18,6,False,False
S0008006,U001835,2025-01-09,Desktop,Windows,Edge,Instagram,50,11,False,False
S0008007,U000221,2024-03-19,Desktop,Android,Firefox,Paid Search,54,11,False,False
S0008008,U001619,2024-03-07,Desktop,Windows,Firefox,Instagram,25,1,True,False
S0008009,U000518,2025-01-22,Mobile,Windows,Edge,YouTube,45,5,False,False
S0008010,U000078,2025-05-09,Tablet,iOS,Chrome,Direct,4,12,False,False
S0008011,U001784,2024-04-25,Tablet,iOS,Chrome,Referral,35,2,False,False
S0008012,U001893,2024-03-12,Tablet,Windows,Firefox,Organic Search,25,7,False,False
S0008013,U000914,2025-09-25,Mobile,iOS,Edge,Email,29,9,False,False
S0008014,U000359,2024-10-25,Mobile,macOS,Edge,Organic Search,26,2,False,False
S0008015,U000071,2025-05-21,Mobile,macOS,Safari,Direct,12,6,False,False
S0008016,U000743,2024-07-10,Mobile,Android,Firefox,YouTube,44,5,False,True
S0008017,U001284,2025-09-15,Desktop,iOS,Edge,Referral,28,2,False,False
S0008018,U001964,2025-07-03,Tablet,macOS,Safari,Facebook,26,8,False,False
S0008019,U000928,2025-05-20,Tablet,Android,Firefox,Facebook,19,4,False,False
S0008020,U000715,2025-11-02,Mobile,Windows,Chrome,Referral,32,11,False,False
S0008021,U000766,2024-03-08,Desktop,Android,Edge,Facebook,40,4,False,False
S0008022,U000687,2024-07-13,Mobile,Windows,Chrome,Direct,8,5,False,False
S0008023,U001316,2024-08-14,Tablet,iOS,Edge,Referral,21,1,True,False
S0008024,U001964,2024-03-13,Tablet,Android,Firefox,Organic Search,14,12,False,False
S0008025,U000628,2025-12-14,Desktop,macOS,Edge,Email,52,3,False,False
S0008026,U001811,2024-10-14,Desktop,Windows,Firefox,YouTube,43,9,False,False
S0008027,U001739,2024-04-01,Desktop,macOS,Chrome,Facebook,39,7,False,False
S0008028,U000431,2024-03-06,Desktop,iOS,Safari,Referral,37,9,False,False
S0008029,U001831,2024-10-10,Mobile,iOS,Safari,Instagram,46,4,False,False
S0008030,U001128,2024-05-01,Tablet,Windows,Edge,Facebook,58,8,False,False
S0008031,U001743,2025-08-18,Desktop,macOS,Chrome,Direct,38,2,False,False
S0008032,U000692,2025-02-18,Tablet,Windows,Safari,YouTube,24,10,False,False
S0008033,U001006,2024-04-24,Desktop,Windows,Chrome,Paid Search,20,1,True,True
S0008034,U000178,2024-01-22,Mobile,macOS,Edge,Email,46,4,False,True
S0008035,U000676,2024-08-19,Desktop,macOS,Chrome,Facebook,11,11,False,True
S0008036,U000765,2025-01-03,Mobile,Android,Chrome,Direct,28,12,False,False
S0008037,U000457,2024-10-17,Mobile,Android,Edge,Paid Search,33,7,False,False
S0008038,U000770,2025-08-15,Mobile,iOS,Edge,Facebook,18,8,False,False
S0008039,U000236,2025-05-23,Desktop,Android,Edge,Direct,56,4,False,False
S0008040,U001574,2025-01-26,Desktop,Windows,Firefox,Organic Search,59,3,False,False
S0008041,U000172,2024-09-01,Tablet,Windows,Firefox,Referral,29,6,False,False
S0008042,U001838,2025-08-07,Tablet,iOS,Chrome,Direct,53,10,False,False
S0008043,U001314,2024-12-14,Tablet,macOS,Safari,Organic Search,50,7,False,False
S0008044,U001413,2024-04-08,Mobile,macOS,Safari,YouTube,24,12,False,False
S0008045,U001973,2025-03-09,Desktop,macOS,Chrome,Paid Search,30,10,False,True
S0008046,U000765,2024-11-03,Desktop,Android,Edge,Direct,46,5,False,False
S0008047,U000674,2025-09-27,Desktop,Windows,Chrome,Instagram,6,5,False,False
S0008048,U000211,2024-05-30,Desktop,Android,Edge,Organic Search,9,7,False,False
S0008049,U000708,2024-04-17,Mobile,iOS,Firefox,Facebook,26,8,False,False
S0008050,U000611,2025-03-11,Desktop,Android,Firefox,Facebook,31,12,False,False
S0008051,U000672,2025-10-11,Desktop,Windows,Firefox,Instagram,11,8,False,False
S0008052,U000569,2025-10-13,Desktop,macOS,Chrome,Organic Search,5,7,False,False
S0008053,U000110,2025-02-20,Desktop,iOS,Safari,Facebook,5,9,False,False
S0008054,U000894,2025-11-16,Mobile,iOS,Safari,Referral,41,9,False,False
S0008055,U001790,2025-08-15,Desktop,macOS,Firefox,Organic Search,48,7,False,False
S0008056,U000713,2025-07-25,Desktop,Android,Edge,Direct,21,9,False,False
S0008057,U001861,2025-04-08,Desktop,Windows,Chrome,Referral,23,4,False,False
S0008058,U001078,2024-02-16,Mobile,Windows,Chrome,Direct,50,4,False,False
S0008059,U000018,2024-11-06,Tablet,Android,Safari,Paid Search,4,7,False,False
S0008060,U001245,2024-04-02,Tablet,macOS,Chrome,Email,9,5,False,False
S0008061,U001812,2025-07-07,Tablet,macOS,Edge,Facebook,49,8,False,False
S0008062,U001397,2024-01-10,Mobile,Android,Firefox,Email,41,1,True,False
S0008063,U001921,2024-03-27,Desktop,Windows,Firefox,Paid Search,10,5,False,True
S0008064,U001518,2025-03-21,Mobile,Windows,Chrome,Email,7,4,False,False
S0008065,U000932,2024-05-14,Tablet,Android,Firefox,Paid Search,31,10,False,False
S0008066,U001850,2025-02-17,Mobile,macOS,Firefox,Facebook,58,8,False,False
S0008067,U000426,2025-03-04,Mobile,Windows,Chrome,Direct,36,9,False,False
S0008068,U001041,2024-03-30,Mobile,Android,Firefox,Organic Search,5,11,False,False
S0008069,U000781,2025-08-05,Mobile,macOS,Safari,Email,29,9,False,True
S0008070,U000217,2024-12-29,Mobile,iOS,Safari,Instagram,12,8,False,False
S0008071,U001063,2024-03-12,Desktop,iOS,Safari,Referral,24,11,False,False
S0008072,U001064,2024-01-12,Tablet,macOS,Edge,Direct,41,12,False,False
S0008073,U000904,2025-06-20,Desktop,macOS,Firefox,Direct,58,4,False,False
S0008074,U000776,2025-12-26,Desktop,Android,Edge,Facebook,37,8,False,False
S0008075,U000670,2024-03-29,Tablet,macOS,Firefox,Email,20,2,False,False
S0008076,U000304,2024-08-14,Tablet,macOS,Safari,Referral,59,12,False,False
S0008077,U000226,2024-01-04,Mobile,Windows,Chrome,Direct,24,4,False,False
S0008078,U001484,2024-09-23,Desktop,Windows,Chrome,Referral,59,8,False,False
S0008079,U001666,2025-03-20,Mobile,iOS,Safari,Instagram,52,12,False,False
S0008080,U001769,2024-04-30,Tablet,Windows,Safari,Referral,27,8,False,False
S0008081,U000204,2025-05-11,Desktop,macOS,Firefox,Instagram,3,3,False,False
S0008082,U001182,2024-01-19,Mobile,iOS,Edge,Email,55,6,False,False
S0008083,U001450,2025-03-16,Tablet,Android,Chrome,Facebook,52,5,False,False
S0008084,U001742,2024-06-06,Desktop,iOS,Edge,Paid Search,22,11,False,False
S0008085,U001182,2025-12-22,Desktop,Android,Safari,Referral,29,1,True,False
S0008086,U001822,2024-07-28,Tablet,macOS,Safari,Referral,55,7,False,False
S0008087,U001121,2025-04-14,Mobile,macOS,Edge,Organic Search,37,10,False,False
S0008088,U001416,2024-06-07,Mobile,Windows,Chrome,Instagram,35,3,False,False
S0008089,U000770,2025-11-29,Tablet,macOS,Chrome,Facebook,18,4,False,True
S0008090,U001907,2025-07-20,Mobile,Android,Edge,Facebook,4,5,False,False
S0008091,U000013,2025-03-04,Desktop,macOS,Safari,Organic Search,4,11,False,False
S0008092,U001238,2025-12-25,Desktop,iOS,Safari,Direct,50,7,False,False
S0008093,U000748,2024-04-30,Tablet,macOS,Safari,Email,30,9,False,False
S0008094,U001679,2025-11-29,Mobile,Windows,Edge,Referral,34,1,True,True
S0008095,U001229,2025-08-16,Tablet,Windows,Safari,Referral,24,9,False,False
S0008096,U000908,2024-05-02,Desktop,Android,Chrome,Email,25,8,False,False
S0008097,U000856,2025-10-19,Mobile,macOS,Firefox,Instagram,44,11,False,False
S0008098,U000441,2024-06-28,Desktop,Android,Safari,Paid Search,10,10,False,False
S0008099,U001085,2025-03-23,Mobile,iOS,Firefox,Facebook,56,12,False,False
S0008100,U001215,2024-04-06,Desktop,Windows,Safari,Direct,15,5,False,True
S0008101,U000351,2025-01-21,Mobile,Windows,Safari,YouTube,21,6,False,False
S0008102,U001778,2025-07-18,Tablet,Android,Safari,Email,39,8,False,False
S0008103,U000419,2024-09-30,Mobile,Windows,Edge,Instagram,28,1,True,False
S0008104,U000469,2025-01-09,Mobile,iOS,Edge,Instagram,14,6,False,False
S0008105,U000178,2024-11-08,Tablet,macOS,Edge,Paid Search,33,1,True,True
S0008106,U001338,2024-12-20,Mobile,macOS,Edge,Email,34,1,True,False
S0008107,U001940,2024-04-17,Desktop,iOS,Edge,Referral,47,2,False,False
S0008108,U001738,2024-06-24,Mobile,Android,Chrome,Organic Search,14,6,False,True
S0008109,U000114,2024-12-14,Desktop,macOS,Edge,Organic Search,26,2,False,False
S0008110,U000180,2024-07-03,Desktop,iOS,Chrome,Direct,8,10,False,False
S0008111,U000658,2025-06-24,Mobile,Android,Firefox,Referral,16,5,False,False
S0008112,U000901,2024-01-15,Desktop,Windows,Firefox,Paid Search,6,6,False,False
S0008113,U000315,2024-12-18,Tablet,iOS,Firefox,Instagram,22,11,False,False
S0008114,U000331,2024-09-14,Mobile,Windows,Safari,Organic Search,40,9,False,False
S0008115,U001188,2024-06-30,Tablet,macOS,Safari,Paid Search,9,2,False,False
S0008116,U000543,2025-09-17,Tablet,Android,Firefox,Referral,41,11,False,False
S0008117,U001706,2024-08-11,Desktop,Windows,Edge,Organic Search,50,6,False,False
S0008118,U000311,2025-12-30,Tablet,Android,Safari,Facebook,18,3,False,False
S0008119,U000952,2024-08-25,Mobile,macOS,Firefox,Facebook,25,2,False,False
S0008120,U000299,2025-04-12,Mobile,Windows,Chrome,Organic Search,15,4,False,False
S0008121,U000489,2025-12-26,Tablet,Windows,Edge,Organic Search,38,1,True,False
S0008122,U000157,2025-07-21,Desktop,Windows,Safari,Email,17,2,False,True
S0008123,U000851,2025-12-16,Desktop,macOS,Edge,Organic Search,14,2,False,False
S0008124,U001825,2024-07-13,Desktop,iOS,Safari,Paid Search,4,12,False,False
S0008125,U001520,2025-11-22,Mobile,iOS,Firefox,Email,56,10,False,False
S0008126,U001192,2024-06-06,Desktop,macOS,Firefox,YouTube,58,1,True,False
S0008127,U000870,2025-04-05,Tablet,iOS,Firefox,Direct,16,2,False,False
S0008128,U001667,2025-09-29,Tablet,macOS,Edge,Paid Search,53,11,False,False
S0008129,U001454,2025-07-29,Desktop,Windows,Safari,Instagram,39,1,True,False
S0008130,U001853,2025-09-29,Desktop,Windows,Edge,YouTube,18,4,False,False
S0008131,U001331,2024-06-10,Tablet,macOS,Edge,Email,15,3,False,False
S0008132,U001827,2025-01-21,Tablet,macOS,Edge,Facebook,31,11,False,False
S0008133,U000599,2024-11-14,Mobile,macOS,Edge,Instagram,21,10,False,False
S0008134,U001159,2025-08-20,Tablet,Android,Firefox,Direct,55,11,False,False
S0008135,U000143,2025-01-30,Desktop,macOS,Firefox,Organic Search,45,11,False,False
S0008136,U000445,2025-02-28,Mobile,macOS,Firefox,Facebook,32,7,False,False
S0008137,U001782,2025-08-08,Tablet,Android,Firefox,Facebook,23,12,False,False
S0008138,U000021,2025-12-07,Mobile,macOS,Safari,Facebook,19,10,False,False
S0008139,U001188,2024-07-24,Mobile,Android,Safari,Email,11,5,False,False
S0008140,U001557,2024-02-04,Tablet,macOS,Safari,Paid Search,36,5,False,False
S0008141,U001481,2024-10-10,Desktop,iOS,Edge,Referral,1,1,True,False
S0008142,U001593,2025-12-26,Tablet,Windows,Safari,Paid Search,60,1,True,False
S0008143,U000341,2025-10-04,Desktop,Android,Firefox,Organic Search,14,2,False,False
S0008144,U001345,2025-10-19,Mobile,macOS,Firefox,YouTube,10,1,True,False
S0008145,U001661,2024-09-26,Mobile,Android,Safari,Instagram,60,1,True,False
S0008146,U000944,2025-10-31,Tablet,Windows,Firefox,Organic Search,32,9,False,False
S0008147,U000152,2024-02-23,Tablet,Windows,Safari,YouTube,17,4,False,False
S0008148,U001030,2025-03-27,Desktop,iOS,Safari,Facebook,31,6,False,False
S0008149,U001076,2025-09-01,Mobile,macOS,Safari,Direct,41,12,False,False
S0008150,U001734,2025-07-12,Mobile,Android,Edge,Referral,4,8,False,False
S0008151,U000559,2025-04-01,Mobile,iOS,Edge,Referral,48,4,False,False
S0008152,U000639,2025-07-27,Desktop,Android,Chrome,Facebook,30,5,False,False
S0008153,U000854,2024-08-05,Mobile,Windows,Firefox,Email,57,12,False,False
S0008154,U001070,2024-07-21,Tablet,macOS,Chrome,Organic Search,32,9,False,False
S0008155,U001970,2024-06-24,Mobile,macOS,Chrome,Instagram,24,5,False,False
S0008156,U000339,2024-06-17,Tablet,iOS,Edge,Instagram,23,1,True,False
S0008157,U001416,2024-11-06,Tablet,Windows,Chrome,Facebook,42,11,False,True
S0008158,U001400,2024-05-04,Tablet,Android,Firefox,Organic Search,40,12,False,False
S0008159,U000627,2024-10-14,Desktop,Android,Safari,Organic Search,54,3,False,False
S0008160,U000917,2025-02-26,Desktop,Android,Chrome,Referral,57,6,False,False
S0008161,U001065,2025-10-28,Tablet,Windows,Chrome,Paid Search,48,8,False,False
S0008162,U001509,2025-11-29,Desktop,iOS,Chrome,Organic Search,16,1,True,False
S0008163,U000216,2024-04-13,Tablet,macOS,Edge,Paid Search,1,4,False,True
S0008164,U001428,2024-08-08,Mobile,Android,Edge,Paid Search,60,12,False,False
S0008165,U000002,2025-10-22,Mobile,iOS,Edge,Direct,26,6,False,True
S0008166,U000987,2024-06-07,Mobile,Android,Firefox,Organic Search,39,5,False,False
S0008167,U001334,2024-01-11,Mobile,iOS,Firefox,Direct,28,5,False,False
S0008168,U001371,2025-01-08,Tablet,iOS,Chrome,Referral,20,8,False,False
S0008169,U001187,2025-07-31,Mobile,Android,Firefox,Email,13,6,False,False
S0008170,U001437,2025-03-18,Mobile,iOS,Chrome,Direct,16,3,False,False
S0008171,U000602,2024-05-27,Tablet,macOS,Safari,Organic Search,7,12,False,False
S0008172,U000606,2024-07-24,Desktop,macOS,Firefox,Organic Search,34,8,False,False
S0008173,U000261,2025-03-02,Desktop,Windows,Firefox,Email,55,10,False,True
S0008174,U001043,2025-04-16,Mobile,Windows,Chrome,Direct,21,7,False,False
S0008175,U001091,2025-03-14,Mobile,Windows,Chrome,Instagram,16,3,False,False
S0008176,U000119,2024-01-01,Desktop,macOS,Chrome,Paid Search,1,9,False,False
S0008177,U000769,2024-02-26,Desktop,iOS,Firefox,Referral,20,2,False,False
S0008178,U000514,2024-12-13,Mobile,iOS,Firefox,Referral,33,9,False,False
S0008179,U001641,2025-02-21,Desktop,macOS,Firefox,Referral,19,8,False,False
S0008180,U001240,2024-07-01,Desktop,Android,Firefox,Facebook,25,8,False,False
S0008181,U001846,2024-04-15,Desktop,Android,Edge,Paid Search,32,8,False,False
S0008182,U000943,2025-10-29,Desktop,macOS,Firefox,Email,50,2,False,False
S0008183,U000713,2025-10-24,Desktop,Android,Safari,Organic Search,4,11,False,False
S0008184,U000173,2024-04-18,Tablet,macOS,Chrome,Email,54,8,False,False
S0008185,U000695,2024-11-09,Mobile,macOS,Edge,YouTube,5,5,False,False
S0008186,U001571,2025-11-24,Tablet,Android,Safari,Email,6,10,False,False
S0008187,U001827,2025-04-07,Mobile,iOS,Safari,Instagram,3,8,False,False
S0008188,U000713,2025-05-04,Tablet,macOS,Firefox,Paid Search,30,12,False,True
S0008189,U000789,2025-07-05,Desktop,Windows,Chrome,Paid Search,17,2,False,False
S0008190,U000565,2025-05-27,Tablet,Android,Chrome,Instagram,44,6,False,False
S0008191,U001925,2025-04-19,Tablet,macOS,Firefox,Paid Search,31,12,False,True
S0008192,U000393,2024-05-20,Desktop,iOS,Firefox,Facebook,26,5,False,False
S0008193,U001426,2024-12-19,Desktop,Android,Chrome,Organic Search,60,4,False,False
S0008194,U000171,2024-12-31,Tablet,macOS,Firefox,Instagram,33,10,False,False
S0008195,U000821,2024-10-01,Mobile,Windows,Firefox,Paid Search,48,12,False,False
S0008196,U000856,2024-05-03,Tablet,iOS,Chrome,Organic Search,15,10,False,False
S0008197,U000625,2024-08-21,Tablet,macOS,Safari,Email,18,8,False,False
S0008198,U000346,2024-08-13,Tablet,macOS,Edge,YouTube,1,9,False,False
S0008199,U001652,2024-08-28,Mobile,iOS,Chrome,Instagram,12,4,False,False
S0008200,U001327,2025-04-27,Tablet,Windows,Chrome,Referral,6,4,False,False
S0008201,U000884,2024-01-16,Desktop,Windows,Edge,YouTube,18,10,False,False
S0008202,U000559,2024-03-03,Tablet,iOS,Chrome,Instagram,17,2,False,False
S0008203,U001738,2025-01-20,Tablet,macOS,Firefox,Referral,2,9,False,False
S0008204,U000799,2024-10-24,Tablet,macOS,Safari,Instagram,45,8,False,False
S0008205,U000002,2024-09-09,Tablet,iOS,Edge,Instagram,7,8,False,False
S0008206,U000411,2024-05-09,Desktop,macOS,Chrome,Facebook,10,11,False,False
S0008207,U001514,2025-12-25,Mobile,macOS,Edge,Referral,49,7,False,False
S0008208,U001486,2024-11-26,Mobile,iOS,Safari,Referral,30,11,False,False
S0008209,U001829,2024-09-04,Mobile,macOS,Chrome,Paid Search,12,10,False,False
S0008210,U000734,2024-10-14,Mobile,Android,Safari,Email,40,3,False,True
S0008211,U000234,2025-01-23,Tablet,Android,Edge,Instagram,53,6,False,False
S0008212,U001526,2025-05-03,Tablet,macOS,Chrome,Direct,33,8,False,False
S0008213,U001682,2025-05-15,Tablet,iOS,Firefox,YouTube,9,2,False,False
S0008214,U001416,2024-01-05,Desktop,Windows,Safari,YouTube,55,5,False,False
S0008215,U000996,2024-09-02,Desktop,iOS,Edge,Organic Search,40,11,False,False
S0008216,U001004,2024-09-29,Tablet,Windows,Firefox,Instagram,31,5,False,True
S0008217,U001751,2024-08-13,Mobile,macOS,Firefox,Email,17,12,False,False
S0008218,U001281,2024-01-09,Mobile,macOS,Chrome,Paid Search,48,5,False,False
S0008219,U001707,2025-04-06,Tablet,Android,Safari,Organic Search,58,11,False,False
S0008220,U001528,2025-11-07,Tablet,Android,Chrome,YouTube,59,9,False,False
S0008221,U001086,2025-11-17,Tablet,Android,Firefox,Paid Search,28,12,False,False
S0008222,U001325,2025-11-14,Desktop,Android,Safari,Organic Search,59,7,False,False
S0008223,U001071,2025-08-08,Desktop,Android,Chrome,Referral,21,7,False,True
S0008224,U000122,2025-09-03,Desktop,Android,Edge,Email,44,6,False,False
S0008225,U000713,2024-01-12,Mobile,Windows,Edge,Facebook,50,9,False,False
S0008226,U001843,2025-06-04,Desktop,macOS,Safari,Email,55,7,False,False
S0008227,U001628,2024-07-18,Tablet,Windows,Chrome,Facebook,53,8,False,False
S0008228,U000448,2025-05-17,Desktop,iOS,Chrome,Instagram,46,11,False,False
S0008229,U001711,2024-11-29,Tablet,Windows,Edge,Direct,45,10,False,False
S0008230,U001731,2024-11-29,Desktop,iOS,Firefox,Email,11,11,False,True
S0008231,U000417,2024-08-16,Tablet,Windows,Edge,Direct,60,11,False,False
S0008232,U000877,2025-11-29,Desktop,iOS,Edge,Organic Search,22,4,False,False
S0008233,U000681,2025-03-13,Tablet,iOS,Edge,Referral,23,2,False,False
S0008234,U000503,2025-11-21,Mobile,iOS,Chrome,Facebook,31,9,False,False
S0008235,U001935,2025-02-26,Desktop,iOS,Chrome,Facebook,55,12,False,False
S0008236,U001454,2024-05-23,Tablet,Android,Edge,Direct,56,7,False,False
S0008237,U001962,2025-05-21,Tablet,Windows,Safari,YouTube,15,3,False,False
S0008238,U001611,2024-05-07,Mobile,macOS,Chrome,Referral,13,12,False,True
S0008239,U000585,2024-11-05,Desktop,macOS,Edge,Organic Search,29,7,False,False
S0008240,U001406,2024-12-16,Tablet,macOS,Chrome,Facebook,57,4,False,False
S0008241,U000926,2025-10-12,Tablet,iOS,Firefox,Organic Search,18,7,False,False
S0008242,U001936,2025-05-01,Desktop,macOS,Edge,YouTube,4,5,False,False
S0008243,U000818,2025-12-24,Tablet,macOS,Safari,Paid Search,9,6,False,False
S0008244,U000350,2024-02-25,Mobile,macOS,Chrome,Direct,41,7,False,False
S0008245,U001518,2025-05-03,Desktop,Windows,Safari,YouTube,35,2,False,True
S0008246,U000648,2024-04-08,Mobile,iOS,Safari,Instagram,43,9,False,False
S0008247,U000153,2025-04-23,Mobile,Android,Edge,YouTube,33,9,False,False
S0008248,U000727,2025-12-31,Mobile,iOS,Chrome,Paid Search,15,5,False,False
S0008249,U001047,2025-12-19,Mobile,macOS,Safari,YouTube,43,4,False,False
S0008250,U000896,2025-05-29,Tablet,Android,Firefox,Referral,12,7,False,True
S0008251,U000503,2025-10-14,Mobile,macOS,Chrome,Referral,52,9,False,False
S0008252,U000229,2024-11-07,Mobile,macOS,Firefox,Organic Search,4,2,False,False
S0008253,U000710,2024-09-30,Desktop,macOS,Firefox,Instagram,19,7,False,False
S0008254,U000055,2025-03-09,Desktop,macOS,Safari,Facebook,21,3,False,False
S0008255,U000670,2024-10-20,Desktop,macOS,Chrome,Paid Search,45,2,False,False
S0008256,U000090,2025-06-15,Desktop,iOS,Firefox,Paid Search,40,1,True,False
S0008257,U001444,2025-10-28,Mobile,Windows,Chrome,Facebook,30,5,False,False
S0008258,U001332,2025-04-23,Tablet,iOS,Safari,Email,46,1,True,False
S0008259,U001920,2024-06-07,Desktop,iOS,Edge,Direct,44,11,False,False
S0008260,U000652,2024-12-10,Desktop,iOS,Chrome,Instagram,42,3,False,False
S0008261,U000354,2024-09-24,Desktop,Windows,Safari,Instagram,6,11,False,False
S0008262,U001010,2024-05-23,Mobile,Android,Safari,Facebook,37,7,False,False
S0008263,U000911,2025-01-30,Desktop,Android,Chrome,Referral,13,12,False,False
S0008264,U000626,2024-07-17,Tablet,Android,Edge,Referral,25,5,False,True
S0008265,U001789,2024-12-26,Tablet,iOS,Chrome,Facebook,45,3,False,False
S0008266,U000458,2025-08-10,Desktop,iOS,Firefox,Referral,47,12,False,False
S0008267,U001505,2025-04-24,Tablet,macOS,Firefox,Instagram,34,2,False,False
S0008268,U001892,2025-04-01,Mobile,Windows,Safari,YouTube,10,1,True,False
S0008269,U000605,2024-10-12,Mobile,Windows,Safari,Organic Search,28,10,False,False
S0008270,U000533,2024-06-12,Tablet,iOS,Safari,Instagram,1,11,False,True
S0008271,U001312,2025-01-09,Mobile,Windows,Chrome,YouTube,29,9,False,False
S0008272,U000769,2025-10-17,Mobile,macOS,Edge,YouTube,16,7,False,True
S0008273,U001776,2024-04-10,Mobile,iOS,Firefox,Organic Search,36,11,False,False
S0008274,U000398,2025-09-11,Tablet,macOS,Firefox,Referral,47,10,False,False
S0008275,U000634,2025-02-14,Tablet,iOS,Chrome,YouTube,57,1,True,False
S0008276,U001757,2025-08-22,Desktop,Android,Chrome,Facebook,33,9,False,False
S0008277,U000751,2025-08-04,Tablet,Windows,Firefox,Paid Search,14,11,False,False
S0008278,U000222,2024-12-28,Tablet,Android,Safari,Instagram,19,2,False,False
S0008279,U000042,2024-01-01,Desktop,iOS,Safari,Organic Search,10,12,False,False
S0008280,U000319,2024-01-04,Mobile,iOS,Firefox,Organic Search,29,9,False,False
S0008281,U001557,2024-10-20,Desktop,Android,Firefox,Organic Search,41,12,False,False
S0008282,U000006,2024-04-02,Desktop,iOS,Safari,Instagram,21,8,False,False
S0008283,U001883,2025-04-10,Desktop,macOS,Edge,Facebook,47,4,False,False
S0008284,U000680,2025-09-03,Mobile,Android,Firefox,Organic Search,13,2,False,False
S0008285,U001676,2025-08-01,Tablet,Android,Firefox,Paid Search,42,3,False,False
S0008286,U000909,2025-10-05,Mobile,Windows,Safari,Referral,50,7,False,False
S0008287,U001282,2024-04-01,Tablet,macOS,Safari,YouTube,47,11,False,False
S0008288,U001769,2025-11-18,Mobile,Windows,Chrome,Direct,50,5,False,True
S0008289,U001006,2025-09-05,Desktop,Android,Chrome,Referral,33,4,False,False
S0008290,U001894,2024-10-25,Mobile,Android,Safari,Organic Search,41,4,False,False
S0008291,U001235,2025-10-05,Mobile,iOS,Edge,Referral,48,9,False,False
S0008292,U000477,2025-10-06,Tablet,iOS,Chrome,YouTube,32,10,False,False
S0008293,U001150,2025-11-24,Desktop,iOS,Firefox,Organic Search,23,3,False,False
S0008294,U000540,2025-01-26,Tablet,macOS,Safari,YouTube,25,5,False,False
S0008295,U001763,2025-08-10,Tablet,Windows,Edge,Direct,35,10,False,False
S0008296,U000122,2025-03-16,Tablet,iOS,Chrome,Instagram,47,4,False,False
S0008297,U000799,2025-07-16,Mobile,iOS,Safari,Email,56,1,True,True
S0008298,U001606,2025-01-07,Tablet,Android,Edge,Organic Search,44,6,False,False
S0008299,U001635,2025-10-13,Tablet,Android,Safari,Instagram,57,10,False,False
S0008300,U000580,2024-10-10,Mobile,macOS,Safari,Direct,38,6,False,False
S0008301,U000741,2025-06-26,Mobile,macOS,Safari,Paid Search,27,12,False,False
S0008302,U001998,2025-03-09,Tablet,Android,Safari,Organic Search,21,8,False,False
S0008303,U000239,2024-08-10,Desktop,Android,Chrome,Referral,13,9,False,False
S0008304,U000353,2025-05-18,Tablet,Android,Chrome,Facebook,33,9,False,False
S0008305,U001969,2025-02-01,Tablet,iOS,Safari,YouTube,20,9,False,False
S0008306,U001189,2025-06-27,Mobile,iOS,Safari,Direct,39,11,False,False
S0008307,U000703,2024-08-28,Desktop,Windows,Edge,Instagram,25,1,True,False
S0008308,U001329,2024-10-02,Mobile,Windows,Edge,Organic Search,44,3,False,False
S0008309,U001737,2025-10-28,Mobile,Android,Firefox,Email,37,9,False,False
S0008310,U001914,2025-01-17,Desktop,iOS,Safari,Paid Search,59,6,False,False
S0008311,U001770,2024-07-09,Desktop,macOS,Safari,Direct,10,5,False,False
S0008312,U000802,2025-11-16,Desktop,iOS,Chrome,Instagram,28,9,False,False
S0008313,U001825,2024-09-09,Mobile,Windows,Firefox,Facebook,45,3,False,False
S0008314,U001353,2025-04-28,Mobile,iOS,Safari,Facebook,16,11,False,False
S0008315,U000630,2025-03-22,Mobile,Android,Firefox,Organic Search,49,6,False,False
S0008316,U000411,2024-10-31,Mobile,Windows,Firefox,Facebook,23,4,False,False
S0008317,U000250,2024-10-16,Mobile,macOS,Edge,Instagram,16,8,False,False
S0008318,U001891,2024-08-15,Desktop,Android,Firefox,Direct,51,11,False,False
S0008319,U000396,2024-03-06,Desktop,iOS,Safari,YouTube,6,5,False,False
S0008320,U000383,2025-10-22,Mobile,iOS,Firefox,Organic Search,32,7,False,True
S0008321,U000013,2024-10-23,Desktop,Android,Edge,Organic Search,55,2,False,False
S0008322,U000600,2025-05-30,Tablet,Windows,Edge,Referral,21,12,False,False
S0008323,U000051,2024-03-13,Tablet,macOS,Firefox,Facebook,11,2,False,False
S0008324,U000678,2024-05-17,Tablet,Windows,Firefox,YouTube,5,12,False,False
S0008325,U001815,2024-10-13,Tablet,macOS,Chrome,Referral,36,12,False,False
S0008326,U001538,2024-11-15,Mobile,macOS,Safari,Instagram,17,9,False,False
S0008327,U000963,2025-04-27,Tablet,Android,Edge,Facebook,22,5,False,False
S0008328,U001561,2024-12-10,Tablet,Windows,Chrome,Referral,32,12,False,False
S0008329,U001163,2025-09-14,Tablet,iOS,Edge,Instagram,11,8,False,False
S0008330,U000411,2024-08-20,Desktop,Android,Firefox,YouTube,33,10,False,False
S0008331,U001192,2025-07-11,Desktop,Windows,Chrome,Paid Search,12,4,False,False
S0008332,U001635,2025-10-28,Mobile,iOS,Chrome,Paid Search,54,3,False,False
S0008333,U001103,2024-09-08,Desktop,macOS,Safari,Direct,26,8,False,False
S0008334,U000310,2024-09-10,Mobile,Android,Chrome,Instagram,55,11,False,False
S0008335,U000736,2025-05-01,Tablet,Android,Firefox,Referral,18,5,False,False
S0008336,U001856,2024-06-01,Mobile,macOS,Firefox,Organic Search,22,9,False,False
S0008337,U000791,2024-07-17,Tablet,Windows,Safari,Direct,9,11,False,False
S0008338,U000842,2025-02-21,Mobile,Android,Safari,Instagram,48,12,False,True
S0008339,U000168,2024-02-12,Desktop,iOS,Edge,Email,7,6,False,False
S0008340,U000436,2024-06-14,Tablet,Windows,Firefox,Direct,4,5,False,False
S0008341,U001389,2024-12-30,Mobile,macOS,Chrome,Organic Search,20,7,False,False
S0008342,U001908,2024-09-30,Desktop,iOS,Chrome,Direct,38,10,False,False
S0008343,U001008,2024-10-31,Desktop,Windows,Chrome,Paid Search,17,10,False,False
S0008344,U000145,2024-05-29,Tablet,macOS,Firefox,Direct,7,3,False,False
S0008345,U000479,2025-01-19,Mobile,Windows,Safari,Direct,28,10,False,False
S0008346,U000623,2024-03-12,Desktop,Windows,Edge,Organic Search,14,5,False,False
S0008347,U000437,2024-11-15,Mobile,macOS,Chrome,Referral,37,1,True,False
S0008348,U000229,2024-12-07,Desktop,Android,Chrome,Email,6,9,False,True
S0008349,U000894,2025-11-24,Mobile,Windows,Chrome,Email,46,5,False,False
S0008350,U001153,2024-09-06,Tablet,macOS,Chrome,Referral,46,3,False,False
S0008351,U001415,2024-01-11,Desktop,Windows,Safari,Referral,55,2,False,False
S0008352,U001833,2024-09-10,Tablet,Windows,Firefox,Email,8,5,False,False
S0008353,U000985,2025-07-19,Mobile,macOS,Edge,Instagram,12,1,True,False
S0008354,U000417,2025-01-14,Mobile,Windows,Safari,Direct,57,6,False,False
S0008355,U000780,2024-01-05,Tablet,Windows,Safari,Facebook,57,2,False,False
S0008356,U001677,2025-10-12,Desktop,Android,Safari,Instagram,3,5,False,False
S0008357,U000049,2025-04-12,Tablet,Android,Chrome,Email,51,12,False,True
S0008358,U001971,2024-07-20,Mobile,Windows,Chrome,YouTube,7,2,False,False
S0008359,U000970,2024-05-13,Tablet,Windows,Firefox,YouTube,25,7,False,False
S0008360,U000136,2024-02-22,Desktop,iOS,Edge,Paid Search,57,3,False,False
S0008361,U000558,2024-09-04,Desktop,Android,Firefox,YouTube,44,1,True,False
S0008362,U001622,2024-01-29,Mobile,macOS,Safari,Direct,21,9,False,False
S0008363,U000049,2025-09-24,Desktop,Windows,Firefox,Email,32,6,False,False
S0008364,U001599,2025-11-27,Tablet,iOS,Firefox,Direct,1,3,False,False
S0008365,U000511,2024-03-25,Desktop,macOS,Edge,Paid Search,32,5,False,False
S0008366,U001797,2025-02-03,Desktop,iOS,Firefox,Referral,27,12,False,False
S0008367,U001020,2025-03-25,Tablet,macOS,Chrome,Referral,54,7,False,True
S0008368,U000704,2024-10-24,Mobile,Android,Safari,Facebook,25,4,False,False
S0008369,U000833,2024-09-24,Tablet,iOS,Firefox,Organic Search,3,9,False,False
S0008370,U001803,2024-03-30,Desktop,macOS,Edge,Paid Search,26,5,False,False
S0008371,U000157,2025-04-30,Mobile,macOS,Edge,Email,35,9,False,False
S0008372,U000453,2024-04-15,Desktop,Windows,Firefox,YouTube,57,6,False,False
S0008373,U001499,2025-04-17,Tablet,Windows,Firefox,Instagram,58,1,True,False
S0008374,U000605,2024-09-02,Desktop,Windows,Edge,Direct,33,2,False,False
S0008375,U001760,2025-04-07,Desktop,Android,Chrome,Paid Search,24,2,False,False
S0008376,U000354,2025-06-07,Desktop,Windows,Edge,Paid Search,24,9,False,False
S0008377,U001560,2024-04-21,Tablet,Windows,Chrome,Referral,48,1,True,False
S0008378,U000384,2025-07-09,Mobile,Android,Safari,Direct,39,11,False,False
S0008379,U001201,2025-09-17,Mobile,iOS,Chrome,Email,21,9,False,False
S0008380,U000289,2025-07-17,Mobile,Android,Safari,Organic Search,54,4,False,False
S0008381,U000903,2024-10-16,Mobile,macOS,Edge,Email,36,12,False,True
S0008382,U000539,2024-02-02,Tablet,iOS,Safari,YouTube,35,9,False,False
S0008383,U001969,2024-04-28,Desktop,Android,Chrome,Direct,24,5,False,False
S0008384,U000889,2024-02-06,Desktop,iOS,Chrome,Organic Search,45,11,False,False
S0008385,U001087,2024-03-16,Tablet,Windows,Safari,Instagram,1,11,False,False
S0008386,U000997,2025-02-02,Mobile,macOS,Firefox,Paid Search,36,11,False,False
S0008387,U001654,2024-06-03,Tablet,Android,Edge,Paid Search,6,7,False,False
S0008388,U000073,2025-05-12,Tablet,Android,Chrome,YouTube,37,8,False,False
S0008389,U000449,2024-10-31,Desktop,macOS,Safari,Organic Search,33,10,False,False
S0008390,U000637,2024-04-21,Tablet,Windows,Firefox,Direct,20,3,False,False
S0008391,U001309,2024-03-10,Desktop,iOS,Safari,Facebook,38,1,True,False
S0008392,U001916,2025-10-29,Desktop,Windows,Firefox,Instagram,45,6,False,False
S0008393,U001803,2025-12-15,Desktop,iOS,Chrome,Instagram,7,9,False,False
S0008394,U001182,2024-07-02,Desktop,Android,Firefox,Instagram,56,9,False,False
S0008395,U000858,2024-08-11,Tablet,Windows,Edge,Facebook,38,3,False,True
S0008396,U001137,2024-03-05,Mobile,iOS,Safari,Email,57,9,False,False
S0008397,U001683,2024-02-26,Mobile,Windows,Edge,Referral,13,9,False,False
S0008398,U001670,2024-08-28,Tablet,iOS,Chrome,Paid Search,44,4,False,False
S0008399,U000181,2025-07-04,Mobile,macOS,Firefox,Instagram,29,4,False,False
S0008400,U001418,2025-10-31,Tablet,macOS,Edge,Instagram,34,8,False,False
S0008401,U001839,2025-11-30,Mobile,Windows,Safari,Facebook,31,5,False,False
S0008402,U001268,2024-05-03,Mobile,Windows,Firefox,Email,29,9,False,False
S0008403,U000146,2025-04-03,Tablet,macOS,Firefox,Email,47,7,False,False
S0008404,U001981,2024-12-01,Tablet,Windows,Chrome,Referral,59,4,False,False
S0008405,U001869,2024-04-07,Mobile,Android,Chrome,Instagram,23,1,True,False
S0008406,U001826,2025-07-09,Tablet,macOS,Chrome,Facebook,48,10,False,False
S0008407,U001904,2025-06-25,Mobile,iOS,Edge,Email,26,3,False,False
S0008408,U001811,2024-03-23,Tablet,Android,Chrome,Paid Search,50,7,False,False
S0008409,U001836,2025-10-18,Tablet,macOS,Chrome,YouTube,43,2,False,False
S0008410,U001512,2025-03-15,Desktop,Windows,Edge,Instagram,18,2,False,False
S0008411,U000917,2024-01-30,Desktop,macOS,Edge,Paid Search,47,12,False,False
S0008412,U001158,2025-04-15,Tablet,Android,Chrome,Email,8,10,False,False
S0008413,U000812,2024-09-01,Mobile,macOS,Firefox,Instagram,54,2,False,False
S0008414,U001159,2024-12-12,Tablet,macOS,Safari,Email,52,4,False,False
S0008415,U000400,2025-12-17,Desktop,macOS,Safari,Direct,34,6,False,False
S0008416,U000995,2025-07-01,Tablet,iOS,Chrome,Email,49,11,False,False
S0008417,U001895,2025-01-26,Tablet,Windows,Firefox,Email,21,6,False,False
S0008418,U000979,2024-04-21,Desktop,iOS,Safari,Facebook,13,3,False,False
S0008419,U001878,2024-09-01,Tablet,macOS,Safari,Referral,49,9,False,False
S0008420,U000726,2025-01-18,Mobile,Windows,Edge,Facebook,58,1,True,False
S0008421,U001038,2024-10-04,Tablet,Windows,Edge,Email,18,6,False,False
S0008422,U000845,2024-01-31,Tablet,Android,Firefox,Organic Search,46,8,False,False
S0008423,U001365,2025-04-18,Mobile,macOS,Safari,Instagram,10,5,False,False
S0008424,U001409,2025-11-22,Tablet,macOS,Safari,Referral,38,3,False,False
S0008425,U001743,2025-12-11,Tablet,Windows,Safari,YouTube,50,11,False,False
S0008426,U001761,2025-01-05,Mobile,iOS,Firefox,Paid Search,36,12,False,False
S0008427,U001668,2024-05-26,Tablet,iOS,Edge,Instagram,1,2,False,False
S0008428,U001653,2024-03-27,Mobile,iOS,Chrome,Referral,41,3,False,False
S0008429,U001969,2024-07-07,Mobile,Windows,Chrome,Referral,40,6,False,False
S0008430,U001265,2024-02-12,Mobile,iOS,Safari,Direct,24,10,False,False
S0008431,U000038,2024-04-15,Desktop,Windows,Safari,Referral,53,1,True,False
S0008432,U001422,2024-09-22,Tablet,Windows,Chrome,Referral,27,7,False,False
S0008433,U001362,2024-01-03,Mobile,Android,Firefox,Instagram,9,1,True,False
S0008434,U000846,2024-02-08,Mobile,Android,Firefox,Referral,52,8,False,False
S0008435,U000994,2025-08-01,Desktop,iOS,Firefox,Organic Search,7,3,False,False
S0008436,U001547,2024-10-09,Tablet,Windows,Firefox,Referral,41,5,False,False
S0008437,U000283,2024-10-10,Tablet,iOS,Edge,Paid Search,53,12,False,False
S0008438,U000684,2025-10-25,Mobile,Windows,Safari,Referral,25,12,False,False
S0008439,U001854,2024-06-21,Tablet,macOS,Safari,Paid Search,60,7,False,False
S0008440,U000709,2024-01-01,Mobile,Windows,Chrome,YouTube,59,8,False,False
S0008441,U000326,2024-08-07,Tablet,iOS,Firefox,Facebook,8,11,False,False
S0008442,U001898,2024-08-31,Tablet,macOS,Chrome,Email,24,2,False,False
S0008443,U000619,2025-11-28,Tablet,macOS,Edge,Email,4,4,False,False
S0008444,U001336,2024-11-04,Desktop,iOS,Edge,Organic Search,53,10,False,True
S0008445,U001322,2025-05-01,Mobile,iOS,Safari,Facebook,8,4,False,False
S0008446,U001494,2025-02-05,Desktop,Android,Firefox,Direct,12,3,False,False
S0008447,U001760,2024-06-22,Mobile,iOS,Chrome,Paid Search,20,12,False,False
S0008448,U001170,2025-08-06,Tablet,Windows,Safari,Facebook,2,5,False,False
S0008449,U000298,2024-07-18,Mobile,Android,Safari,YouTube,18,9,False,False
S0008450,U001131,2025-11-17,Tablet,macOS,Edge,Direct,15,8,False,False
S0008451,U001196,2024-03-10,Tablet,iOS,Edge,Facebook,49,6,False,True
S0008452,U001815,2025-08-10,Desktop,iOS,Edge,Paid Search,47,11,False,False
S0008453,U000093,2025-04-14,Mobile,Windows,Firefox,Organic Search,17,4,False,False
S0008454,U000507,2025-12-22,Tablet,macOS,Firefox,Referral,27,4,False,False
S0008455,U000020,2025-06-12,Tablet,macOS,Firefox,YouTube,21,10,False,False
S0008456,U001394,2024-07-28,Mobile,iOS,Firefox,Facebook,8,5,False,True
S0008457,U001210,2025-09-03,Mobile,iOS,Edge,Direct,2,7,False,False
S0008458,U001158,2024-06-17,Tablet,macOS,Firefox,YouTube,23,9,False,False
S0008459,U001215,2025-06-06,Mobile,Windows,Safari,Email,40,8,False,True
S0008460,U000710,2025-09-23,Tablet,macOS,Edge,Facebook,24,8,False,False
S0008461,U001699,2025-02-05,Desktop,Windows,Edge,Facebook,6,3,False,False
S0008462,U000121,2025-01-19,Mobile,macOS,Chrome,Paid Search,23,8,False,False
S0008463,U000409,2024-02-02,Tablet,Android,Safari,Instagram,4,3,False,False
S0008464,U000810,2025-04-05,Desktop,Android,Edge,Facebook,29,11,False,False
S0008465,U000098,2025-07-15,Tablet,Android,Chrome,Instagram,5,8,False,False
S0008466,U000723,2025-01-26,Desktop,iOS,Safari,Facebook,3,5,False,False
S0008467,U000373,2024-03-26,Desktop,Android,Safari,Paid Search,25,7,False,False
S0008468,U000933,2025-07-23,Desktop,Windows,Chrome,Email,14,2,False,False
S0008469,U001156,2025-02-15,Desktop,Android,Safari,Email,53,12,False,False
S0008470,U000581,2025-08-29,Desktop,iOS,Chrome,Email,60,4,False,False
S0008471,U001061,2025-12-12,Mobile,iOS,Firefox,Facebook,29,6,False,False
S0008472,U000867,2024-10-16,Mobile,macOS,Safari,Instagram,40,10,False,False
S0008473,U001039,2025-06-01,Mobile,iOS,Firefox,Email,3,2,False,False
S0008474,U000160,2024-03-09,Tablet,Windows,Firefox,Email,44,7,False,False
S0008475,U000335,2025-02-07,Mobile,iOS,Safari,Instagram,11,8,False,False
S0008476,U001000,2024-02-17,Mobile,Android,Safari,Organic Search,59,2,False,False
S0008477,U000991,2024-07-01,Desktop,Windows,Edge,Paid Search,18,12,False,False
S0008478,U001722,2025-08-21,Tablet,iOS,Edge,YouTube,54,12,False,False
S0008479,U001060,2025-03-18,Mobile,Android,Firefox,Facebook,25,2,False,False
S0008480,U000417,2025-03-08,Tablet,iOS,Chrome,Direct,23,8,False,False
S0008481,U000769,2024-05-06,Desktop,Windows,Chrome,Paid Search,41,10,False,False
S0008482,U001581,2025-05-19,Tablet,iOS,Chrome,Instagram,8,2,False,False
S0008483,U001757,2025-12-18,Tablet,Android,Chrome,Direct,11,9,False,False
S0008484,U000359,2024-07-04,Mobile,Windows,Safari,Referral,7,1,True,False
S0008485,U000753,2025-10-22,Tablet,macOS,Firefox,Instagram,38,9,False,False
S0008486,U001711,2024-12-10,Tablet,Android,Safari,Direct,27,4,False,False
S0008487,U000418,2025-03-21,Mobile,Android,Chrome,YouTube,48,9,False,False
S0008488,U001853,2024-07-29,Tablet,Windows,Safari,Organic Search,14,4,False,False
S0008489,U000730,2024-09-10,Desktop,Android,Chrome,Referral,10,3,False,False
S0008490,U001449,2025-08-22,Desktop,macOS,Chrome,Organic Search,36,11,False,False
S0008491,U001044,2025-06-06,Tablet,Windows,Edge,Direct,49,6,False,False
S0008492,U000910,2025-01-02,Mobile,Windows,Edge,Email,23,12,False,False
S0008493,U001775,2025-10-27,Tablet,Android,Edge,Facebook,4,9,False,False
S0008494,U000658,2025-05-05,Desktop,Android,Firefox,Organic Search,28,3,False,False
S0008495,U001122,2024-07-10,Mobile,macOS,Firefox,Direct,53,1,True,False
S0008496,U000366,2024-02-23,Tablet,iOS,Safari,Email,24,10,False,True
S0008497,U000821,2024-01-06,Mobile,macOS,Safari,Organic Search,36,4,False,False
S0008498,U000853,2025-11-27,Tablet,Windows,Firefox,YouTube,29,7,False,False
S0008499,U000248,2024-08-22,Desktop,iOS,Chrome,Facebook,2,6,False,False
S0008500,U000881,2025-12-15,Tablet,Windows,Chrome,Organic Search,32,8,False,False
S0008501,U000648,2025-04-19,Desktop,macOS,Safari,Referral,10,8,False,False
S0008502,U001222,2025-09-05,Mobile,macOS,Firefox,Organic Search,35,2,False,False
S0008503,U000645,2025-04-06,Tablet,Android,Safari,YouTube,9,5,False,False
S0008504,U000225,2024-11-13,Tablet,macOS,Safari,Email,22,4,False,False
S0008505,U001195,2024-09-01,Tablet,macOS,Edge,Referral,4,8,False,False
S0008506,U001939,2024-02-12,Tablet,Android,Chrome,Direct,49,6,False,False
S0008507,U000003,2025-04-30,Mobile,Windows,Edge,Email,44,12,False,False
S0008508,U000925,2024-02-13,Desktop,Android,Safari,Facebook,36,7,False,False
S0008509,U001735,2025-02-22,Mobile,Android,Edge,Direct,26,12,False,False
S0008510,U001618,2024-02-19,Tablet,Android,Safari,Email,21,5,False,False
S0008511,U001917,2024-08-17,Tablet,Android,Safari,YouTube,49,11,False,False
S0008512,U001785,2025-05-24,Desktop,macOS,Edge,Email,37,2,False,False
S0008513,U000590,2024-01-30,Mobile,iOS,Firefox,Facebook,1,3,False,False
S0008514,U001866,2024-03-30,Tablet,iOS,Firefox,Referral,38,7,False,False
S0008515,U000672,2024-07-08,Desktop,iOS,Safari,Facebook,7,12,False,False
S0008516,U000312,2025-05-26,Desktop,iOS,Edge,Organic Search,49,9,False,False
S0008517,U001172,2024-08-13,Mobile,Windows,Firefox,Instagram,39,9,False,False
S0008518,U000412,2025-03-26,Desktop,Windows,Edge,Email,4,11,False,False
S0008519,U000355,2025-03-10,Tablet,macOS,Edge,YouTube,43,12,False,False
S0008520,U001576,2024-06-01,Mobile,iOS,Firefox,Instagram,60,5,False,False
S0008521,U001261,2024-04-13,Tablet,iOS,Safari,Direct,6,5,False,False
S0008522,U000910,2024-09-19,Mobile,macOS,Chrome,Instagram,41,11,False,False
S0008523,U000184,2025-12-22,Mobile,macOS,Safari,Paid Search,40,7,False,True
S0008524,U000974,2025-10-31,Desktop,Windows,Safari,YouTube,57,7,False,False
S0008525,U000837,2025-10-01,Mobile,Windows,Firefox,Paid Search,30,12,False,False
S0008526,U000726,2025-06-03,Tablet,iOS,Safari,Organic Search,10,5,False,False
S0008527,U000422,2025-07-27,Tablet,Android,Chrome,YouTube,21,11,False,False
S0008528,U000128,2024-11-16,Desktop,Android,Chrome,Direct,60,6,False,True
S0008529,U000166,2025-11-12,Tablet,Windows,Firefox,Email,17,11,False,False
S0008530,U000038,2025-10-21,Tablet,macOS,Edge,Instagram,25,3,False,False
S0008531,U000964,2024-09-23,Desktop,Android,Safari,Direct,47,7,False,False
S0008532,U001657,2024-01-23,Desktop,iOS,Chrome,Organic Search,23,7,False,False
S0008533,U000555,2024-08-24,Mobile,macOS,Edge,Paid Search,7,11,False,False
S0008534,U000016,2024-10-02,Mobile,macOS,Chrome,YouTube,7,8,False,False
S0008535,U000525,2025-07-17,Desktop,iOS,Chrome,Referral,30,6,False,False
S0008536,U000519,2024-07-29,Tablet,macOS,Edge,Instagram,51,11,False,True
S0008537,U000670,2024-09-22,Mobile,Android,Edge,Direct,35,12,False,False
S0008538,U001815,2024-10-08,Desktop,Android,Chrome,Organic Search,51,9,False,False
S0008539,U001742,2025-07-13,Mobile,Android,Firefox,Email,24,7,False,False
S0008540,U000395,2025-04-17,Desktop,Android,Chrome,Referral,3,6,False,True
S0008541,U000943,2024-11-25,Mobile,Windows,Safari,Instagram,57,4,False,False
S0008542,U000910,2024-08-18,Tablet,macOS,Chrome,Facebook,44,8,False,False
S0008543,U000556,2024-12-19,Mobile,iOS,Edge,Direct,7,6,False,False
S0008544,U001387,2024-02-05,Tablet,macOS,Safari,Direct,5,6,False,False
S0008545,U000091,2025-05-04,Mobile,Windows,Safari,Email,37,3,False,False
S0008546,U001713,2024-06-28,Desktop,Windows,Safari,Email,48,10,False,False
S0008547,U001086,2024-12-01,Desktop,macOS,Firefox,Facebook,19,9,False,False
S0008548,U000910,2024-04-07,Mobile,Windows,Safari,Facebook,60,11,False,False
S0008549,U000150,2024-08-16,Desktop,macOS,Edge,Referral,38,10,False,False
S0008550,U000555,2024-03-22,Desktop,iOS,Edge,Paid Search,57,1,True,False
S0008551,U000372,2024-03-14,Desktop,Windows,Firefox,Email,25,7,False,False
S0008552,U000444,2024-09-23,Desktop,macOS,Chrome,Paid Search,20,5,False,False
S0008553,U000830,2024-01-02,Mobile,Android,Chrome,Direct,29,8,False,True
S0008554,U000508,2025-01-29,Mobile,Windows,Edge,Direct,51,5,False,False
S0008555,U001902,2024-06-13,Mobile,iOS,Safari,Instagram,3,3,False,False
S0008556,U000121,2024-07-05,Mobile,iOS,Firefox,Facebook,11,3,False,False
S0008557,U000582,2024-06-29,Mobile,Android,Edge,Organic Search,34,4,False,False
S0008558,U001237,2025-07-26,Tablet,macOS,Firefox,Paid Search,56,2,False,True
S0008559,U001496,2025-05-28,Mobile,iOS,Firefox,Paid Search,55,5,False,False
S0008560,U001583,2025-07-03,Desktop,macOS,Chrome,Organic Search,9,5,False,False
S0008561,U001036,2025-10-31,Mobile,Windows,Firefox,Email,7,6,False,False
S0008562,U000007,2025-01-29,Mobile,iOS,Edge,Direct,30,8,False,True
S0008563,U001615,2024-08-16,Desktop,macOS,Edge,Instagram,47,1,True,False
S0008564,U000894,2024-04-28,Mobile,Windows,Chrome,Referral,35,6,False,False
S0008565,U000178,2024-04-28,Mobile,Windows,Safari,Referral,55,10,False,False
S0008566,U000129,2025-12-20,Desktop,Android,Safari,Instagram,3,6,False,False
S0008567,U001659,2025-06-06,Tablet,iOS,Safari,Instagram,13,4,False,False
S0008568,U001262,2025-06-06,Tablet,iOS,Safari,Organic Search,29,4,False,False
S0008569,U000572,2024-10-11,Tablet,iOS,Firefox,Direct,8,3,False,False
S0008570,U000512,2025-05-26,Tablet,Android,Edge,Facebook,49,10,False,False
S0008571,U001965,2024-01-16,Desktop,macOS,Chrome,Referral,32,12,False,False
S0008572,U001424,2024-05-14,Desktop,Windows,Safari,Email,53,12,False,False
S0008573,U000688,2025-09-03,Mobile,Windows,Safari,Referral,14,11,False,False
S0008574,U000818,2024-04-05,Tablet,Android,Safari,Instagram,44,6,False,True
S0008575,U000450,2024-12-10,Tablet,Windows,Edge,Instagram,59,6,False,False
S0008576,U001923,2024-04-22,Tablet,iOS,Edge,Direct,20,7,False,False
S0008577,U000146,2025-02-09,Desktop,Android,Edge,YouTube,34,10,False,False
S0008578,U000986,2024-10-21,Mobile,Windows,Edge,Instagram,36,9,False,False
S0008579,U001132,2025-09-20,Tablet,Android,Safari,YouTube,26,11,False,False
S0008580,U001325,2024-11-22,Desktop,Windows,Firefox,YouTube,48,10,False,False
S0008581,U001723,2025-10-19,Desktop,Android,Edge,Referral,34,10,False,False
S0008582,U000511,2024-05-25,Mobile,iOS,Firefox,Instagram,30,6,False,False
S0008583,U000448,2025-08-17,Tablet,Android,Firefox,Facebook,58,1,True,False
S0008584,U000843,2025-07-29,Mobile,iOS,Firefox,Facebook,1,4,False,False
S0008585,U000740,2025-01-05,Mobile,macOS,Chrome,Direct,20,5,False,False
S0008586,U001216,2025-02-01,Tablet,Windows,Edge,Paid Search,48,7,False,False
S0008587,U001676,2025-04-09,Tablet,iOS,Edge,Email,7,12,False,False
S0008588,U000781,2025-08-31,Mobile,iOS,Safari,YouTube,39,11,False,False
S0008589,U000758,2024-12-15,Mobile,iOS,Edge,Instagram,54,12,False,False
S0008590,U000960,2025-03-20,Mobile,Windows,Chrome,Organic Search,58,7,False,False
S0008591,U001026,2024-05-29,Mobile,Windows,Safari,Facebook,3,4,False,False
S0008592,U000689,2024-09-07,Tablet,Windows,Chrome,Paid Search,58,2,False,False
S0008593,U001580,2024-03-31,Tablet,Windows,Safari,Direct,4,4,False,True
S0008594,U001908,2024-04-12,Tablet,iOS,Firefox,Referral,39,12,False,False
S0008595,U000672,2025-04-17,Mobile,Android,Safari,YouTube,17,7,False,False
S0008596,U001084,2025-01-25,Mobile,macOS,Edge,Paid Search,19,1,True,False
S0008597,U000397,2025-06-05,Desktop,iOS,Firefox,Instagram,33,7,False,False
S0008598,U001531,2025-09-08,Mobile,macOS,Chrome,Referral,50,5,False,False
S0008599,U000941,2024-04-02,Mobile,macOS,Chrome,Direct,33,1,True,False
S0008600,U000621,2025-01-24,Desktop,Windows,Chrome,Paid Search,38,9,False,False
S0008601,U001159,2025-03-03,Mobile,iOS,Safari,Email,32,12,False,False
S0008602,U001815,2025-07-02,Mobile,Android,Edge,Paid Search,6,5,False,False
S0008603,U001093,2025-06-12,Desktop,Android,Firefox,Email,24,3,False,False
S0008604,U000637,2025-12-31,Tablet,Windows,Edge,Referral,49,3,False,False
S0008605,U000172,2024-05-19,Tablet,Android,Chrome,Organic Search,59,12,False,False
S0008606,U000327,2025-08-17,Mobile,Windows,Edge,Facebook,1,12,False,False
S0008607,U000014,2024-11-02,Tablet,macOS,Edge,Email,49,1,True,False
S0008608,U001579,2024-06-05,Tablet,macOS,Safari,Instagram,17,12,False,False
S0008609,U001172,2025-09-19,Tablet,Windows,Edge,YouTube,11,7,False,False
S0008610,U000052,2025-02-22,Desktop,iOS,Edge,Email,53,9,False,True
S0008611,U000457,2025-10-25,Tablet,macOS,Chrome,Facebook,35,3,False,False
S0008612,U001300,2024-02-14,Tablet,Windows,Safari,Organic Search,37,12,False,False
S0008613,U001707,2025-06-22,Desktop,Windows,Safari,Referral,42,1,True,False
S0008614,U001121,2024-02-01,Desktop,Android,Firefox,Referral,1,8,False,False
S0008615,U001083,2025-12-14,Mobile,Windows,Safari,Email,41,12,False,False
S0008616,U001837,2025-04-30,Desktop,iOS,Chrome,Instagram,36,10,False,False
S0008617,U001093,2025-05-03,Tablet,Android,Chrome,Direct,27,11,False,False
S0008618,U001154,2024-05-07,Mobile,iOS,Firefox,Direct,18,5,False,False
S0008619,U001914,2024-04-09,Tablet,Android,Firefox,Direct,46,6,False,False
S0008620,U000136,2024-10-21,Tablet,Windows,Firefox,Direct,45,1,True,False
S0008621,U000167,2025-08-11,Tablet,iOS,Edge,Direct,43,11,False,False
S0008622,U000931,2025-04-30,Mobile,macOS,Chrome,Referral,41,10,False,False
S0008623,U001378,2024-12-30,Desktop,Windows,Firefox,YouTube,32,3,False,False
S0008624,U000820,2025-11-06,Desktop,iOS,Firefox,Email,58,4,False,False
S0008625,U001852,2024-09-02,Tablet,macOS,Firefox,Instagram,2,6,False,True
S0008626,U001219,2025-03-26,Mobile,iOS,Edge,Instagram,10,6,False,False
S0008627,U001942,2024-05-12,Desktop,Windows,Chrome,YouTube,37,9,False,False
S0008628,U001654,2024-03-17,Tablet,Windows,Chrome,YouTube,37,7,False,False
S0008629,U000517,2025-10-03,Tablet,Android,Safari,Organic Search,19,5,False,False
S0008630,U000052,2024-07-09,Desktop,iOS,Chrome,Organic Search,6,11,False,False
S0008631,U001644,2024-08-04,Mobile,macOS,Safari,Instagram,49,6,False,False
S0008632,U000194,2025-07-20,Mobile,Android,Edge,Instagram,31,9,False,False
S0008633,U001486,2024-07-15,Desktop,macOS,Safari,Direct,54,11,False,False
S0008634,U001008,2024-12-31,Tablet,Windows,Chrome,YouTube,26,10,False,True
S0008635,U001953,2024-03-06,Mobile,iOS,Edge,Referral,16,3,False,False
S0008636,U000342,2025-12-17,Desktop,Windows,Chrome,Email,34,7,False,False
S0008637,U001690,2025-08-04,Mobile,macOS,Safari,Organic Search,50,11,False,False
S0008638,U001530,2024-02-28,Tablet,Android,Edge,Paid Search,57,4,False,False
S0008639,U001945,2025-12-22,Desktop,macOS,Firefox,Paid Search,28,5,False,False
S0008640,U001687,2024-11-08,Tablet,Windows,Edge,Organic Search,53,8,False,True
S0008641,U000611,2024-06-11,Desktop,Windows,Chrome,Organic Search,31,2,False,False
S0008642,U001194,2024-12-13,Desktop,Android,Firefox,Facebook,40,10,False,False
S0008643,U001209,2024-03-07,Mobile,macOS,Edge,Organic Search,5,2,False,False
S0008644,U001296,2025-06-27,Mobile,Windows,Firefox,Paid Search,59,4,False,False
S0008645,U000672,2025-03-27,Tablet,Windows,Firefox,YouTube,51,10,False,False
S0008646,U000473,2025-09-27,Mobile,Windows,Safari,YouTube,49,10,False,False
S0008647,U000880,2024-11-17,Tablet,Android,Safari,Email,17,4,False,False
S0008648,U000627,2024-07-27,Mobile,Android,Edge,Facebook,7,5,False,False
S0008649,U001840,2025-09-09,Tablet,iOS,Chrome,Instagram,46,5,False,False
S0008650,U000818,2024-06-23,Mobile,Android,Firefox,Organic Search,16,9,False,False
S0008651,U001701,2025-12-22,Tablet,macOS,Chrome,YouTube,39,8,False,False
S0008652,U001318,2025-11-12,Tablet,Android,Chrome,Paid Search,27,6,False,False
S0008653,U001093,2024-07-24,Mobile,macOS,Edge,Referral,15,11,False,False
S0008654,U000165,2024-10-29,Tablet,Windows,Firefox,Direct,31,5,False,True
S0008655,U000677,2024-07-19,Mobile,Windows,Firefox,Email,11,9,False,False
S0008656,U001804,2024-08-20,Mobile,macOS,Edge,Email,15,12,False,True
S0008657,U001393,2024-10-05,Desktop,macOS,Edge,Referral,4,6,False,True
S0008658,U001930,2025-09-21,Desktop,macOS,Edge,Facebook,32,4,False,False
S0008659,U001469,2025-12-23,Tablet,macOS,Safari,Facebook,28,11,False,False
S0008660,U000488,2025-03-22,Mobile,iOS,Chrome,Paid Search,40,10,False,False
S0008661,U001503,2024-07-05,Desktop,macOS,Safari,Organic Search,29,8,False,False
S0008662,U000344,2024-08-17,Mobile,macOS,Safari,Direct,28,3,False,False
S0008663,U001885,2025-08-10,Desktop,iOS,Chrome,Instagram,19,6,False,False
S0008664,U001807,2025-02-11,Desktop,Windows,Safari,Organic Search,14,10,False,False
S0008665,U000708,2025-05-27,Tablet,iOS,Chrome,Paid Search,51,5,False,False
S0008666,U000576,2025-12-01,Desktop,macOS,Safari,Email,36,6,False,True
S0008667,U001514,2025-04-13,Tablet,iOS,Firefox,YouTube,26,9,False,False
S0008668,U000334,2024-08-23,Mobile,Android,Firefox,Email,6,9,False,False
S0008669,U001356,2025-04-26,Desktop,iOS,Firefox,Organic Search,46,2,False,False
S0008670,U000267,2025-11-01,Tablet,Windows,Chrome,Email,42,4,False,False
S0008671,U000023,2025-10-20,Tablet,iOS,Safari,Email,34,9,False,False
S0008672,U000212,2025-11-02,Mobile,macOS,Safari,Organic Search,30,10,False,False
S0008673,U000249,2025-04-27,Desktop,Android,Edge,Email,60,2,False,False
S0008674,U000423,2024-10-05,Mobile,Windows,Edge,Instagram,7,5,False,False
S0008675,U001990,2024-12-27,Desktop,iOS,Firefox,Facebook,16,5,False,False
S0008676,U000365,2024-01-18,Mobile,Windows,Chrome,Direct,1,8,False,False
S0008677,U001353,2025-11-19,Desktop,macOS,Firefox,YouTube,21,10,False,False
S0008678,U000745,2024-04-19,Mobile,iOS,Edge,Organic Search,7,2,False,False
S0008679,U000979,2024-11-20,Desktop,Android,Edge,Instagram,5,10,False,False
S0008680,U000484,2024-03-11,Desktop,macOS,Safari,Referral,38,8,False,False
S0008681,U000813,2024-08-02,Desktop,Windows,Edge,Referral,51,11,False,False
S0008682,U000436,2024-09-09,Desktop,Android,Firefox,Paid Search,54,7,False,False
S0008683,U000876,2024-11-12,Desktop,Windows,Chrome,Facebook,1,1,True,False
S0008684,U000687,2025-07-04,Tablet,Android,Safari,YouTube,6,9,False,False
S0008685,U000238,2024-07-07,Desktop,macOS,Chrome,Organic Search,56,3,False,True
S0008686,U000840,2025-06-06,Mobile,Windows,Safari,Facebook,55,3,False,False
S0008687,U001556,2025-12-20,Tablet,Android,Firefox,Referral,24,2,False,False
S0008688,U001196,2025-11-27,Mobile,Windows,Chrome,YouTube,30,4,False,True
S0008689,U001243,2024-04-03,Tablet,iOS,Safari,Email,4,1,True,False
S0008690,U000857,2025-07-02,Mobile,iOS,Firefox,Instagram,31,1,True,False
S0008691,U000583,2024-02-11,Mobile,Android,Edge,Direct,23,2,False,False
S0008692,U000963,2025-03-06,Desktop,Windows,Chrome,Paid Search,42,3,False,False
S0008693,U000314,2025-06-10,Tablet,Windows,Firefox,YouTube,31,11,False,False
S0008694,U000398,2024-11-30,Tablet,Windows,Firefox,Instagram,37,12,False,False
S0008695,U001626,2024-02-27,Desktop,macOS,Chrome,Facebook,29,9,False,False
S0008696,U000030,2024-11-08,Mobile,Windows,Chrome,Facebook,41,4,False,False
S0008697,U001050,2025-06-05,Mobile,iOS,Edge,Facebook,56,12,False,False
S0008698,U001954,2025-02-21,Tablet,iOS,Safari,Referral,15,7,False,False
S0008699,U000854,2024-05-20,Mobile,Windows,Edge,Referral,53,11,False,False
S0008700,U001708,2024-10-31,Mobile,macOS,Firefox,Instagram,33,10,False,False
S0008701,U001983,2025-05-06,Tablet,iOS,Chrome,Direct,56,7,False,False
S0008702,U001283,2025-03-23,Desktop,Android,Firefox,Instagram,2,6,False,False
S0008703,U000757,2025-11-15,Tablet,Android,Firefox,Facebook,41,12,False,False
S0008704,U001049,2025-05-31,Tablet,Android,Chrome,Facebook,5,4,False,False
S0008705,U000390,2024-12-23,Desktop,macOS,Chrome,Facebook,44,7,False,True
S0008706,U001034,2025-04-23,Tablet,iOS,Safari,Facebook,14,10,False,False
S0008707,U001892,2024-05-31,Mobile,iOS,Firefox,Referral,29,7,False,False
S0008708,U001941,2024-04-17,Desktop,iOS,Edge,Paid Search,25,8,False,False
S0008709,U000685,2025-06-07,Desktop,Android,Edge,YouTube,16,9,False,False
S0008710,U000237,2024-06-26,Tablet,iOS,Edge,Email,12,11,False,False
S0008711,U000466,2024-12-09,Mobile,iOS,Chrome,Referral,53,8,False,False
S0008712,U000362,2025-06-21,Desktop,macOS,Edge,Direct,46,2,False,False
S0008713,U000538,2024-05-26,Mobile,Android,Chrome,Facebook,10,9,False,False
S0008714,U001940,2025-03-21,Mobile,Android,Safari,Email,12,1,True,False
S0008715,U001816,2024-03-10,Mobile,macOS,Edge,Referral,44,5,False,False
S0008716,U001401,2025-10-14,Tablet,iOS,Edge,Direct,41,6,False,False
S0008717,U001755,2024-09-26,Tablet,Android,Edge,YouTube,47,12,False,False
S0008718,U000372,2024-05-23,Mobile,Windows,Edge,YouTube,30,5,False,False
S0008719,U000174,2024-01-28,Tablet,Windows,Safari,Email,44,1,True,False
S0008720,U000878,2024-08-25,Mobile,Android,Firefox,Organic Search,5,2,False,False
S0008721,U001364,2025-05-31,Mobile,macOS,Chrome,Direct,49,4,False,False
S0008722,U000069,2024-01-19,Tablet,macOS,Firefox,Facebook,31,9,False,False
S0008723,U000978,2024-09-03,Tablet,iOS,Edge,Paid Search,38,9,False,False
S0008724,U000153,2025-09-20,Tablet,Android,Chrome,Email,52,1,True,False
S0008725,U000993,2024-08-06,Desktop,iOS,Edge,Email,33,10,False,False
S0008726,U001488,2025-01-16,Desktop,macOS,Edge,YouTube,6,4,False,False
S0008727,U001384,2024-09-12,Tablet,iOS,Chrome,Facebook,33,6,False,True
S0008728,U001896,2025-10-12,Mobile,Windows,Chrome,Paid Search,18,9,False,False
S0008729,U000046,2024-01-20,Tablet,Windows,Chrome,Organic Search,26,11,False,False
S0008730,U000455,2024-10-23,Mobile,Android,Safari,Organic Search,20,11,False,False
S0008731,U001249,2025-11-18,Mobile,iOS,Safari,YouTube,32,4,False,False
S0008732,U001236,2024-10-08,Mobile,macOS,Edge,Paid Search,5,5,False,False
S0008733,U000149,2024-03-30,Tablet,Android,Firefox,Direct,17,1,True,False
S0008734,U000389,2024-04-12,Mobile,Windows,Firefox,Direct,7,8,False,False
S0008735,U001522,2024-04-02,Tablet,iOS,Chrome,Instagram,10,4,False,False
S0008736,U000660,2024-05-24,Desktop,iOS,Firefox,Direct,41,3,False,False
S0008737,U001202,2024-07-15,Desktop,Android,Firefox,Facebook,24,4,False,False
S0008738,U000378,2025-07-11,Desktop,macOS,Safari,Direct,45,8,False,False
S0008739,U001452,2024-12-04,Tablet,macOS,Chrome,Referral,20,10,False,False
S0008740,U001613,2024-11-25,Tablet,Android,Chrome,Referral,21,3,False,False
S0008741,U000874,2025-05-13,Mobile,iOS,Firefox,Instagram,3,3,False,False
S0008742,U000695,2024-07-15,Tablet,Android,Chrome,YouTube,9,3,False,False
S0008743,U001755,2024-02-03,Tablet,Android,Firefox,YouTube,56,8,False,False
S0008744,U000421,2025-11-09,Desktop,Android,Edge,YouTube,6,11,False,True
S0008745,U000506,2024-12-27,Tablet,Windows,Firefox,Organic Search,52,11,False,False
S0008746,U000259,2024-09-02,Desktop,iOS,Edge,Instagram,51,12,False,False
S0008747,U001569,2024-05-07,Desktop,macOS,Edge,Referral,58,1,True,False
S0008748,U000992,2025-10-28,Mobile,iOS,Chrome,YouTube,22,6,False,False
S0008749,U000573,2024-09-11,Tablet,iOS,Chrome,Instagram,11,2,False,False
S0008750,U000424,2025-03-10,Tablet,Android,Firefox,YouTube,24,11,False,False
S0008751,U001311,2024-08-08,Tablet,Android,Firefox,Referral,37,11,False,False
S0008752,U000018,2025-01-24,Tablet,Android,Safari,YouTube,14,7,False,False
S0008753,U001981,2025-10-18,Tablet,Android,Chrome,Referral,28,2,False,False
S0008754,U001372,2024-09-12,Tablet,macOS,Firefox,Organic Search,25,2,False,False
S0008755,U001444,2024-09-08,Tablet,macOS,Chrome,Referral,57,5,False,False
S0008756,U001978,2024-05-11,Mobile,Windows,Chrome,YouTube,11,9,False,False
S0008757,U001132,2024-09-25,Desktop,iOS,Firefox,Organic Search,30,12,False,False
S0008758,U000196,2024-07-25,Mobile,Windows,Chrome,Referral,23,7,False,True
S0008759,U001009,2025-07-17,Desktop,macOS,Firefox,Organic Search,14,3,False,False
S0008760,U001489,2024-06-14,Desktop,Android,Chrome,Instagram,41,12,False,False
S0008761,U000836,2025-06-17,Desktop,Windows,Edge,Direct,44,4,False,False
S0008762,U000421,2024-08-09,Mobile,Windows,Safari,Organic Search,19,12,False,True
S0008763,U001033,2024-12-14,Tablet,iOS,Firefox,Direct,45,4,False,True
S0008764,U001733,2024-09-23,Tablet,Android,Safari,YouTube,15,11,False,False
S0008765,U001432,2024-11-17,Desktop,macOS,Chrome,Referral,49,4,False,False
S0008766,U001224,2024-01-25,Tablet,macOS,Firefox,Facebook,41,12,False,False
S0008767,U001762,2025-01-18,Desktop,Windows,Chrome,Paid Search,60,8,False,False
S0008768,U000268,2024-05-07,Mobile,Windows,Chrome,YouTube,42,1,True,False
S0008769,U000713,2024-04-25,Desktop,macOS,Firefox,Paid Search,50,11,False,False
S0008770,U000791,2025-01-22,Mobile,Android,Firefox,Email,17,7,False,True
S0008771,U001480,2024-05-02,Desktop,iOS,Chrome,Email,2,1,True,False
S0008772,U000267,2025-10-14,Tablet,Windows,Firefox,Facebook,42,12,False,False
S0008773,U001370,2025-08-15,Desktop,iOS,Firefox,Organic Search,1,2,False,False
S0008774,U001319,2025-02-24,Tablet,Android,Firefox,Email,13,6,False,False
S0008775,U001129,2025-02-22,Tablet,Windows,Edge,Instagram,47,1,True,False
S0008776,U000186,2024-05-07,Tablet,macOS,Firefox,Organic Search,24,2,False,False
S0008777,U000310,2024-06-05,Mobile,macOS,Firefox,Instagram,2,9,False,False
S0008778,U000320,2025-04-22,Desktop,Windows,Safari,YouTube,40,9,False,False
S0008779,U001738,2025-11-07,Desktop,macOS,Edge,Referral,28,5,False,False
S0008780,U001299,2024-01-29,Tablet,macOS,Edge,YouTube,21,1,True,False
S0008781,U000400,2025-07-31,Tablet,Windows,Safari,Referral,11,2,False,False
S0008782,U000050,2024-06-11,Tablet,iOS,Chrome,Paid Search,58,5,False,False
S0008783,U001520,2025-05-03,Mobile,iOS,Safari,Facebook,27,7,False,False
S0008784,U000376,2025-07-06,Tablet,Windows,Firefox,Email,12,3,False,False
S0008785,U001184,2025-10-17,Mobile,macOS,Chrome,Referral,7,6,False,False
S0008786,U001694,2024-07-14,Mobile,Windows,Edge,Email,7,11,False,False
S0008787,U000090,2024-06-28,Mobile,macOS,Chrome,Email,19,10,False,False
S0008788,U001413,2024-04-27,Tablet,macOS,Edge,Paid Search,54,1,True,False
S0008789,U000744,2025-05-10,Tablet,Android,Edge,Facebook,55,9,False,False
S0008790,U000761,2025-03-11,Desktop,Android,Safari,Email,55,1,True,False
S0008791,U000658,2024-06-17,Desktop,Windows,Chrome,Organic Search,5,11,False,False
S0008792,U001878,2024-12-05,Mobile,Android,Firefox,Paid Search,41,1,True,False
S0008793,U000580,2024-04-01,Tablet,iOS,Firefox,Email,27,4,False,False
S0008794,U000958,2025-03-13,Mobile,Windows,Firefox,Instagram,48,5,False,False
S0008795,U000696,2025-10-30,Tablet,Windows,Chrome,Email,35,12,False,False
S0008796,U001031,2024-05-30,Mobile,Windows,Firefox,Direct,8,1,True,False
S0008797,U001847,2024-02-24,Desktop,iOS,Chrome,Facebook,50,8,False,True
S0008798,U001556,2024-03-17,Mobile,Windows,Safari,Instagram,20,1,True,False
S0008799,U001606,2025-04-02,Mobile,iOS,Firefox,Instagram,23,5,False,False
S0008800,U001861,2024-01-30,Desktop,iOS,Edge,YouTube,36,7,False,False
S0008801,U001856,2024-12-27,Desktop,Android,Edge,Paid Search,19,7,False,False
S0008802,U001609,2024-10-03,Desktop,Windows,Chrome,YouTube,52,11,False,False
S0008803,U000755,2024-03-12,Desktop,Android,Firefox,Referral,10,9,False,False
S0008804,U001543,2025-02-14,Mobile,iOS,Chrome,Paid Search,49,6,False,False
S0008805,U001333,2024-02-23,Mobile,Android,Edge,Email,4,3,False,False
S0008806,U000012,2025-05-29,Mobile,Android,Chrome,Organic Search,10,10,False,False
S0008807,U000047,2024-06-01,Mobile,macOS,Firefox,Referral,9,1,True,False
S0008808,U000355,2025-07-24,Tablet,Windows,Chrome,Paid Search,14,10,False,False
S0008809,U000245,2024-05-15,Mobile,Windows,Safari,Organic Search,48,8,False,False
S0008810,U000760,2024-04-20,Mobile,Windows,Firefox,YouTube,50,8,False,False
S0008811,U001671,2025-12-30,Tablet,Windows,Safari,Email,26,7,False,False
S0008812,U001995,2025-11-30,Desktop,Android,Firefox,Paid Search,23,9,False,False
S0008813,U001622,2025-03-28,Mobile,Android,Safari,Organic Search,31,7,False,False
S0008814,U000548,2024-11-11,Mobile,Windows,Firefox,Paid Search,11,10,False,True
S0008815,U000023,2024-10-18,Tablet,Windows,Chrome,Facebook,10,8,False,True
S0008816,U000125,2024-12-19,Desktop,iOS,Edge,Facebook,51,5,False,False
S0008817,U000047,2024-02-06,Desktop,iOS,Edge,Email,41,9,False,False
S0008818,U000256,2025-09-04,Mobile,macOS,Edge,Direct,18,4,False,True
S0008819,U000058,2025-03-14,Tablet,iOS,Safari,Paid Search,23,12,False,False
S0008820,U001748,2024-12-25,Desktop,Windows,Firefox,Facebook,1,4,False,False
S0008821,U000891,2024-06-23,Tablet,iOS,Chrome,Instagram,19,8,False,False
S0008822,U000515,2024-06-09,Mobile,Android,Edge,Paid Search,45,1,True,False
S0008823,U000816,2024-01-17,Desktop,macOS,Chrome,Paid Search,5,7,False,False
S0008824,U001997,2024-12-04,Desktop,iOS,Chrome,Email,55,7,False,False
S0008825,U000707,2024-12-01,Desktop,Android,Edge,YouTube,44,11,False,False
S0008826,U001766,2024-07-16,Desktop,macOS,Chrome,Referral,52,4,False,False
S0008827,U000579,2025-01-21,Tablet,Windows,Chrome,Paid Search,14,1,True,False
S0008828,U001399,2024-03-29,Desktop,Windows,Firefox,YouTube,59,1,True,False
S0008829,U000424,2024-07-29,Tablet,iOS,Safari,Facebook,31,10,False,False
S0008830,U000501,2024-12-07,Desktop,macOS,Chrome,Facebook,54,11,False,False
S0008831,U001885,2025-10-09,Mobile,Windows,Chrome,YouTube,50,12,False,True
S0008832,U001470,2025-05-27,Tablet,Windows,Chrome,YouTube,46,4,False,False
S0008833,U001631,2025-05-11,Mobile,Android,Edge,Email,26,4,False,False
S0008834,U001542,2025-05-21,Mobile,macOS,Firefox,Facebook,50,8,False,False
S0008835,U001498,2025-11-10,Tablet,Android,Firefox,Referral,41,9,False,False
S0008836,U001535,2024-04-30,Desktop,Android,Chrome,Direct,20,11,False,False
S0008837,U001401,2025-08-04,Tablet,iOS,Chrome,YouTube,18,2,False,False
S0008838,U000489,2024-08-02,Tablet,macOS,Chrome,Facebook,19,9,False,False
S0008839,U001379,2024-03-08,Tablet,Windows,Chrome,Paid Search,28,12,False,False
S0008840,U000209,2024-03-20,Tablet,Windows,Edge,Email,50,12,False,False
S0008841,U001992,2024-03-09,Desktop,macOS,Edge,YouTube,32,1,True,False
S0008842,U000477,2024-03-10,Mobile,Windows,Firefox,Referral,9,2,False,False
S0008843,U000648,2025-12-26,Desktop,iOS,Edge,Instagram,30,7,False,True
S0008844,U001868,2024-11-25,Mobile,macOS,Firefox,Email,21,11,False,False
S0008845,U000585,2025-03-17,Desktop,iOS,Firefox,Direct,41,1,True,False
S0008846,U001509,2024-11-09,Desktop,macOS,Edge,Facebook,37,12,False,False
S0008847,U001660,2024-03-03,Desktop,Windows,Chrome,Facebook,41,4,False,False
S0008848,U001072,2024-09-29,Mobile,Windows,Edge,YouTube,40,3,False,False
S0008849,U000800,2025-05-02,Tablet,Android,Chrome,YouTube,40,8,False,False
S0008850,U000950,2024-12-05,Desktop,Android,Safari,Facebook,26,10,False,True
S0008851,U000723,2025-10-24,Tablet,macOS,Safari,Referral,14,1,True,False
S0008852,U001350,2024-10-28,Mobile,iOS,Safari,YouTube,60,8,False,False
S0008853,U000948,2025-03-24,Tablet,Windows,Chrome,Paid Search,3,7,False,False
S0008854,U001886,2025-06-03,Mobile,Android,Firefox,Email,12,11,False,False
S0008855,U000622,2025-04-19,Mobile,Windows,Edge,Instagram,5,9,False,False
S0008856,U001716,2025-06-22,Mobile,macOS,Firefox,Facebook,45,4,False,False
S0008857,U000718,2024-07-05,Mobile,macOS,Edge,Email,29,1,True,False
S0008858,U000140,2024-01-13,Tablet,iOS,Safari,Referral,25,6,False,False
S0008859,U001645,2025-09-30,Desktop,Windows,Firefox,YouTube,45,10,False,False
S0008860,U000609,2025-12-20,Desktop,iOS,Firefox,Direct,33,12,False,False
S0008861,U000957,2025-06-15,Tablet,Android,Firefox,Organic Search,34,9,False,False
S0008862,U001048,2024-07-26,Mobile,Android,Safari,Referral,57,9,False,False
S0008863,U001861,2025-06-11,Mobile,Android,Safari,Email,34,1,True,False
S0008864,U000691,2025-04-24,Tablet,macOS,Safari,Direct,24,6,False,False
S0008865,U001307,2024-04-25,Tablet,macOS,Edge,Instagram,60,10,False,False
S0008866,U001250,2024-11-01,Mobile,macOS,Firefox,YouTube,27,10,False,False
S0008867,U000484,2024-11-17,Tablet,iOS,Chrome,Instagram,35,11,False,False
S0008868,U001402,2024-06-16,Tablet,iOS,Edge,Email,21,4,False,False
S0008869,U001399,2024-01-11,Desktop,Windows,Edge,YouTube,43,2,False,False
S0008870,U000699,2025-06-17,Tablet,macOS,Safari,Paid Search,3,8,False,False
S0008871,U001205,2024-10-04,Mobile,Windows,Safari,Facebook,22,1,True,False
S0008872,U001023,2025-08-18,Mobile,Windows,Safari,Email,39,1,True,True
S0008873,U000736,2024-12-04,Tablet,Windows,Firefox,Organic Search,13,9,False,False
S0008874,U001561,2025-03-04,Tablet,Windows,Safari,Paid Search,19,8,False,False
S0008875,U000335,2025-12-28,Mobile,Android,Edge,Email,10,4,False,False
S0008876,U001641,2024-05-03,Desktop,macOS,Firefox,Facebook,55,11,False,False
S0008877,U000400,2025-09-06,Tablet,macOS,Firefox,Direct,24,9,False,False
S0008878,U000420,2024-09-01,Mobile,Windows,Firefox,Email,15,8,False,False
S0008879,U001928,2024-06-05,Desktop,Android,Chrome,Email,37,4,False,False
S0008880,U000124,2024-05-01,Tablet,iOS,Safari,Referral,40,11,False,False
S0008881,U000246,2025-04-06,Mobile,iOS,Chrome,Email,34,8,False,False
S0008882,U001022,2025-02-09,Desktop,iOS,Edge,Email,44,11,False,False
S0008883,U001025,2024-11-16,Tablet,Windows,Edge,Direct,28,7,False,False
S0008884,U000416,2025-04-27,Desktop,macOS,Edge,Paid Search,48,1,True,False
S0008885,U000250,2025-12-07,Desktop,iOS,Safari,Facebook,28,3,False,False
S0008886,U000924,2024-12-18,Tablet,iOS,Chrome,Organic Search,14,5,False,False
S0008887,U000484,2025-11-20,Mobile,iOS,Safari,Direct,33,11,False,False
S0008888,U000221,2024-03-14,Mobile,iOS,Safari,Paid Search,27,11,False,False
S0008889,U000084,2025-02-05,Desktop,Android,Chrome,Organic Search,21,10,False,False
S0008890,U000324,2025-02-23,Desktop,macOS,Safari,Referral,23,2,False,True
S0008891,U000252,2024-12-01,Tablet,Android,Edge,YouTube,16,9,False,False
S0008892,U000966,2024-07-28,Tablet,Android,Edge,Paid Search,22,6,False,False
S0008893,U000267,2025-10-29,Tablet,Android,Chrome,Instagram,54,3,False,False
S0008894,U000671,2024-05-26,Mobile,Windows,Firefox,Paid Search,12,4,False,False
S0008895,U000160,2025-02-14,Mobile,Android,Firefox,Email,28,7,False,False
S0008896,U000517,2025-01-29,Desktop,macOS,Firefox,Paid Search,5,10,False,False
S0008897,U000092,2024-10-04,Desktop,macOS,Edge,Facebook,27,5,False,False
S0008898,U001784,2025-02-24,Mobile,iOS,Edge,Instagram,48,4,False,False
S0008899,U001114,2025-08-27,Mobile,Windows,Firefox,YouTube,28,1,True,False
S0008900,U000525,2024-01-09,Tablet,iOS,Firefox,Paid Search,12,6,False,False
S0008901,U000209,2024-01-06,Tablet,iOS,Edge,Organic Search,10,9,False,True
S0008902,U001831,2025-04-11,Mobile,iOS,Chrome,Organic Search,22,11,False,False
S0008903,U001829,2025-12-27,Desktop,Windows,Firefox,Paid Search,38,5,False,False
S0008904,U001797,2025-10-01,Desktop,Android,Edge,Instagram,6,5,False,False
S0008905,U000178,2025-04-03,Desktop,iOS,Safari,Organic Search,44,2,False,False
S0008906,U000233,2024-09-05,Mobile,Android,Chrome,Direct,27,8,False,False
S0008907,U001917,2024-12-29,Tablet,iOS,Edge,Organic Search,17,7,False,False
S0008908,U001484,2025-06-12,Tablet,Android,Firefox,Instagram,32,12,False,False
S0008909,U000154,2024-02-19,Mobile,Android,Chrome,Facebook,10,2,False,False
S0008910,U000954,2024-11-05,Desktop,iOS,Firefox,Instagram,36,9,False,False
S0008911,U000680,2024-08-28,Mobile,Android,Edge,Referral,37,7,False,False
S0008912,U001917,2024-03-14,Tablet,Windows,Firefox,YouTube,22,7,False,False
S0008913,U001162,2025-03-14,Mobile,Android,Firefox,Direct,39,3,False,True
S0008914,U001790,2024-05-27,Tablet,macOS,Firefox,YouTube,49,9,False,False
S0008915,U000756,2024-12-29,Mobile,iOS,Firefox,Paid Search,28,8,False,False
S0008916,U001428,2025-07-17,Desktop,macOS,Firefox,Paid Search,30,2,False,False
S0008917,U001703,2024-09-15,Mobile,macOS,Safari,Instagram,39,12,False,False
S0008918,U001281,2024-09-03,Mobile,Windows,Edge,Instagram,8,6,False,False
S0008919,U001586,2025-09-12,Desktop,macOS,Chrome,YouTube,3,9,False,False
S0008920,U000973,2025-01-18,Tablet,macOS,Firefox,Paid Search,31,9,False,False
S0008921,U000551,2024-06-22,Tablet,Android,Safari,Organic Search,8,4,False,False
S0008922,U001404,2025-05-19,Tablet,Android,Chrome,Direct,2,11,False,False
S0008923,U001669,2025-09-29,Desktop,iOS,Chrome,Referral,39,1,True,False
S0008924,U001080,2025-05-24,Desktop,iOS,Firefox,Paid Search,25,3,False,False
S0008925,U001423,2024-11-07,Desktop,Windows,Safari,Referral,55,6,False,False
S0008926,U000426,2024-10-18,Mobile,Windows,Safari,Organic Search,18,4,False,False
S0008927,U001552,2025-07-09,Mobile,iOS,Edge,Direct,57,3,False,True
S0008928,U000798,2024-03-06,Tablet,macOS,Edge,Facebook,15,5,False,False
S0008929,U000100,2025-10-10,Mobile,Windows,Edge,YouTube,60,2,False,False
S0008930,U001613,2024-10-07,Tablet,macOS,Chrome,Facebook,31,11,False,False
S0008931,U001361,2025-01-19,Tablet,Windows,Safari,Paid Search,20,9,False,False
S0008932,U000530,2025-05-13,Desktop,iOS,Firefox,YouTube,16,9,False,False
S0008933,U001437,2024-12-12,Mobile,iOS,Firefox,Email,6,7,False,False
S0008934,U000080,2025-02-27,Tablet,Android,Edge,Organic Search,51,9,False,False
S0008935,U000059,2025-05-23,Desktop,iOS,Chrome,Instagram,42,12,False,False
S0008936,U001258,2025-08-03,Mobile,Android,Safari,Referral,54,9,False,False
S0008937,U001274,2024-10-23,Desktop,Windows,Chrome,YouTube,15,10,False,False
S0008938,U000214,2025-12-23,Tablet,Windows,Firefox,Organic Search,47,1,True,False
S0008939,U000237,2024-08-10,Tablet,macOS,Edge,Paid Search,14,4,False,False
S0008940,U001699,2025-05-28,Tablet,Windows,Safari,Referral,12,11,False,False
S0008941,U000790,2025-01-02,Tablet,macOS,Safari,Paid Search,28,10,False,False
S0008942,U001389,2024-03-06,Tablet,iOS,Chrome,Instagram,60,4,False,False
S0008943,U001078,2024-09-23,Mobile,Android,Edge,Referral,17,3,False,False
S0008944,U001672,2024-10-08,Mobile,Windows,Edge,Instagram,13,2,False,False
S0008945,U000848,2025-04-07,Desktop,iOS,Safari,Organic Search,33,9,False,False
S0008946,U000704,2025-12-12,Desktop,iOS,Firefox,Direct,12,11,False,False
S0008947,U000220,2025-11-10,Desktop,Windows,Firefox,Facebook,4,10,False,False
S0008948,U000123,2025-02-12,Tablet,Windows,Chrome,Instagram,35,1,True,False
S0008949,U001481,2025-09-26,Mobile,iOS,Edge,Email,6,7,False,False
S0008950,U000199,2025-01-02,Desktop,Android,Safari,Direct,22,5,False,False
S0008951,U001377,2024-11-11,Mobile,Android,Firefox,Referral,4,9,False,False
S0008952,U001709,2025-11-21,Tablet,iOS,Firefox,Organic Search,17,7,False,False
S0008953,U001666,2025-06-11,Desktop,iOS,Safari,Organic Search,28,4,False,False
S0008954,U001951,2025-11-02,Desktop,Windows,Edge,YouTube,11,4,False,False
S0008955,U000285,2024-04-18,Tablet,Android,Safari,Organic Search,60,11,False,False
S0008956,U000644,2025-03-06,Tablet,Windows,Edge,Paid Search,7,9,False,False
S0008957,U001229,2024-03-17,Tablet,macOS,Chrome,Referral,19,6,False,False
S0008958,U000525,2024-12-24,Tablet,Windows,Firefox,Facebook,41,9,False,False
S0008959,U001864,2024-07-31,Desktop,iOS,Safari,Facebook,19,2,False,True
S0008960,U000471,2025-03-07,Tablet,macOS,Chrome,YouTube,41,10,False,False
S0008961,U000845,2025-02-15,Desktop,iOS,Firefox,Organic Search,46,5,False,False
S0008962,U000837,2025-08-26,Tablet,Windows,Safari,Email,4,1,True,False
S0008963,U001037,2024-02-06,Desktop,Android,Firefox,Facebook,24,1,True,False
S0008964,U001726,2025-01-16,Tablet,Windows,Firefox,Referral,9,10,False,False
S0008965,U000759,2024-07-13,Mobile,Windows,Chrome,Referral,34,4,False,False
S0008966,U000523,2024-03-27,Tablet,Windows,Edge,Organic Search,8,8,False,True
S0008967,U000490,2024-05-21,Mobile,Android,Safari,Organic Search,53,11,False,False
S0008968,U001339,2024-11-05,Tablet,Windows,Firefox,Email,39,2,False,True
S0008969,U000120,2024-11-23,Mobile,iOS,Safari,Referral,30,8,False,False
S0008970,U000642,2024-07-31,Tablet,iOS,Firefox,YouTube,5,10,False,False
S0008971,U000037,2024-03-14,Tablet,Windows,Safari,Organic Search,36,3,False,True
S0008972,U000575,2025-05-07,Mobile,Android,Safari,Instagram,35,9,False,False
S0008973,U001946,2024-12-25,Tablet,macOS,Safari,Direct,14,11,False,False
S0008974,U001029,2025-11-10,Desktop,macOS,Safari,Instagram,13,11,False,False
S0008975,U000552,2024-08-09,Mobile,macOS,Safari,Direct,52,4,False,False
S0008976,U001409,2025-03-09,Desktop,Windows,Firefox,Referral,48,10,False,False
S0008977,U000298,2024-01-03,Desktop,Windows,Edge,Instagram,38,4,False,False
S0008978,U000406,2024-12-02,Tablet,Windows,Chrome,Direct,24,12,False,False
S0008979,U001856,2025-08-30,Mobile,iOS,Chrome,Direct,57,5,False,False
S0008980,U001539,2025-02-01,Mobile,iOS,Firefox,Instagram,9,6,False,False
S0008981,U001188,2025-08-13,Desktop,iOS,Safari,Referral,48,2,False,False
S0008982,U001645,2024-09-20,Desktop,iOS,Chrome,Instagram,48,3,False,False
S0008983,U001766,2025-08-23,Tablet,macOS,Edge,Direct,25,8,False,False
S0008984,U000436,2025-06-03,Mobile,Android,Safari,Instagram,47,2,False,False
S0008985,U000203,2024-03-27,Desktop,iOS,Firefox,Email,42,8,False,False
S0008986,U000442,2024-11-16,Desktop,iOS,Edge,Paid Search,33,1,True,False
S0008987,U000463,2024-03-05,Mobile,iOS,Safari,Facebook,19,10,False,False
S0008988,U000347,2024-04-18,Desktop,macOS,Firefox,Facebook,53,12,False,False
S0008989,U001181,2025-12-31,Mobile,macOS,Firefox,Instagram,42,2,False,False
S0008990,U000018,2024-05-14,Desktop,Android,Firefox,Direct,13,3,False,False
S0008991,U000536,2024-04-22,Mobile,macOS,Firefox,Facebook,51,9,False,False
S0008992,U000332,2025-08-17,Tablet,iOS,Safari,YouTube,58,5,False,False
S0008993,U000237,2024-08-12,Desktop,macOS,Chrome,Paid Search,16,6,False,False
S0008994,U001251,2025-08-20,Desktop,Windows,Edge,Organic Search,49,4,False,False
S0008995,U000761,2024-01-12,Tablet,Windows,Edge,Organic Search,57,12,False,False
S0008996,U000409,2024-12-09,Tablet,macOS,Edge,Organic Search,14,12,False,False
S0008997,U000380,2025-05-15,Mobile,iOS,Chrome,Instagram,39,6,False,False
S0008998,U001296,2025-06-14,Mobile,iOS,Safari,Facebook,32,6,False,False
S0008999,U000243,2024-03-18,Mobile,Windows,Safari,YouTube,54,3,False,False
S0009000,U000666,2025-07-15,Mobile,macOS,Safari,Organic Search,18,7,False,False
S0009001,U001122,2025-04-13,Mobile,macOS,Firefox,Direct,59,8,False,False
S0009002,U001358,2024-08-07,Tablet,Android,Firefox,Instagram,4,12,False,False
S0009003,U001451,2025-08-30,Tablet,iOS,Chrome,YouTube,9,11,False,False
S0009004,U000904,2025-09-21,Desktop,iOS,Safari,Facebook,46,5,False,False
S0009005,U000152,2025-02-19,Desktop,macOS,Chrome,Email,2,2,False,False
S0009006,U000601,2024-07-29,Mobile,Android,Firefox,YouTube,2,12,False,False
S0009007,U000276,2025-05-29,Tablet,iOS,Edge,Email,44,2,False,False
S0009008,U001089,2024-01-25,Tablet,macOS,Safari,Referral,60,7,False,False
S0009009,U000715,2024-11-24,Desktop,Android,Chrome,Email,51,5,False,False
S0009010,U001257,2024-04-16,Mobile,Windows,Safari,Organic Search,41,4,False,False
S0009011,U001758,2024-09-12,Tablet,Android,Firefox,Instagram,10,8,False,False
S0009012,U001421,2024-04-21,Tablet,macOS,Safari,Paid Search,37,8,False,False
S0009013,U001130,2024-05-24,Mobile,Android,Firefox,Email,31,11,False,False
S0009014,U000370,2024-11-19,Mobile,macOS,Chrome,Instagram,39,10,False,False
S0009015,U000334,2024-04-17,Tablet,Android,Edge,Referral,22,10,False,False
S0009016,U000640,2025-05-02,Mobile,Android,Edge,Instagram,47,8,False,False
S0009017,U000743,2024-03-19,Desktop,Windows,Firefox,Paid Search,25,6,False,False
S0009018,U000431,2025-10-19,Desktop,iOS,Chrome,Organic Search,37,3,False,False
S0009019,U000121,2025-06-18,Desktop,Android,Firefox,YouTube,27,8,False,False
S0009020,U000127,2025-06-05,Mobile,iOS,Chrome,Paid Search,10,6,False,False
S0009021,U001657,2025-11-05,Tablet,Windows,Edge,Paid Search,5,2,False,False
S0009022,U001802,2025-03-11,Desktop,Android,Firefox,Organic Search,12,6,False,False
S0009023,U001328,2025-07-17,Desktop,Android,Safari,Direct,18,11,False,False
S0009024,U000999,2025-01-12,Tablet,iOS,Chrome,Organic Search,2,5,False,False
S0009025,U001806,2025-05-15,Desktop,iOS,Edge,Facebook,17,10,False,False
S0009026,U001062,2025-01-06,Desktop,macOS,Safari,Organic Search,15,4,False,True
S0009027,U001131,2024-02-24,Mobile,Android,Safari,Direct,18,6,False,False
S0009028,U001144,2024-06-20,Mobile,Windows,Firefox,Organic Search,14,9,False,False
S0009029,U000807,2024-12-14,Tablet,Windows,Edge,Facebook,12,6,False,False
S0009030,U000247,2025-11-17,Mobile,Windows,Firefox,Email,28,12,False,False
S0009031,U001192,2024-10-30,Mobile,macOS,Safari,Paid Search,31,9,False,False
S0009032,U000586,2025-11-11,Desktop,macOS,Firefox,YouTube,39,9,False,False
S0009033,U001555,2024-11-25,Mobile,iOS,Edge,Email,28,6,False,False
S0009034,U001882,2025-04-28,Mobile,Android,Chrome,Direct,34,6,False,False
S0009035,U001559,2024-02-02,Mobile,Windows,Chrome,Direct,11,11,False,False
S0009036,U001561,2025-02-26,Desktop,macOS,Edge,Referral,42,11,False,False
S0009037,U001110,2025-02-27,Mobile,Android,Edge,Instagram,43,12,False,False
S0009038,U000390,2024-01-01,Tablet,Android,Edge,Referral,49,11,False,True
S0009039,U000908,2025-05-16,Desktop,macOS,Chrome,Email,43,2,False,False
S0009040,U000496,2024-08-10,Mobile,macOS,Chrome,Organic Search,8,1,True,False
S0009041,U000651,2024-03-27,Desktop,Android,Edge,Referral,38,9,False,False
S0009042,U000516,2024-06-05,Desktop,Android,Chrome,Direct,57,11,False,False
S0009043,U001164,2025-12-18,Tablet,iOS,Edge,Email,34,5,False,False
S0009044,U000766,2025-08-18,Mobile,Windows,Safari,YouTube,6,6,False,False
S0009045,U001658,2024-05-13,Desktop,iOS,Chrome,Referral,17,11,False,False
S0009046,U000506,2024-01-17,Mobile,macOS,Safari,Email,44,5,False,False
S0009047,U001877,2025-08-15,Desktop,iOS,Edge,Instagram,2,1,True,False
S0009048,U000095,2024-07-28,Tablet,Android,Safari,Facebook,32,6,False,False
S0009049,U000602,2025-12-14,Tablet,macOS,Safari,Paid Search,39,11,False,False
S0009050,U000352,2025-04-13,Mobile,Windows,Safari,Direct,1,7,False,False
S0009051,U001786,2024-02-07,Desktop,iOS,Edge,Instagram,7,9,False,False
S0009052,U000246,2024-06-05,Mobile,Windows,Chrome,YouTube,55,4,False,False
S0009053,U001964,2024-06-18,Tablet,iOS,Edge,Direct,49,5,False,False
S0009054,U001962,2024-09-24,Tablet,Android,Firefox,Facebook,6,5,False,False
S0009055,U000819,2024-04-24,Tablet,macOS,Firefox,Referral,37,5,False,False
S0009056,U001908,2024-12-10,Tablet,macOS,Safari,YouTube,47,8,False,False
S0009057,U001995,2025-07-17,Mobile,Android,Firefox,Facebook,52,1,True,False
S0009058,U001013,2024-10-10,Desktop,Android,Edge,Paid Search,45,3,False,False
S0009059,U000729,2024-04-23,Desktop,macOS,Edge,Email,30,11,False,False
S0009060,U001681,2025-07-12,Tablet,macOS,Safari,Facebook,43,1,True,False
S0009061,U001533,2025-07-23,Mobile,Android,Chrome,Instagram,7,7,False,False
S0009062,U000306,2025-12-03,Desktop,Android,Chrome,Facebook,55,10,False,False
S0009063,U000602,2025-05-01,Tablet,macOS,Chrome,YouTube,53,4,False,True
S0009064,U000455,2025-10-21,Tablet,Windows,Edge,Instagram,2,6,False,True
S0009065,U001045,2025-11-05,Mobile,macOS,Chrome,Facebook,6,9,False,False
S0009066,U000834,2024-06-04,Mobile,Android,Edge,Direct,43,1,True,True
S0009067,U001180,2025-12-04,Tablet,Windows,Chrome,YouTube,35,4,False,False
S0009068,U001181,2024-09-21,Mobile,iOS,Firefox,Paid Search,21,6,False,False
S0009069,U000030,2025-09-01,Mobile,macOS,Chrome,Direct,39,8,False,False
S0009070,U001075,2024-12-09,Mobile,Android,Safari,Paid Search,19,3,False,False
S0009071,U001108,2025-11-21,Desktop,macOS,Chrome,Instagram,26,8,False,False
S0009072,U000210,2024-03-13,Tablet,iOS,Firefox,Instagram,13,9,False,False
S0009073,U000902,2025-04-21,Mobile,iOS,Firefox,Paid Search,11,5,False,False
S0009074,U000648,2025-05-19,Mobile,iOS,Edge,Instagram,15,3,False,False
S0009075,U000412,2024-09-24,Mobile,iOS,Firefox,Instagram,55,8,False,False
S0009076,U000425,2025-05-21,Mobile,iOS,Chrome,Instagram,39,3,False,False
S0009077,U000422,2024-10-14,Mobile,macOS,Firefox,Email,20,8,False,False
S0009078,U001560,2025-09-12,Desktop,macOS,Firefox,Direct,6,10,False,False
S0009079,U001672,2025-10-31,Desktop,macOS,Chrome,Direct,43,1,True,False
S0009080,U000120,2025-10-09,Desktop,Android,Chrome,Email,33,1,True,False
S0009081,U001876,2024-09-09,Tablet,iOS,Safari,Organic Search,57,3,False,False
S0009082,U001044,2025-12-03,Desktop,iOS,Firefox,Referral,4,2,False,True
S0009083,U001295,2024-09-29,Desktop,Android,Safari,Facebook,36,4,False,False
S0009084,U000205,2025-11-16,Mobile,Android,Edge,YouTube,33,3,False,False
S0009085,U001100,2025-04-06,Tablet,Windows,Safari,Email,60,12,False,False
S0009086,U000816,2024-06-10,Mobile,Android,Firefox,Referral,23,10,False,False
S0009087,U001734,2025-12-25,Mobile,Android,Firefox,Organic Search,1,5,False,False
S0009088,U000678,2025-08-27,Mobile,Windows,Firefox,Direct,9,11,False,True
S0009089,U001898,2025-02-09,Desktop,Windows,Chrome,Paid Search,6,5,False,True
S0009090,U000455,2024-11-10,Desktop,iOS,Chrome,Direct,39,2,False,False
S0009091,U000425,2024-07-01,Tablet,Windows,Safari,Facebook,57,3,False,False
S0009092,U001099,2025-10-23,Tablet,macOS,Edge,Email,12,1,True,False
S0009093,U000859,2024-03-17,Mobile,Android,Safari,Email,43,3,False,True
S0009094,U001166,2024-05-22,Mobile,macOS,Edge,Facebook,38,8,False,False
S0009095,U001096,2024-08-26,Tablet,Windows,Chrome,Paid Search,37,6,False,False
S0009096,U000829,2024-09-24,Mobile,iOS,Chrome,YouTube,16,7,False,True
S0009097,U001401,2025-11-26,Desktop,macOS,Chrome,Email,20,8,False,False
S0009098,U001210,2025-10-06,Mobile,macOS,Safari,Facebook,40,7,False,True
S0009099,U001319,2024-11-12,Tablet,Android,Safari,Paid Search,30,4,False,False
S0009100,U000527,2024-01-27,Mobile,macOS,Chrome,Facebook,52,11,False,False
S0009101,U001376,2024-01-03,Tablet,iOS,Firefox,YouTube,47,12,False,False
S0009102,U000053,2025-02-06,Tablet,Windows,Chrome,Facebook,50,1,True,False
S0009103,U001850,2025-08-24,Mobile,Windows,Safari,Referral,26,6,False,True
S0009104,U001385,2024-12-13,Tablet,Windows,Firefox,YouTube,48,3,False,False
S0009105,U000617,2025-07-28,Mobile,Android,Chrome,Facebook,54,9,False,False
S0009106,U001441,2025-07-11,Tablet,iOS,Safari,Email,59,8,False,False
S0009107,U001340,2024-08-24,Desktop,macOS,Edge,Organic Search,51,9,False,False
S0009108,U000058,2025-04-23,Desktop,iOS,Firefox,Organic Search,5,9,False,False
S0009109,U001399,2024-12-24,Mobile,iOS,Edge,Paid Search,45,3,False,False
S0009110,U001089,2025-02-24,Mobile,Windows,Edge,Organic Search,10,10,False,False
S0009111,U001380,2025-04-16,Tablet,iOS,Safari,Direct,16,6,False,False
S0009112,U000728,2024-05-13,Mobile,macOS,Safari,Direct,41,4,False,False
S0009113,U001721,2025-01-29,Desktop,Android,Firefox,Facebook,33,11,False,False
S0009114,U001768,2024-04-11,Mobile,Windows,Edge,Direct,12,4,False,False
S0009115,U000652,2025-03-28,Mobile,Windows,Safari,YouTube,29,8,False,False
S0009116,U001973,2024-11-05,Tablet,macOS,Chrome,Facebook,47,10,False,False
S0009117,U000499,2024-11-13,Mobile,Windows,Firefox,Referral,24,3,False,False
S0009118,U001327,2024-01-16,Tablet,iOS,Firefox,Instagram,50,10,False,False
S0009119,U001585,2025-04-13,Tablet,Android,Chrome,Instagram,20,3,False,False
S0009120,U000230,2024-04-28,Mobile,Windows,Chrome,Email,34,2,False,False
S0009121,U001771,2024-08-17,Tablet,iOS,Safari,Direct,12,9,False,False
S0009122,U000008,2024-11-21,Tablet,macOS,Safari,YouTube,28,8,False,False
S0009123,U001738,2024-04-05,Tablet,Android,Safari,Referral,3,6,False,False
S0009124,U000108,2025-01-31,Mobile,iOS,Safari,Email,56,3,False,False
S0009125,U000318,2024-01-30,Desktop,Android,Edge,Paid Search,23,9,False,False
S0009126,U001959,2025-08-19,Desktop,macOS,Firefox,Referral,4,10,False,False
S0009127,U001681,2024-06-06,Desktop,Android,Edge,YouTube,25,9,False,True
S0009128,U001685,2025-07-06,Tablet,iOS,Chrome,Instagram,33,9,False,False
S0009129,U001390,2025-06-21,Desktop,iOS,Safari,Paid Search,23,11,False,False
S0009130,U000672,2024-11-29,Desktop,Android,Edge,Paid Search,27,11,False,False
S0009131,U001084,2024-08-15,Mobile,iOS,Edge,Instagram,17,12,False,True
S0009132,U001998,2025-04-08,Desktop,Windows,Edge,YouTube,20,9,False,True
S0009133,U001159,2025-08-24,Tablet,Android,Chrome,Organic Search,59,9,False,False
S0009134,U001861,2024-07-25,Mobile,Android,Firefox,Referral,56,6,False,False
S0009135,U000865,2024-09-16,Tablet,Windows,Firefox,YouTube,19,5,False,False
S0009136,U001582,2025-01-21,Desktop,Windows,Safari,Paid Search,57,10,False,False
S0009137,U000554,2025-04-07,Desktop,Windows,Firefox,YouTube,46,5,False,True
S0009138,U001627,2024-09-03,Mobile,macOS,Edge,Facebook,23,8,False,False
S0009139,U001326,2024-01-24,Tablet,Windows,Edge,Instagram,14,6,False,False
S0009140,U000925,2024-02-19,Desktop,macOS,Chrome,Referral,25,6,False,False
S0009141,U000848,2024-12-07,Tablet,iOS,Chrome,Email,52,8,False,False
S0009142,U001490,2025-04-05,Mobile,iOS,Firefox,Email,8,11,False,False
S0009143,U001782,2024-03-01,Tablet,iOS,Chrome,Facebook,12,6,False,False
S0009144,U001072,2024-01-13,Desktop,Android,Safari,YouTube,43,3,False,False
S0009145,U001359,2024-05-21,Desktop,iOS,Safari,Facebook,25,9,False,False
S0009146,U000763,2024-08-16,Tablet,macOS,Safari,Direct,25,10,False,False
S0009147,U001012,2024-05-06,Tablet,iOS,Chrome,Email,17,7,False,False
S0009148,U000919,2024-09-21,Mobile,Windows,Edge,Organic Search,49,6,False,False
S0009149,U000600,2025-12-28,Desktop,iOS,Edge,Referral,19,1,True,False
S0009150,U000524,2025-06-17,Mobile,Windows,Firefox,Email,8,1,True,True
S0009151,U001222,2024-09-25,Desktop,Windows,Chrome,YouTube,40,2,False,False
S0009152,U000081,2025-06-25,Mobile,iOS,Safari,Organic Search,13,8,False,False
S0009153,U000525,2025-05-05,Mobile,Android,Chrome,Paid Search,20,6,False,True
S0009154,U001861,2025-07-24,Tablet,Android,Firefox,Email,16,8,False,False
S0009155,U000688,2024-09-14,Tablet,Android,Safari,Organic Search,3,9,False,False
S0009156,U000163,2024-02-13,Desktop,macOS,Safari,Organic Search,57,2,False,False
S0009157,U001087,2025-04-22,Desktop,Android,Edge,Facebook,29,10,False,False
S0009158,U001353,2024-08-27,Desktop,iOS,Safari,Direct,35,9,False,False
S0009159,U000249,2024-08-12,Mobile,iOS,Chrome,Paid Search,44,11,False,False
S0009160,U001699,2025-01-30,Desktop,iOS,Chrome,Organic Search,57,9,False,True
S0009161,U000836,2024-07-22,Desktop,Android,Firefox,Referral,41,7,False,False
S0009162,U001625,2024-05-22,Desktop,iOS,Chrome,Email,37,6,False,False
S0009163,U001068,2024-09-10,Mobile,Windows,Edge,Direct,39,7,False,True
S0009164,U001364,2025-03-12,Mobile,Android,Edge,Facebook,6,1,True,False
S0009165,U001910,2025-01-02,Tablet,Windows,Edge,Direct,30,3,False,False
S0009166,U001338,2025-08-08,Mobile,iOS,Firefox,Paid Search,60,5,False,False
S0009167,U001445,2024-08-29,Desktop,Android,Firefox,Organic Search,36,5,False,False
S0009168,U000608,2024-01-05,Tablet,iOS,Chrome,Paid Search,10,9,False,False
S0009169,U000069,2025-11-05,Desktop,macOS,Edge,Instagram,17,7,False,False
S0009170,U000666,2024-08-12,Tablet,macOS,Safari,YouTube,14,11,False,False
S0009171,U000429,2025-10-16,Mobile,macOS,Chrome,Direct,52,12,False,False
S0009172,U000146,2024-08-08,Desktop,Windows,Chrome,Organic Search,31,8,False,False
S0009173,U001024,2025-02-01,Desktop,Android,Firefox,Paid Search,29,12,False,False
S0009174,U000472,2024-06-11,Desktop,macOS,Chrome,Paid Search,49,12,False,False
S0009175,U000912,2024-06-09,Desktop,iOS,Safari,Instagram,2,4,False,False
S0009176,U000559,2024-06-28,Tablet,iOS,Firefox,YouTube,34,7,False,False
S0009177,U001311,2024-05-16,Tablet,iOS,Edge,Direct,31,12,False,False
S0009178,U001701,2025-09-16,Desktop,iOS,Firefox,Organic Search,7,10,False,False
S0009179,U000044,2024-06-02,Mobile,macOS,Firefox,Instagram,30,2,False,False
S0009180,U000726,2025-12-19,Mobile,iOS,Safari,Direct,30,12,False,True
S0009181,U001938,2025-08-03,Tablet,macOS,Safari,Organic Search,38,6,False,False
S0009182,U000332,2025-08-07,Tablet,iOS,Safari,Direct,24,2,False,True
S0009183,U000800,2025-06-12,Tablet,iOS,Safari,Referral,21,11,False,False
S0009184,U000241,2024-03-21,Mobile,macOS,Firefox,Email,47,7,False,False
S0009185,U001461,2024-01-30,Tablet,Windows,Chrome,Organic Search,5,5,False,False
S0009186,U001556,2024-11-13,Desktop,macOS,Edge,YouTube,12,4,False,False
S0009187,U000946,2025-02-21,Mobile,Android,Safari,Facebook,2,6,False,True
S0009188,U001621,2025-01-21,Tablet,Android,Edge,YouTube,18,6,False,False
S0009189,U001658,2025-02-17,Tablet,iOS,Chrome,Direct,17,10,False,False
S0009190,U001944,2025-07-20,Mobile,iOS,Firefox,Instagram,20,7,False,True
S0009191,U000867,2024-09-30,Mobile,Android,Chrome,Email,45,7,False,False
S0009192,U001627,2025-09-30,Tablet,iOS,Edge,Instagram,54,2,False,False
S0009193,U001000,2024-08-18,Mobile,Android,Safari,Email,25,1,True,False
S0009194,U000647,2025-11-20,Desktop,macOS,Chrome,YouTube,16,10,False,False
S0009195,U000847,2025-07-29,Mobile,iOS,Firefox,Facebook,5,11,False,False
S0009196,U000946,2024-11-15,Mobile,Windows,Chrome,Direct,33,8,False,False
S0009197,U000175,2024-08-14,Tablet,Windows,Firefox,Organic Search,48,1,True,False
S0009198,U000725,2024-10-25,Desktop,macOS,Firefox,Direct,47,10,False,False
S0009199,U000257,2025-09-29,Mobile,Android,Safari,Instagram,20,10,False,False
S0009200,U001799,2025-03-14,Mobile,Windows,Safari,Paid Search,50,5,False,False
S0009201,U000132,2025-06-30,Desktop,macOS,Chrome,Instagram,20,11,False,True
S0009202,U000209,2025-01-13,Tablet,macOS,Firefox,Referral,30,5,False,False
S0009203,U001791,2024-02-20,Desktop,macOS,Chrome,Paid Search,11,4,False,False
S0009204,U000040,2024-12-28,Desktop,Windows,Edge,Referral,30,7,False,True
S0009205,U001973,2025-03-13,Tablet,Windows,Firefox,YouTube,40,11,False,False
S0009206,U000382,2024-01-22,Mobile,iOS,Safari,Paid Search,5,2,False,False
S0009207,U001509,2025-12-18,Mobile,iOS,Safari,Paid Search,17,11,False,False
S0009208,U001548,2025-03-28,Mobile,iOS,Chrome,Organic Search,54,10,False,False
S0009209,U000989,2025-06-13,Mobile,iOS,Firefox,Facebook,6,12,False,False
S0009210,U000304,2025-03-17,Mobile,macOS,Edge,YouTube,52,9,False,False
S0009211,U000540,2024-12-03,Tablet,Android,Edge,Facebook,31,12,False,False
S0009212,U001170,2025-02-21,Mobile,Windows,Safari,Facebook,3,5,False,False
S0009213,U001218,2025-03-07,Desktop,Windows,Edge,YouTube,24,11,False,False
S0009214,U000406,2025-11-27,Desktop,Windows,Safari,Direct,51,8,False,False
S0009215,U001859,2025-06-30,Desktop,Android,Chrome,Referral,2,12,False,False
S0009216,U000938,2024-03-20,Tablet,macOS,Chrome,Facebook,44,9,False,False
S0009217,U000346,2024-11-04,Tablet,Windows,Chrome,YouTube,16,10,False,False
S0009218,U000821,2025-01-22,Mobile,Windows,Chrome,Email,29,9,False,True
S0009219,U000894,2024-02-09,Tablet,Windows,Edge,Instagram,13,1,True,False
S0009220,U000861,2025-01-24,Mobile,Windows,Edge,Organic Search,31,6,False,False
S0009221,U000579,2024-11-08,Mobile,iOS,Safari,Direct,8,11,False,False
S0009222,U000880,2025-01-24,Tablet,iOS,Chrome,Referral,27,10,False,False
S0009223,U001666,2024-01-12,Tablet,iOS,Firefox,Referral,21,4,False,False
S0009224,U000656,2024-06-23,Mobile,iOS,Chrome,Instagram,27,10,False,False
S0009225,U000786,2024-12-20,Mobile,iOS,Chrome,Email,34,7,False,False
S0009226,U000148,2025-12-05,Tablet,Windows,Safari,Direct,22,8,False,False
S0009227,U000343,2024-04-13,Mobile,Android,Edge,Facebook,43,3,False,False
S0009228,U001636,2025-11-09,Tablet,macOS,Edge,Referral,58,3,False,False
S0009229,U001196,2025-03-14,Tablet,Windows,Firefox,Organic Search,27,6,False,True
S0009230,U001233,2024-10-21,Tablet,macOS,Edge,Paid Search,11,1,True,False
S0009231,U001756,2024-04-11,Desktop,Android,Safari,Referral,41,1,True,False
S0009232,U000322,2025-08-14,Mobile,Windows,Safari,Paid Search,32,7,False,False
S0009233,U000636,2025-10-28,Desktop,Windows,Chrome,YouTube,2,5,False,False
S0009234,U001899,2025-02-01,Desktop,macOS,Edge,Email,9,9,False,False
S0009235,U000026,2025-06-19,Tablet,macOS,Chrome,Paid Search,6,8,False,False
S0009236,U001544,2024-01-23,Tablet,Android,Firefox,Facebook,17,8,False,False
S0009237,U001082,2024-07-29,Desktop,iOS,Edge,YouTube,35,2,False,False
S0009238,U001621,2024-06-20,Desktop,iOS,Firefox,Paid Search,19,4,False,False
S0009239,U001765,2024-05-03,Desktop,Windows,Edge,Paid Search,23,2,False,False
S0009240,U001482,2024-05-18,Tablet,macOS,Chrome,Instagram,54,5,False,False
S0009241,U000037,2025-04-27,Mobile,Android,Chrome,Paid Search,22,2,False,False
S0009242,U000409,2024-08-28,Mobile,macOS,Chrome,Email,50,12,False,False
S0009243,U000439,2025-12-05,Desktop,Android,Safari,Instagram,10,8,False,False
S0009244,U001846,2024-06-29,Desktop,iOS,Chrome,Paid Search,16,1,True,False
S0009245,U001038,2024-05-01,Desktop,macOS,Firefox,Facebook,45,5,False,False
S0009246,U001233,2024-04-30,Mobile,iOS,Safari,YouTube,47,7,False,False
S0009247,U001782,2024-06-22,Desktop,Windows,Edge,Referral,27,12,False,False
S0009248,U000508,2025-04-10,Mobile,Android,Chrome,Facebook,5,12,False,False
S0009249,U001837,2025-09-07,Mobile,iOS,Edge,Facebook,29,11,False,False
S0009250,U001728,2024-10-27,Desktop,Windows,Safari,Email,34,9,False,False
S0009251,U001962,2025-04-04,Mobile,iOS,Chrome,YouTube,6,5,False,False
S0009252,U001803,2025-11-15,Mobile,iOS,Edge,Organic Search,33,7,False,False
S0009253,U000998,2025-06-24,Tablet,macOS,Edge,Direct,41,9,False,False
S0009254,U001283,2024-08-17,Tablet,Android,Chrome,Paid Search,18,9,False,False
S0009255,U000059,2024-12-18,Desktop,Android,Safari,Facebook,21,10,False,False
S0009256,U000207,2025-07-12,Tablet,macOS,Edge,YouTube,23,8,False,False
S0009257,U001027,2025-08-23,Desktop,Windows,Safari,Instagram,2,8,False,False
S0009258,U000766,2025-01-07,Mobile,Android,Edge,Organic Search,9,9,False,False
S0009259,U000763,2024-07-30,Desktop,Windows,Edge,Referral,37,12,False,False
S0009260,U000674,2025-03-24,Tablet,iOS,Firefox,Email,48,11,False,False
S0009261,U000365,2025-03-28,Tablet,iOS,Safari,Direct,44,5,False,False
S0009262,U000735,2024-05-05,Desktop,Windows,Edge,Facebook,47,12,False,False
S0009263,U001488,2024-05-13,Tablet,Android,Edge,YouTube,23,1,True,False
S0009264,U001054,2024-11-11,Desktop,iOS,Safari,Referral,5,7,False,False
S0009265,U001439,2024-12-22,Desktop,iOS,Safari,YouTube,49,10,False,False
S0009266,U000600,2025-08-15,Desktop,Android,Firefox,Organic Search,30,12,False,False
S0009267,U000340,2025-10-17,Tablet,Windows,Safari,Organic Search,23,9,False,False
S0009268,U001432,2025-02-27,Tablet,Android,Edge,Direct,48,5,False,False
S0009269,U000859,2025-01-05,Desktop,iOS,Safari,Paid Search,30,4,False,False
S0009270,U000252,2024-10-10,Desktop,Android,Firefox,Organic Search,20,11,False,False
S0009271,U000127,2025-08-13,Tablet,macOS,Safari,Facebook,8,1,True,False
S0009272,U001158,2024-05-07,Tablet,Windows,Safari,Email,29,10,False,False
S0009273,U001568,2024-02-20,Desktop,iOS,Edge,Facebook,31,1,True,False
S0009274,U001102,2024-05-06,Mobile,Windows,Edge,Organic Search,33,8,False,False
S0009275,U000896,2025-09-15,Desktop,Windows,Firefox,Direct,56,10,False,False
S0009276,U000205,2024-02-03,Tablet,iOS,Chrome,YouTube,47,2,False,False
S0009277,U001284,2024-01-08,Mobile,Windows,Safari,Paid Search,13,6,False,False
S0009278,U001831,2024-12-20,Desktop,Windows,Safari,Facebook,42,9,False,False
S0009279,U001119,2025-12-16,Tablet,Android,Edge,Paid Search,24,11,False,False
S0009280,U001820,2024-09-15,Tablet,iOS,Edge,Facebook,26,2,False,False
S0009281,U001336,2025-06-08,Tablet,Windows,Chrome,Email,9,12,False,False
S0009282,U000127,2025-01-04,Desktop,iOS,Edge,Referral,4,1,True,False
S0009283,U001319,2024-11-18,Desktop,Android,Edge,Referral,56,2,False,False
S0009284,U001352,2025-03-18,Tablet,Android,Safari,Direct,26,10,False,False
S0009285,U001372,2025-08-31,Mobile,Android,Safari,Instagram,26,5,False,False
S0009286,U000681,2024-06-15,Tablet,Android,Safari,Direct,23,8,False,False
S0009287,U000642,2025-10-06,Mobile,Windows,Edge,Email,32,8,False,False
S0009288,U001604,2025-01-09,Mobile,macOS,Firefox,Organic Search,59,7,False,True
S0009289,U001092,2025-11-01,Desktop,Windows,Safari,Email,33,8,False,False
S0009290,U000257,2024-03-18,Mobile,Windows,Firefox,Paid Search,53,10,False,False
S0009291,U001058,2025-01-11,Desktop,Windows,Safari,Facebook,44,8,False,False
S0009292,U001238,2024-09-15,Tablet,Android,Edge,Paid Search,39,5,False,False
S0009293,U000102,2024-08-27,Mobile,iOS,Chrome,Referral,60,9,False,False
S0009294,U000448,2024-03-09,Mobile,macOS,Firefox,YouTube,16,2,False,False
S0009295,U001481,2025-05-11,Desktop,macOS,Chrome,Facebook,48,9,False,False
S0009296,U001361,2025-07-22,Tablet,macOS,Safari,Email,23,12,False,False
S0009297,U001505,2024-01-06,Desktop,iOS,Firefox,Referral,56,5,False,False
S0009298,U001284,2025-03-08,Mobile,Android,Edge,Organic Search,52,12,False,False
S0009299,U001279,2024-07-08,Desktop,Android,Safari,Organic Search,13,1,True,False
S0009300,U001457,2024-09-18,Tablet,Windows,Edge,Organic Search,23,7,False,False
S0009301,U000876,2025-11-08,Tablet,Android,Edge,Email,13,5,False,False
S0009302,U001207,2025-12-01,Tablet,Windows,Chrome,Organic Search,6,3,False,False
S0009303,U000323,2025-01-14,Desktop,Windows,Edge,Facebook,36,9,False,False
S0009304,U000562,2024-02-17,Mobile,macOS,Safari,Email,18,5,False,False
S0009305,U001831,2025-11-16,Mobile,iOS,Firefox,Email,49,9,False,False
S0009306,U000738,2024-09-09,Desktop,macOS,Firefox,YouTube,26,6,False,False
S0009307,U001856,2024-12-05,Tablet,Windows,Firefox,Organic Search,43,9,False,False
S0009308,U001786,2024-01-26,Tablet,macOS,Safari,Referral,21,3,False,False
S0009309,U001161,2024-02-04,Mobile,macOS,Chrome,Organic Search,25,6,False,False
S0009310,U001548,2025-07-16,Mobile,macOS,Firefox,Organic Search,57,10,False,False
S0009311,U001262,2025-08-16,Desktop,Android,Edge,Facebook,48,1,True,False
S0009312,U001251,2024-03-26,Tablet,iOS,Chrome,Email,39,5,False,False
S0009313,U000143,2024-11-18,Tablet,Android,Safari,Referral,7,4,False,False
S0009314,U001717,2024-07-10,Desktop,Android,Firefox,Paid Search,18,3,False,False
S0009315,U000689,2025-05-04,Desktop,macOS,Firefox,YouTube,29,11,False,False
S0009316,U000101,2024-01-21,Tablet,iOS,Safari,Paid Search,53,6,False,False
S0009317,U000985,2024-09-12,Desktop,macOS,Edge,YouTube,35,2,False,False
S0009318,U001937,2025-08-24,Mobile,iOS,Firefox,Referral,33,12,False,True
S0009319,U001184,2025-04-03,Mobile,macOS,Chrome,YouTube,49,10,False,False
S0009320,U000609,2025-10-17,Mobile,macOS,Safari,Paid Search,42,5,False,False
S0009321,U000061,2025-11-05,Mobile,Android,Safari,YouTube,25,6,False,False
S0009322,U000256,2024-03-08,Desktop,Windows,Safari,YouTube,17,3,False,False
S0009323,U001804,2025-01-19,Tablet,Android,Safari,YouTube,9,2,False,False
S0009324,U001610,2024-01-09,Mobile,iOS,Safari,Organic Search,58,4,False,False
S0009325,U000387,2025-07-10,Tablet,macOS,Safari,YouTube,22,10,False,False
S0009326,U001112,2025-10-06,Mobile,Android,Edge,Direct,27,11,False,False
S0009327,U001703,2025-06-22,Tablet,Android,Firefox,YouTube,14,12,False,False
S0009328,U000197,2025-09-16,Mobile,macOS,Chrome,Paid Search,11,8,False,False
S0009329,U000437,2024-08-08,Tablet,Android,Chrome,YouTube,37,2,False,False
S0009330,U000295,2024-02-11,Mobile,macOS,Edge,Email,1,5,False,False
S0009331,U000650,2024-12-21,Mobile,Windows,Edge,Facebook,42,12,False,False
S0009332,U000947,2024-10-14,Tablet,iOS,Chrome,Direct,35,3,False,False
S0009333,U001437,2025-11-27,Tablet,Android,Firefox,Paid Search,35,11,False,False
S0009334,U000684,2025-05-08,Desktop,Windows,Firefox,YouTube,42,10,False,False
S0009335,U000394,2025-01-23,Tablet,Windows,Edge,Instagram,15,10,False,False
S0009336,U000156,2025-10-04,Tablet,Android,Safari,Organic Search,53,11,False,False
S0009337,U001222,2025-03-15,Mobile,macOS,Safari,Direct,39,7,False,False
S0009338,U000380,2025-11-21,Tablet,Android,Edge,Referral,32,4,False,False
S0009339,U000525,2025-07-15,Mobile,Windows,Edge,Paid Search,42,7,False,False
S0009340,U000382,2024-04-10,Desktop,iOS,Firefox,Direct,34,9,False,False
S0009341,U001183,2025-06-12,Mobile,Windows,Safari,Facebook,55,8,False,False
S0009342,U000231,2024-09-19,Desktop,Windows,Firefox,Paid Search,23,4,False,False
S0009343,U000169,2024-05-25,Mobile,macOS,Firefox,Direct,36,12,False,True
S0009344,U000878,2025-06-29,Mobile,macOS,Safari,Paid Search,24,9,False,False
S0009345,U001564,2025-04-24,Tablet,macOS,Firefox,Facebook,20,12,False,False
S0009346,U000299,2024-01-31,Tablet,macOS,Firefox,YouTube,7,1,True,False
S0009347,U001607,2024-10-02,Desktop,Android,Chrome,YouTube,33,6,False,False
S0009348,U001004,2024-10-09,Mobile,iOS,Firefox,Facebook,25,8,False,False
S0009349,U001801,2024-06-07,Desktop,iOS,Edge,Organic Search,15,5,False,False
S0009350,U000094,2025-03-08,Tablet,macOS,Chrome,Referral,46,12,False,False
S0009351,U000154,2025-07-20,Tablet,Android,Edge,Direct,33,5,False,False
S0009352,U001200,2024-03-12,Tablet,Windows,Chrome,Direct,45,5,False,False
S0009353,U001285,2025-01-29,Mobile,Android,Edge,Referral,42,4,False,False
S0009354,U001380,2025-03-19,Desktop,Android,Chrome,Email,29,8,False,False
S0009355,U000164,2024-12-06,Desktop,iOS,Edge,Email,21,1,True,False
S0009356,U001724,2025-01-28,Mobile,Android,Safari,YouTube,60,10,False,False
S0009357,U001860,2024-01-23,Mobile,macOS,Firefox,Paid Search,15,1,True,False
S0009358,U000638,2024-12-21,Tablet,macOS,Safari,Email,39,9,False,False
S0009359,U000452,2024-06-21,Desktop,macOS,Firefox,YouTube,7,12,False,False
S0009360,U001502,2025-05-09,Tablet,Windows,Edge,Facebook,44,4,False,False
S0009361,U000284,2025-08-20,Desktop,Windows,Edge,Referral,56,10,False,False
S0009362,U001617,2025-05-23,Desktop,macOS,Chrome,Facebook,25,9,False,True
S0009363,U000236,2025-10-10,Mobile,iOS,Edge,Organic Search,36,1,True,False
S0009364,U000119,2024-08-16,Mobile,Android,Firefox,Instagram,28,10,False,False
S0009365,U000626,2025-06-10,Desktop,macOS,Edge,Organic Search,25,5,False,False
S0009366,U000196,2025-05-01,Mobile,Android,Edge,Paid Search,40,1,True,False
S0009367,U001752,2025-05-18,Mobile,Android,Safari,Email,36,10,False,False
S0009368,U000766,2024-11-12,Mobile,Windows,Safari,Direct,5,1,True,True
S0009369,U000061,2025-04-26,Desktop,macOS,Edge,Direct,39,11,False,False
S0009370,U000296,2025-03-05,Tablet,Android,Edge,YouTube,13,2,False,False
S0009371,U000476,2025-07-08,Desktop,Android,Edge,Referral,27,8,False,False
S0009372,U000868,2024-04-24,Desktop,macOS,Safari,Email,42,4,False,False
S0009373,U000600,2025-12-07,Tablet,Android,Chrome,Instagram,20,7,False,False
S0009374,U001067,2025-11-05,Tablet,iOS,Safari,Instagram,58,3,False,False
S0009375,U000870,2025-07-07,Desktop,Android,Edge,Organic Search,39,10,False,False
S0009376,U001343,2025-05-20,Tablet,iOS,Firefox,Referral,50,4,False,False
S0009377,U001170,2024-12-22,Desktop,iOS,Edge,Paid Search,47,3,False,False
S0009378,U001261,2025-07-05,Tablet,iOS,Safari,Paid Search,8,5,False,False
S0009379,U001884,2024-04-28,Tablet,Windows,Firefox,Paid Search,37,8,False,False
S0009380,U000325,2025-01-06,Tablet,Windows,Edge,Organic Search,51,9,False,False
S0009381,U001633,2024-08-10,Mobile,Windows,Firefox,Organic Search,7,9,False,False
S0009382,U001035,2024-08-19,Mobile,iOS,Edge,Paid Search,30,11,False,False
S0009383,U000204,2025-06-11,Desktop,Windows,Firefox,Referral,34,2,False,True
S0009384,U001631,2024-04-04,Mobile,macOS,Chrome,Facebook,16,8,False,False
S0009385,U001007,2024-07-08,Desktop,Windows,Firefox,Email,56,1,True,False
S0009386,U001782,2024-05-13,Mobile,Android,Chrome,Email,49,12,False,False
S0009387,U000454,2024-08-23,Desktop,Windows,Chrome,Email,11,6,False,False
S0009388,U000097,2024-10-12,Tablet,macOS,Safari,Email,32,3,False,False
S0009389,U001288,2025-12-24,Mobile,Android,Safari,YouTube,7,2,False,False
S0009390,U000615,2024-12-01,Tablet,Android,Chrome,YouTube,24,2,False,False
S0009391,U001410,2024-03-26,Mobile,Android,Firefox,Email,31,10,False,False
S0009392,U000592,2025-10-22,Mobile,Windows,Firefox,Referral,46,5,False,False
S0009393,U001088,2024-07-09,Desktop,Windows,Safari,Direct,25,2,False,False
S0009394,U001945,2024-06-06,Tablet,iOS,Firefox,Organic Search,39,11,False,False
S0009395,U000817,2024-03-09,Desktop,macOS,Edge,Direct,54,5,False,False
S0009396,U001566,2024-02-24,Mobile,iOS,Chrome,Facebook,57,1,True,False
S0009397,U000535,2025-08-14,Tablet,iOS,Safari,Paid Search,57,7,False,False
S0009398,U000842,2025-10-25,Desktop,iOS,Edge,YouTube,14,7,False,False
S0009399,U000839,2024-07-05,Mobile,Windows,Safari,Email,36,2,False,False
S0009400,U001304,2024-10-28,Desktop,Android,Chrome,Instagram,43,2,False,False
S0009401,U000461,2025-11-09,Tablet,Android,Chrome,Direct,27,3,False,False
S0009402,U001986,2024-05-14,Tablet,Android,Safari,Facebook,15,5,False,False
S0009403,U000403,2024-12-15,Tablet,macOS,Firefox,Organic Search,56,8,False,False
S0009404,U001844,2024-08-29,Tablet,iOS,Chrome,Referral,16,1,True,True
S0009405,U000373,2024-01-26,Tablet,iOS,Firefox,Referral,41,8,False,False
S0009406,U000685,2024-12-05,Mobile,macOS,Chrome,Referral,29,11,False,False
S0009407,U000611,2025-02-07,Mobile,Android,Chrome,Facebook,5,6,False,False
S0009408,U001662,2025-10-31,Desktop,Android,Safari,Facebook,25,5,False,False
S0009409,U001999,2024-06-25,Tablet,macOS,Firefox,YouTube,5,4,False,False
S0009410,U000379,2025-03-17,Mobile,iOS,Safari,Facebook,26,10,False,False
S0009411,U001138,2025-05-10,Tablet,macOS,Firefox,Direct,39,1,True,False
S0009412,U000362,2025-07-30,Desktop,macOS,Edge,Paid Search,1,8,False,False
S0009413,U000629,2025-08-31,Mobile,Android,Chrome,Email,43,2,False,False
S0009414,U001184,2024-07-25,Desktop,Windows,Safari,YouTube,10,1,True,False
S0009415,U000524,2025-05-05,Desktop,iOS,Chrome,Email,10,7,False,False
S0009416,U000072,2025-07-10,Mobile,macOS,Safari,Direct,58,7,False,False
S0009417,U001760,2025-11-28,Mobile,Android,Chrome,Direct,11,6,False,False
S0009418,U001159,2024-10-12,Desktop,iOS,Edge,Referral,7,1,True,False
S0009419,U000049,2025-03-23,Mobile,macOS,Firefox,Referral,12,6,False,True
S0009420,U000339,2024-01-07,Desktop,Android,Firefox,Facebook,32,2,False,False
S0009421,U001098,2024-10-29,Tablet,iOS,Chrome,Instagram,16,5,False,False
S0009422,U001166,2025-07-04,Tablet,Windows,Safari,Paid Search,59,8,False,True
S0009423,U000647,2024-07-28,Mobile,macOS,Safari,Email,54,8,False,False
S0009424,U001017,2024-06-06,Mobile,Android,Safari,Email,12,10,False,False
S0009425,U001652,2025-06-13,Desktop,Android,Edge,Instagram,9,4,False,False
S0009426,U001563,2025-06-30,Mobile,Android,Firefox,Organic Search,51,5,False,False
S0009427,U001720,2025-11-15,Mobile,Android,Chrome,YouTube,34,12,False,False
S0009428,U000791,2025-08-11,Desktop,Android,Safari,Organic Search,36,3,False,False
S0009429,U001816,2024-07-12,Tablet,iOS,Chrome,Direct,52,9,False,False
S0009430,U001245,2025-08-15,Desktop,Windows,Chrome,YouTube,5,12,False,False
S0009431,U000191,2024-08-29,Tablet,Windows,Safari,Facebook,3,9,False,False
S0009432,U000829,2025-08-16,Desktop,iOS,Firefox,Paid Search,41,11,False,False
S0009433,U000853,2024-05-14,Tablet,Android,Firefox,Facebook,25,12,False,False
S0009434,U001601,2025-11-20,Desktop,Windows,Firefox,Paid Search,11,7,False,False
S0009435,U001882,2025-08-20,Desktop,macOS,Firefox,Referral,8,9,False,False
S0009436,U001815,2024-07-30,Tablet,Android,Edge,Facebook,28,2,False,False
S0009437,U001466,2025-08-04,Mobile,macOS,Firefox,Instagram,28,10,False,True
S0009438,U001400,2024-09-25,Desktop,Android,Edge,Instagram,17,6,False,False
S0009439,U001318,2024-05-24,Desktop,Windows,Firefox,Direct,10,6,False,False
S0009440,U000510,2025-10-14,Tablet,Windows,Firefox,YouTube,25,9,False,False
S0009441,U001578,2024-04-01,Desktop,Windows,Edge,YouTube,9,6,False,True
S0009442,U001484,2024-04-18,Desktop,Windows,Safari,Email,59,1,True,False
S0009443,U000176,2025-01-01,Mobile,Android,Edge,Facebook,21,11,False,False
S0009444,U001778,2025-04-23,Mobile,Windows,Firefox,Referral,12,10,False,True
S0009445,U001084,2024-09-18,Tablet,iOS,Firefox,Direct,27,7,False,False
S0009446,U000504,2025-09-10,Tablet,macOS,Edge,Organic Search,58,7,False,False
S0009447,U001706,2024-10-21,Tablet,iOS,Edge,Email,60,12,False,False
S0009448,U001417,2025-03-31,Mobile,iOS,Firefox,Facebook,56,4,False,False
S0009449,U001127,2024-07-26,Mobile,iOS,Edge,Direct,41,7,False,False
S0009450,U001055,2025-09-11,Desktop,Windows,Safari,Referral,46,6,False,False
S0009451,U000883,2025-09-30,Mobile,macOS,Firefox,Organic Search,21,8,False,False
S0009452,U000446,2025-12-26,Tablet,Windows,Chrome,Organic Search,50,5,False,False
S0009453,U001785,2024-11-19,Mobile,Windows,Edge,Email,41,1,True,False
S0009454,U000878,2024-08-25,Mobile,macOS,Edge,Referral,50,6,False,False
S0009455,U001017,2024-06-08,Tablet,iOS,Chrome,Facebook,36,10,False,False
S0009456,U000017,2025-02-19,Mobile,macOS,Safari,YouTube,18,10,False,False
S0009457,U000316,2024-04-28,Mobile,Android,Safari,Paid Search,55,5,False,False
S0009458,U000657,2024-07-26,Tablet,Windows,Firefox,Organic Search,58,5,False,False
S0009459,U001319,2025-03-13,Desktop,Android,Edge,Facebook,24,5,False,False
S0009460,U000147,2024-10-23,Tablet,iOS,Safari,Email,24,1,True,False
S0009461,U000697,2024-07-08,Tablet,iOS,Safari,YouTube,24,4,False,False
S0009462,U000038,2025-04-03,Mobile,Android,Safari,Organic Search,12,4,False,False
S0009463,U001927,2025-05-19,Desktop,macOS,Safari,Facebook,30,2,False,False
S0009464,U000634,2025-05-12,Desktop,Windows,Edge,Facebook,16,6,False,False
S0009465,U000583,2025-03-14,Mobile,iOS,Safari,Referral,30,6,False,False
S0009466,U000203,2025-04-21,Mobile,macOS,Chrome,Instagram,30,9,False,False
S0009467,U001499,2024-06-16,Mobile,Windows,Chrome,YouTube,12,12,False,False
S0009468,U000559,2024-05-02,Mobile,macOS,Chrome,Paid Search,9,8,False,False
S0009469,U000382,2025-11-10,Desktop,iOS,Safari,Paid Search,41,4,False,False
S0009470,U001095,2024-03-20,Desktop,iOS,Chrome,Referral,11,7,False,False
S0009471,U000748,2024-05-10,Mobile,iOS,Chrome,Referral,48,4,False,False
S0009472,U000568,2025-06-11,Mobile,Windows,Safari,Email,17,10,False,False
S0009473,U001411,2024-10-29,Mobile,Android,Chrome,Direct,43,3,False,False
S0009474,U000610,2024-06-29,Tablet,macOS,Chrome,Direct,15,1,True,False
S0009475,U001095,2025-02-13,Tablet,Android,Chrome,YouTube,2,9,False,False
S0009476,U001458,2024-05-04,Mobile,Android,Firefox,Email,49,6,False,False
S0009477,U001678,2025-06-24,Desktop,Android,Chrome,Direct,59,7,False,False
S0009478,U000412,2024-07-19,Tablet,macOS,Firefox,Referral,43,5,False,True
S0009479,U000114,2025-03-20,Mobile,Android,Chrome,YouTube,9,4,False,False
S0009480,U001192,2024-12-23,Tablet,Windows,Safari,Instagram,32,6,False,True
S0009481,U001232,2025-07-10,Desktop,Windows,Firefox,Referral,53,6,False,False
S0009482,U001167,2025-04-16,Tablet,Windows,Firefox,YouTube,25,11,False,False
S0009483,U000446,2024-10-20,Mobile,macOS,Edge,Instagram,23,3,False,False
S0009484,U000604,2025-07-10,Desktop,Android,Chrome,Referral,39,1,True,False
S0009485,U000734,2025-04-19,Desktop,macOS,Chrome,Email,23,8,False,False
S0009486,U001615,2024-02-20,Desktop,Windows,Chrome,Instagram,1,4,False,True
S0009487,U001129,2024-06-27,Mobile,iOS,Edge,Direct,25,8,False,False
S0009488,U000258,2024-09-10,Mobile,Windows,Safari,Direct,18,8,False,False
S0009489,U001072,2024-12-06,Desktop,iOS,Firefox,Email,57,10,False,True
S0009490,U000783,2025-04-04,Tablet,iOS,Edge,Facebook,34,2,False,False
S0009491,U001420,2024-04-18,Mobile,Android,Firefox,Paid Search,14,9,False,True
S0009492,U000525,2025-04-10,Tablet,Windows,Edge,Instagram,46,3,False,False
S0009493,U000492,2025-10-11,Tablet,iOS,Firefox,Organic Search,58,5,False,False
S0009494,U001030,2025-05-05,Desktop,iOS,Firefox,Referral,53,2,False,False
S0009495,U000166,2025-07-26,Desktop,macOS,Chrome,Referral,14,10,False,False
S0009496,U000946,2024-12-31,Tablet,macOS,Firefox,Email,42,5,False,False
S0009497,U000228,2024-07-09,Tablet,iOS,Firefox,Direct,58,2,False,False
S0009498,U000814,2025-05-10,Tablet,Android,Safari,YouTube,29,10,False,False
S0009499,U001092,2024-07-27,Tablet,Windows,Chrome,Organic Search,12,6,False,False
S0009500,U001484,2025-08-21,Desktop,iOS,Safari,Organic Search,15,12,False,True
S0009501,U001879,2024-01-07,Tablet,macOS,Safari,YouTube,19,2,False,False
S0009502,U000401,2025-01-16,Mobile,Windows,Safari,Instagram,16,1,True,False
S0009503,U001321,2025-03-26,Tablet,Windows,Firefox,Email,38,8,False,False
S0009504,U001519,2024-11-03,Tablet,macOS,Edge,Email,21,11,False,False
S0009505,U000944,2025-09-26,Desktop,iOS,Edge,Facebook,23,12,False,True
S0009506,U001024,2025-06-19,Desktop,Android,Firefox,Instagram,6,6,False,False
S0009507,U001147,2025-07-05,Mobile,Android,Safari,YouTube,14,1,True,False
S0009508,U000125,2025-01-31,Tablet,Android,Chrome,Facebook,24,11,False,False
S0009509,U001254,2025-11-01,Tablet,iOS,Firefox,Referral,19,10,False,False
S0009510,U001361,2025-01-17,Mobile,iOS,Edge,Email,39,2,False,False
S0009511,U000325,2024-09-28,Tablet,iOS,Chrome,Direct,31,12,False,False
S0009512,U000885,2024-04-28,Desktop,Android,Firefox,YouTube,10,3,False,False
S0009513,U001261,2025-01-24,Desktop,macOS,Chrome,Facebook,18,7,False,True
S0009514,U001041,2025-08-24,Tablet,macOS,Safari,Instagram,6,1,True,False
S0009515,U001058,2025-08-04,Desktop,iOS,Safari,Direct,29,2,False,False
S0009516,U000577,2025-11-26,Mobile,Windows,Edge,Paid Search,33,10,False,False
S0009517,U000449,2024-07-05,Mobile,macOS,Chrome,Direct,38,7,False,False
S0009518,U001106,2025-03-08,Desktop,macOS,Edge,Referral,52,11,False,False
S0009519,U001237,2024-10-24,Mobile,iOS,Chrome,Instagram,13,1,True,False
S0009520,U000880,2024-03-10,Tablet,iOS,Chrome,Referral,2,11,False,False
S0009521,U001153,2025-04-21,Mobile,macOS,Chrome,Organic Search,26,8,False,False
S0009522,U001035,2025-04-25,Desktop,iOS,Edge,Email,9,8,False,False
S0009523,U000516,2025-04-15,Tablet,Android,Chrome,Organic Search,41,10,False,False
S0009524,U001361,2025-04-10,Tablet,Android,Safari,Referral,31,9,False,False
S0009525,U001046,2024-10-09,Mobile,Android,Chrome,Referral,39,7,False,False
S0009526,U001846,2024-09-12,Mobile,Android,Edge,Paid Search,37,6,False,False
S0009527,U001858,2024-09-06,Mobile,iOS,Edge,Referral,18,2,False,False
S0009528,U000585,2025-07-18,Desktop,iOS,Chrome,Email,45,10,False,True
S0009529,U000870,2024-02-14,Tablet,Android,Edge,Facebook,40,8,False,False
S0009530,U001345,2024-01-13,Desktop,iOS,Edge,Organic Search,12,11,False,False
S0009531,U001685,2025-08-31,Tablet,Android,Edge,YouTube,2,8,False,False
S0009532,U001308,2025-11-01,Tablet,Windows,Firefox,YouTube,23,12,False,False
S0009533,U000475,2024-05-25,Desktop,Android,Edge,YouTube,36,6,False,False
S0009534,U000289,2024-02-11,Mobile,macOS,Edge,Instagram,54,1,True,False
S0009535,U001240,2024-03-28,Mobile,Windows,Firefox,YouTube,47,5,False,False
S0009536,U001120,2025-09-06,Mobile,Windows,Firefox,Email,7,3,False,False
S0009537,U001368,2025-03-13,Desktop,macOS,Chrome,Email,27,3,False,False
S0009538,U001019,2024-02-22,Tablet,Windows,Safari,Instagram,21,4,False,False
S0009539,U001595,2024-02-19,Desktop,macOS,Edge,Direct,37,5,False,False
S0009540,U000045,2025-12-20,Tablet,Windows,Safari,Email,56,5,False,True
S0009541,U000827,2024-04-24,Desktop,macOS,Chrome,Paid Search,57,7,False,False
S0009542,U000471,2024-12-20,Tablet,iOS,Chrome,Referral,33,11,False,False
S0009543,U000307,2025-07-27,Tablet,Windows,Chrome,Instagram,45,5,False,False
S0009544,U000509,2025-07-14,Mobile,Windows,Firefox,Referral,54,6,False,False
S0009545,U000468,2024-02-21,Mobile,iOS,Chrome,Referral,13,7,False,False
S0009546,U001389,2024-07-12,Tablet,Android,Firefox,Organic Search,3,12,False,False
S0009547,U001358,2024-01-06,Tablet,macOS,Safari,Paid Search,41,6,False,False
S0009548,U000845,2025-03-02,Tablet,macOS,Firefox,Organic Search,1,10,False,False
S0009549,U000275,2025-12-14,Tablet,Android,Chrome,Instagram,19,11,False,False
S0009550,U001366,2025-05-10,Mobile,Windows,Firefox,Paid Search,1,5,False,False
S0009551,U000667,2024-02-10,Tablet,macOS,Edge,YouTube,9,1,True,False
S0009552,U000924,2025-11-20,Desktop,macOS,Firefox,Email,22,4,False,False
S0009553,U000436,2024-11-09,Mobile,Windows,Safari,Instagram,28,10,False,False
S0009554,U001765,2024-03-13,Desktop,Android,Edge,Facebook,19,3,False,False
S0009555,U001492,2024-02-20,Mobile,Android,Firefox,Paid Search,47,12,False,False
S0009556,U001600,2025-05-27,Tablet,Windows,Safari,Direct,21,11,False,False
S0009557,U001695,2025-06-07,Mobile,macOS,Edge,Instagram,36,6,False,False
S0009558,U000185,2024-12-06,Tablet,Windows,Firefox,Paid Search,2,11,False,False
S0009559,U001322,2024-02-22,Tablet,Windows,Edge,Paid Search,1,6,False,False
S0009560,U000003,2025-07-16,Mobile,iOS,Chrome,Paid Search,49,12,False,False
S0009561,U001419,2024-10-06,Mobile,Android,Edge,Instagram,41,6,False,False
S0009562,U001828,2025-04-09,Desktop,Windows,Edge,Organic Search,33,6,False,False
S0009563,U001606,2024-10-05,Tablet,iOS,Safari,Organic Search,29,12,False,False
S0009564,U000946,2024-06-03,Desktop,macOS,Edge,Instagram,23,3,False,False
S0009565,U001262,2024-09-23,Tablet,Android,Safari,YouTube,21,11,False,False
S0009566,U001205,2025-03-18,Tablet,Windows,Chrome,Referral,27,2,False,False
S0009567,U001787,2024-10-13,Tablet,iOS,Firefox,Direct,10,5,False,False
S0009568,U000610,2025-02-21,Mobile,Windows,Firefox,Instagram,7,3,False,False
S0009569,U001073,2025-07-15,Tablet,iOS,Firefox,Organic Search,26,11,False,False
S0009570,U001154,2025-12-29,Tablet,iOS,Safari,Referral,18,6,False,False
S0009571,U001018,2024-02-01,Tablet,Windows,Firefox,Direct,21,7,False,False
S0009572,U000673,2024-07-16,Tablet,Android,Safari,Paid Search,47,3,False,False
S0009573,U001492,2024-10-22,Desktop,macOS,Safari,Instagram,1,7,False,False
S0009574,U000832,2024-06-29,Mobile,Windows,Chrome,Organic Search,47,6,False,False
S0009575,U001794,2025-11-16,Desktop,Android,Edge,Email,35,2,False,False
S0009576,U001640,2024-01-08,Mobile,Windows,Safari,Instagram,25,5,False,False
S0009577,U000495,2025-09-10,Desktop,macOS,Chrome,Organic Search,40,9,False,False
S0009578,U000423,2024-02-25,Desktop,macOS,Chrome,Email,31,10,False,False
S0009579,U001267,2024-08-06,Mobile,iOS,Safari,Direct,4,4,False,True
S0009580,U000568,2025-03-04,Desktop,Windows,Safari,Facebook,41,3,False,True
S0009581,U000496,2024-06-24,Tablet,iOS,Safari,YouTube,31,3,False,False
S0009582,U001910,2025-05-26,Tablet,Android,Chrome,Email,1,11,False,True
S0009583,U000659,2025-01-16,Desktop,macOS,Chrome,Instagram,45,4,False,True
S0009584,U001733,2025-02-28,Tablet,Android,Edge,Referral,7,10,False,False
S0009585,U000706,2024-02-14,Mobile,Android,Safari,Email,58,3,False,False
S0009586,U000942,2024-05-25,Desktop,macOS,Edge,Email,37,10,False,False
S0009587,U000407,2025-09-24,Mobile,Android,Firefox,Referral,33,6,False,False
S0009588,U000065,2024-05-08,Mobile,iOS,Edge,Email,14,4,False,False
S0009589,U000408,2024-12-11,Mobile,Android,Safari,Instagram,37,10,False,False
S0009590,U000402,2024-03-22,Desktop,iOS,Chrome,Email,39,3,False,False
S0009591,U001837,2025-08-11,Mobile,Windows,Chrome,YouTube,54,8,False,False
S0009592,U000519,2024-07-09,Mobile,macOS,Safari,Direct,13,9,False,False
S0009593,U000963,2024-06-05,Mobile,Windows,Edge,Direct,43,3,False,True
S0009594,U001737,2025-08-20,Mobile,Windows,Edge,Referral,33,4,False,True
S0009595,U001803,2024-03-18,Tablet,iOS,Safari,Facebook,19,8,False,False
S0009596,U000310,2025-08-17,Tablet,iOS,Safari,Paid Search,60,7,False,False
S0009597,U001807,2025-08-10,Desktop,Android,Chrome,YouTube,16,12,False,True
S0009598,U001840,2025-06-26,Mobile,iOS,Safari,Organic Search,7,1,True,False
S0009599,U001168,2024-12-14,Tablet,Windows,Safari,Facebook,51,7,False,False
S0009600,U001850,2025-04-27,Mobile,Android,Chrome,YouTube,45,9,False,False
S0009601,U000842,2024-01-12,Desktop,macOS,Chrome,Paid Search,33,2,False,False
S0009602,U000589,2024-05-10,Desktop,Android,Safari,Organic Search,44,1,True,False
S0009603,U000526,2024-02-20,Tablet,Windows,Edge,Direct,57,7,False,False
S0009604,U001231,2024-04-03,Tablet,Windows,Firefox,Direct,25,1,True,False
S0009605,U001503,2024-11-09,Desktop,Windows,Firefox,Instagram,17,6,False,False
S0009606,U000232,2024-04-21,Mobile,Android,Firefox,Direct,48,9,False,False
S0009607,U001990,2024-02-16,Mobile,Android,Edge,Organic Search,36,8,False,False
S0009608,U000953,2024-02-15,Desktop,iOS,Edge,Facebook,29,8,False,False
S0009609,U000879,2025-09-19,Desktop,iOS,Chrome,Direct,32,5,False,False
S0009610,U000849,2024-10-15,Desktop,iOS,Chrome,Direct,13,1,True,False
S0009611,U001786,2024-11-25,Mobile,Android,Firefox,Facebook,8,3,False,False
S0009612,U001650,2025-01-24,Desktop,Windows,Chrome,Facebook,26,2,False,True
S0009613,U000366,2025-10-08,Desktop,macOS,Chrome,Direct,4,4,False,False
S0009614,U000364,2025-01-30,Desktop,Windows,Chrome,Organic Search,15,6,False,False
S0009615,U001534,2024-10-07,Desktop,macOS,Firefox,Organic Search,41,4,False,False
S0009616,U001813,2025-02-07,Mobile,macOS,Safari,Instagram,26,3,False,True
S0009617,U001598,2024-08-11,Mobile,macOS,Firefox,Instagram,6,5,False,False
S0009618,U001377,2024-02-07,Desktop,macOS,Firefox,Facebook,21,12,False,False
S0009619,U001068,2025-03-25,Mobile,macOS,Chrome,Referral,59,5,False,False
S0009620,U001839,2024-03-17,Mobile,iOS,Safari,YouTube,6,8,False,False
S0009621,U000951,2024-07-25,Mobile,macOS,Firefox,Facebook,13,10,False,False
S0009622,U001821,2025-05-22,Mobile,iOS,Chrome,YouTube,42,10,False,False
S0009623,U000436,2024-06-30,Desktop,Windows,Chrome,Direct,48,5,False,False
S0009624,U001360,2024-07-25,Tablet,Android,Safari,Facebook,31,12,False,True
S0009625,U000237,2024-01-31,Tablet,iOS,Firefox,Facebook,7,2,False,False
S0009626,U000080,2024-08-27,Desktop,Windows,Safari,Organic Search,3,2,False,False
S0009627,U001356,2024-04-07,Mobile,Windows,Chrome,Organic Search,30,6,False,False
S0009628,U000834,2025-06-27,Mobile,Android,Safari,Organic Search,46,12,False,True
S0009629,U000552,2025-11-11,Mobile,Windows,Edge,Email,10,6,False,False
S0009630,U000160,2025-01-05,Tablet,Windows,Firefox,Email,52,6,False,False
S0009631,U001990,2025-04-07,Desktop,Windows,Chrome,Instagram,46,9,False,False
S0009632,U001308,2024-09-04,Mobile,macOS,Firefox,Referral,18,2,False,False
S0009633,U000383,2024-03-11,Desktop,Windows,Chrome,Direct,51,2,False,False
S0009634,U001790,2024-12-31,Mobile,macOS,Chrome,Email,10,11,False,False
S0009635,U000820,2024-07-28,Desktop,macOS,Safari,Paid Search,10,1,True,False
S0009636,U000222,2024-03-10,Mobile,Windows,Chrome,Instagram,9,10,False,False
S0009637,U001410,2024-03-18,Mobile,macOS,Chrome,YouTube,26,10,False,False
S0009638,U000587,2025-03-04,Tablet,Android,Chrome,Facebook,9,7,False,False
S0009639,U001990,2024-03-18,Tablet,iOS,Safari,Instagram,23,11,False,False
S0009640,U000307,2024-09-29,Mobile,iOS,Safari,Paid Search,3,3,False,False
S0009641,U000434,2024-04-02,Tablet,Android,Firefox,Referral,36,11,False,False
S0009642,U001668,2025-05-22,Mobile,Android,Safari,YouTube,5,8,False,False
S0009643,U000815,2025-10-26,Desktop,iOS,Safari,Email,56,8,False,False
S0009644,U001789,2024-02-18,Mobile,macOS,Firefox,Paid Search,29,9,False,False
S0009645,U001313,2025-12-15,Tablet,macOS,Edge,Paid Search,55,2,False,False
S0009646,U001656,2024-06-23,Tablet,Android,Edge,Facebook,5,8,False,False
S0009647,U001991,2024-07-14,Tablet,iOS,Safari,Direct,2,11,False,False
S0009648,U000234,2025-02-07,Tablet,macOS,Edge,Referral,27,4,False,False
S0009649,U000270,2024-09-12,Tablet,macOS,Edge,Referral,16,3,False,False
S0009650,U000829,2025-06-06,Tablet,iOS,Firefox,Email,29,5,False,False
S0009651,U000366,2024-06-25,Desktop,iOS,Chrome,Referral,52,6,False,False
S0009652,U001066,2024-05-18,Desktop,Android,Safari,Email,33,10,False,False
S0009653,U001926,2024-08-01,Desktop,iOS,Edge,Referral,3,6,False,False
S0009654,U000169,2024-07-30,Tablet,macOS,Edge,Direct,50,4,False,False
S0009655,U001206,2024-01-15,Desktop,Android,Safari,Direct,19,12,False,False
S0009656,U000281,2025-05-29,Tablet,Android,Chrome,Facebook,11,4,False,True
S0009657,U000457,2024-06-05,Desktop,Windows,Edge,Facebook,59,1,True,True
S0009658,U000640,2025-08-27,Mobile,iOS,Chrome,Facebook,34,7,False,False
S0009659,U001570,2025-08-12,Tablet,iOS,Chrome,Email,39,6,False,False
S0009660,U000665,2024-04-21,Mobile,Android,Edge,Organic Search,49,6,False,False
S0009661,U000760,2024-01-21,Tablet,Windows,Edge,YouTube,13,7,False,False
S0009662,U001904,2025-05-09,Tablet,Android,Firefox,Direct,54,3,False,False
S0009663,U001926,2024-10-28,Mobile,Windows,Firefox,Facebook,19,9,False,True
S0009664,U000945,2024-03-27,Mobile,macOS,Edge,Direct,6,4,False,False
S0009665,U000039,2025-03-24,Mobile,Windows,Firefox,Organic Search,33,10,False,False
S0009666,U000811,2024-10-31,Tablet,Windows,Safari,YouTube,55,1,True,True
S0009667,U001950,2024-06-11,Mobile,Windows,Firefox,Organic Search,22,8,False,False
S0009668,U000260,2024-11-10,Tablet,Windows,Chrome,Paid Search,13,2,False,False
S0009669,U000869,2025-03-11,Tablet,macOS,Edge,Direct,48,8,False,False
S0009670,U001575,2024-10-03,Desktop,iOS,Safari,YouTube,55,4,False,False
S0009671,U001515,2024-11-08,Desktop,macOS,Firefox,Organic Search,42,9,False,False
S0009672,U001789,2024-11-18,Mobile,iOS,Firefox,Referral,45,11,False,False
S0009673,U001369,2024-07-28,Desktop,iOS,Edge,Referral,1,10,False,False
S0009674,U000434,2025-11-21,Desktop,iOS,Firefox,Facebook,17,1,True,False
S0009675,U001484,2024-03-29,Mobile,Android,Chrome,Facebook,8,1,True,False
S0009676,U001657,2024-09-29,Mobile,Android,Chrome,Email,49,2,False,False
S0009677,U001214,2024-09-11,Desktop,macOS,Edge,Facebook,47,9,False,False
S0009678,U000140,2025-08-29,Tablet,iOS,Safari,Paid Search,9,10,False,False
S0009679,U000872,2024-06-21,Mobile,Android,Firefox,Instagram,10,3,False,False
S0009680,U001268,2024-12-03,Tablet,iOS,Chrome,YouTube,43,12,False,False
S0009681,U001682,2025-11-11,Mobile,Android,Edge,YouTube,53,6,False,False
S0009682,U000880,2025-11-19,Tablet,Android,Chrome,YouTube,57,7,False,False
S0009683,U001138,2024-03-08,Desktop,Windows,Firefox,Email,29,9,False,False
S0009684,U001698,2024-09-09,Mobile,macOS,Firefox,Facebook,32,5,False,False
S0009685,U000818,2025-06-13,Mobile,Windows,Chrome,Referral,9,4,False,False
S0009686,U000218,2025-07-23,Tablet,iOS,Firefox,Email,2,6,False,False
S0009687,U000872,2024-10-31,Tablet,macOS,Chrome,Referral,43,2,False,False
S0009688,U000681,2024-02-27,Tablet,iOS,Chrome,Email,39,2,False,False
S0009689,U000332,2025-10-21,Tablet,Windows,Chrome,YouTube,39,9,False,False
S0009690,U000196,2024-04-21,Mobile,iOS,Edge,Instagram,3,5,False,False
S0009691,U000661,2024-01-02,Tablet,Windows,Firefox,YouTube,4,10,False,False
S0009692,U000156,2024-12-08,Desktop,iOS,Edge,Email,45,10,False,False
S0009693,U000330,2025-03-17,Desktop,macOS,Firefox,Email,47,8,False,True
S0009694,U000881,2024-05-18,Desktop,Windows,Chrome,Direct,15,4,False,False
S0009695,U000232,2024-03-14,Tablet,Windows,Firefox,YouTube,41,12,False,False
S0009696,U001645,2024-03-27,Mobile,Android,Firefox,Email,48,12,False,False
S0009697,U000646,2024-09-17,Tablet,Android,Chrome,Facebook,4,12,False,False
S0009698,U001747,2025-02-21,Desktop,iOS,Edge,Facebook,34,8,False,False
S0009699,U000490,2024-01-14,Desktop,Android,Chrome,Email,13,12,False,False
S0009700,U001725,2024-12-03,Tablet,iOS,Chrome,Organic Search,41,2,False,False
S0009701,U001989,2024-05-11,Desktop,Windows,Safari,Instagram,47,8,False,False
S0009702,U001893,2024-07-10,Desktop,Windows,Safari,Email,37,9,False,False
S0009703,U001732,2024-08-01,Mobile,iOS,Chrome,Email,12,4,False,False
S0009704,U001271,2025-02-20,Desktop,iOS,Safari,Instagram,33,7,False,False
S0009705,U001821,2024-06-13,Tablet,iOS,Edge,YouTube,5,8,False,False
S0009706,U001855,2024-08-30,Tablet,macOS,Chrome,Facebook,10,12,False,True
S0009707,U000916,2025-04-26,Tablet,iOS,Edge,Organic Search,52,12,False,False
S0009708,U000908,2024-09-11,Desktop,macOS,Chrome,Instagram,50,6,False,False
S0009709,U001860,2024-04-06,Mobile,iOS,Firefox,Referral,19,12,False,True
S0009710,U001292,2024-03-25,Mobile,Windows,Chrome,Instagram,34,9,False,False
S0009711,U001383,2024-03-29,Mobile,iOS,Edge,Instagram,45,1,True,False
S0009712,U000110,2025-06-26,Desktop,Android,Firefox,Referral,13,3,False,False
S0009713,U000950,2025-04-03,Desktop,Windows,Edge,YouTube,59,10,False,False
S0009714,U001587,2025-09-07,Mobile,Android,Edge,Instagram,1,1,True,False
S0009715,U000494,2024-09-11,Desktop,macOS,Safari,Instagram,25,3,False,False
S0009716,U000540,2024-03-24,Desktop,Android,Chrome,Email,5,7,False,False
S0009717,U000295,2025-03-16,Mobile,Windows,Safari,Direct,5,8,False,False
S0009718,U000828,2025-08-11,Desktop,Android,Chrome,YouTube,45,5,False,False
S0009719,U001817,2025-08-22,Mobile,macOS,Safari,Organic Search,48,11,False,False
S0009720,U001743,2024-02-10,Mobile,Android,Edge,YouTube,1,1,True,False
S0009721,U000061,2024-12-09,Desktop,macOS,Edge,YouTube,44,7,False,False
S0009722,U000207,2024-03-09,Tablet,iOS,Firefox,Email,58,1,True,False
S0009723,U000263,2024-07-07,Mobile,Android,Firefox,Instagram,41,8,False,False
S0009724,U000485,2024-08-18,Desktop,macOS,Safari,Email,36,5,False,False
S0009725,U001683,2024-06-05,Mobile,iOS,Safari,Paid Search,19,2,False,False
S0009726,U000234,2024-01-16,Mobile,Windows,Edge,Paid Search,60,6,False,False
S0009727,U001899,2025-06-11,Tablet,macOS,Chrome,Facebook,16,12,False,False
S0009728,U001068,2024-10-14,Mobile,Windows,Firefox,YouTube,14,3,False,False
S0009729,U001893,2024-08-24,Mobile,Windows,Safari,Instagram,34,12,False,False
S0009730,U001629,2025-09-12,Mobile,Android,Firefox,Instagram,28,8,False,False
S0009731,U000177,2025-01-22,Mobile,macOS,Chrome,Referral,38,9,False,False
S0009732,U000337,2024-10-19,Desktop,macOS,Edge,Instagram,21,12,False,False
S0009733,U001976,2025-05-17,Desktop,Android,Firefox,YouTube,2,3,False,True
S0009734,U001718,2025-04-19,Tablet,Android,Firefox,Instagram,52,5,False,False
S0009735,U000074,2025-07-03,Desktop,macOS,Safari,Paid Search,35,7,False,False
S0009736,U000923,2025-02-03,Mobile,Windows,Edge,Organic Search,52,6,False,False
S0009737,U001559,2025-02-24,Mobile,Android,Firefox,Instagram,6,5,False,False
S0009738,U000959,2024-02-15,Desktop,macOS,Safari,Direct,13,9,False,False
S0009739,U001504,2025-11-03,Tablet,Windows,Safari,Instagram,11,5,False,False
S0009740,U000918,2024-03-07,Mobile,Android,Chrome,Organic Search,47,5,False,False
S0009741,U001781,2024-09-28,Tablet,iOS,Chrome,Direct,52,2,False,False
S0009742,U001828,2024-11-29,Mobile,macOS,Chrome,Organic Search,36,4,False,False
S0009743,U001486,2024-09-11,Desktop,Android,Safari,Email,14,1,True,False
S0009744,U000216,2025-12-20,Tablet,Android,Firefox,Paid Search,7,7,False,False
S0009745,U000890,2024-11-22,Mobile,iOS,Safari,Facebook,33,1,True,False
S0009746,U001701,2024-07-31,Mobile,iOS,Edge,Email,58,12,False,False
S0009747,U000855,2025-06-21,Tablet,Windows,Edge,Paid Search,23,9,False,False
S0009748,U000188,2024-06-18,Mobile,macOS,Chrome,Paid Search,9,12,False,False
S0009749,U000327,2025-06-09,Mobile,iOS,Chrome,Direct,29,7,False,False
S0009750,U000187,2025-04-11,Tablet,Windows,Edge,Email,30,9,False,False
S0009751,U001660,2025-09-25,Tablet,macOS,Firefox,Instagram,14,8,False,False
S0009752,U001327,2025-05-14,Desktop,Windows,Safari,Direct,44,10,False,False
S0009753,U000912,2025-05-01,Tablet,Windows,Firefox,Referral,49,10,False,False
S0009754,U001209,2024-10-13,Mobile,Windows,Edge,Organic Search,27,4,False,False
S0009755,U001923,2024-03-24,Desktop,iOS,Edge,Referral,21,2,False,False
S0009756,U001974,2024-11-29,Desktop,macOS,Chrome,Organic Search,57,8,False,False
S0009757,U000197,2024-03-11,Mobile,macOS,Safari,Facebook,8,3,False,False
S0009758,U001512,2025-10-01,Tablet,iOS,Chrome,Instagram,22,2,False,False
S0009759,U000790,2024-06-30,Mobile,macOS,Chrome,Paid Search,52,11,False,False
S0009760,U000725,2025-12-01,Mobile,Windows,Safari,Direct,15,11,False,True
S0009761,U000781,2024-07-15,Tablet,macOS,Firefox,Paid Search,48,8,False,False
S0009762,U001673,2024-08-26,Tablet,Android,Edge,Direct,11,8,False,False
S0009763,U000482,2025-05-02,Mobile,Android,Edge,Email,13,5,False,False
S0009764,U001706,2025-11-12,Desktop,Windows,Chrome,Direct,3,10,False,False
S0009765,U001331,2025-07-25,Mobile,Windows,Edge,Email,25,9,False,False
S0009766,U001683,2025-04-18,Desktop,iOS,Edge,YouTube,18,3,False,False
S0009767,U001465,2024-03-21,Mobile,Android,Edge,Referral,47,3,False,False
S0009768,U000704,2025-05-05,Mobile,iOS,Edge,Referral,4,1,True,False
S0009769,U000586,2024-04-17,Mobile,Android,Safari,Email,41,3,False,False
S0009770,U001889,2025-03-09,Mobile,Windows,Safari,Instagram,59,5,False,False
S0009771,U000671,2024-05-10,Desktop,iOS,Safari,Paid Search,52,3,False,False
S0009772,U000112,2025-02-10,Desktop,Android,Edge,Facebook,19,4,False,False
S0009773,U000990,2024-05-31,Mobile,Android,Firefox,Organic Search,30,10,False,False
S0009774,U000843,2025-07-19,Desktop,macOS,Firefox,Facebook,18,5,False,False
S0009775,U000033,2024-06-01,Desktop,macOS,Edge,Organic Search,35,11,False,False
S0009776,U000002,2024-07-11,Desktop,macOS,Chrome,Direct,35,10,False,False
S0009777,U000161,2024-07-07,Desktop,iOS,Safari,Paid Search,46,2,False,False
S0009778,U001390,2025-08-04,Desktop,macOS,Chrome,Referral,41,9,False,False
S0009779,U001981,2024-03-23,Desktop,Android,Firefox,Email,4,2,False,False
S0009780,U000754,2024-04-29,Tablet,macOS,Firefox,Direct,2,1,True,False
S0009781,U000546,2024-12-06,Mobile,Windows,Safari,Instagram,11,10,False,False
S0009782,U000095,2025-02-06,Tablet,iOS,Edge,Referral,15,6,False,False
S0009783,U000164,2025-04-11,Tablet,Android,Chrome,Email,5,11,False,False
S0009784,U001606,2024-11-28,Desktop,macOS,Edge,Paid Search,15,9,False,False
S0009785,U000248,2024-03-06,Mobile,iOS,Chrome,Email,33,5,False,False
S0009786,U001492,2025-01-26,Desktop,Windows,Chrome,Referral,20,6,False,False
S0009787,U001832,2025-11-29,Mobile,iOS,Edge,Email,31,6,False,False
S0009788,U000583,2024-01-01,Tablet,iOS,Firefox,Instagram,31,5,False,False
S0009789,U000999,2024-03-12,Desktop,Android,Safari,YouTube,50,4,False,True
S0009790,U001825,2025-11-27,Mobile,Windows,Firefox,YouTube,7,11,False,False
S0009791,U000530,2025-01-02,Tablet,Android,Edge,Direct,16,5,False,False
S0009792,U001923,2024-07-15,Tablet,iOS,Firefox,Instagram,22,10,False,False
S0009793,U001554,2024-03-26,Desktop,Windows,Firefox,Referral,51,6,False,False
S0009794,U001165,2025-04-12,Mobile,iOS,Chrome,YouTube,42,10,False,False
S0009795,U000077,2024-06-17,Tablet,Android,Firefox,Facebook,3,7,False,False
S0009796,U001557,2024-10-31,Tablet,Android,Edge,Paid Search,39,12,False,False
S0009797,U000518,2024-07-04,Tablet,Windows,Firefox,YouTube,36,3,False,True
S0009798,U001586,2025-07-06,Mobile,iOS,Chrome,Facebook,35,12,False,False
S0009799,U001248,2025-07-29,Desktop,macOS,Firefox,Referral,57,4,False,False
S0009800,U001460,2024-09-16,Desktop,Android,Safari,YouTube,40,12,False,False
S0009801,U000297,2024-03-27,Tablet,Android,Chrome,Facebook,10,5,False,False
S0009802,U001321,2024-04-28,Tablet,macOS,Chrome,Facebook,3,10,False,False
S0009803,U001912,2024-08-05,Mobile,Android,Firefox,Facebook,31,3,False,False
S0009804,U000412,2025-07-26,Tablet,Android,Firefox,Email,41,10,False,False
S0009805,U001261,2025-10-05,Tablet,macOS,Safari,Referral,15,7,False,False
S0009806,U001900,2025-04-06,Tablet,macOS,Edge,Direct,21,1,True,False
S0009807,U000668,2024-06-03,Desktop,Windows,Firefox,Paid Search,46,11,False,False
S0009808,U001828,2025-06-13,Desktop,macOS,Edge,Email,46,12,False,False
S0009809,U000415,2025-01-05,Desktop,macOS,Safari,Facebook,37,2,False,False
S0009810,U000077,2024-03-23,Tablet,Windows,Firefox,YouTube,16,5,False,False
S0009811,U001563,2024-07-27,Tablet,Windows,Chrome,YouTube,57,8,False,True
S0009812,U001695,2024-09-25,Tablet,macOS,Edge,Instagram,20,6,False,False
S0009813,U000780,2024-01-12,Tablet,Windows,Chrome,Email,10,11,False,False
S0009814,U000087,2025-09-09,Mobile,macOS,Firefox,YouTube,14,5,False,False
S0009815,U001815,2024-05-02,Desktop,iOS,Chrome,Organic Search,19,6,False,False
S0009816,U001881,2024-06-23,Desktop,macOS,Safari,Instagram,20,1,True,False
S0009817,U001586,2024-10-01,Desktop,iOS,Chrome,Paid Search,9,1,True,True
S0009818,U000340,2024-02-22,Mobile,macOS,Firefox,Facebook,21,3,False,False
S0009819,U001380,2025-03-09,Mobile,Windows,Safari,Referral,4,9,False,False
S0009820,U001447,2025-02-03,Mobile,Windows,Firefox,Facebook,10,5,False,True
S0009821,U001369,2024-08-06,Tablet,macOS,Safari,Facebook,28,6,False,False
S0009822,U000555,2025-02-06,Desktop,iOS,Chrome,Email,42,12,False,False
S0009823,U001449,2024-05-02,Tablet,macOS,Edge,Direct,53,12,False,False
S0009824,U000015,2025-04-05,Mobile,Android,Edge,Email,30,4,False,False
S0009825,U000167,2024-08-16,Desktop,Windows,Safari,Email,33,1,True,False
S0009826,U000356,2025-11-25,Desktop,Windows,Safari,Email,30,7,False,False
S0009827,U001481,2025-11-14,Tablet,macOS,Firefox,Facebook,11,10,False,False
S0009828,U000848,2024-04-10,Tablet,macOS,Firefox,Email,38,4,False,False
S0009829,U000448,2025-12-25,Mobile,iOS,Chrome,Referral,25,3,False,False
S0009830,U001505,2025-07-06,Tablet,Android,Chrome,Facebook,12,3,False,False
S0009831,U000717,2024-12-30,Tablet,Android,Firefox,Email,33,7,False,False
S0009832,U001816,2024-04-29,Mobile,Windows,Firefox,YouTube,31,11,False,False
S0009833,U001417,2025-12-22,Tablet,Windows,Edge,Paid Search,12,4,False,False
S0009834,U001643,2025-08-11,Desktop,macOS,Chrome,Email,25,5,False,False
S0009835,U000367,2025-06-16,Mobile,macOS,Edge,Facebook,18,11,False,False
S0009836,U000206,2025-08-21,Mobile,Android,Firefox,Email,35,3,False,False
S0009837,U001596,2025-02-12,Desktop,Windows,Chrome,Instagram,9,3,False,False
S0009838,U001008,2025-10-17,Tablet,iOS,Safari,Paid Search,58,3,False,False
S0009839,U001167,2024-04-29,Tablet,Windows,Edge,Organic Search,19,9,False,False
S0009840,U000003,2025-05-02,Mobile,iOS,Edge,Referral,24,12,False,False
S0009841,U000013,2024-12-21,Desktop,Windows,Firefox,Paid Search,44,10,False,False
S0009842,U000261,2025-10-14,Tablet,Windows,Firefox,YouTube,47,9,False,False
S0009843,U001994,2025-07-24,Desktop,Windows,Chrome,Facebook,52,4,False,False
S0009844,U001733,2024-02-17,Desktop,Android,Safari,Instagram,24,6,False,False
S0009845,U001655,2025-11-24,Desktop,macOS,Edge,YouTube,18,7,False,False
S0009846,U001530,2024-12-12,Mobile,Android,Firefox,Instagram,33,9,False,False
S0009847,U001519,2024-10-04,Tablet,macOS,Edge,Organic Search,34,1,True,False
S0009848,U000932,2025-07-12,Desktop,iOS,Firefox,Organic Search,37,6,False,False
S0009849,U001728,2024-07-15,Desktop,iOS,Safari,Paid Search,42,4,False,False
S0009850,U001088,2024-11-12,Mobile,macOS,Firefox,YouTube,15,4,False,False
S0009851,U000038,2025-08-21,Mobile,Windows,Chrome,Instagram,11,9,False,False
S0009852,U000279,2025-09-13,Tablet,Android,Firefox,Referral,56,1,True,False
S0009853,U001060,2025-01-26,Mobile,macOS,Chrome,YouTube,32,7,False,False
S0009854,U001356,2024-07-21,Desktop,Android,Safari,YouTube,57,5,False,False
S0009855,U001583,2024-03-31,Mobile,iOS,Chrome,Organic Search,29,1,True,False
S0009856,U000852,2025-08-28,Tablet,iOS,Edge,Organic Search,26,2,False,False
S0009857,U001239,2025-04-24,Tablet,Android,Firefox,Paid Search,26,1,True,False
S0009858,U000358,2025-08-21,Desktop,iOS,Chrome,Facebook,45,3,False,True
S0009859,U001152,2024-09-05,Desktop,macOS,Chrome,Instagram,22,8,False,False
S0009860,U000837,2025-01-19,Desktop,macOS,Chrome,Paid Search,27,1,True,False
S0009861,U001515,2025-12-07,Tablet,iOS,Edge,Organic Search,33,9,False,False
S0009862,U001628,2024-08-11,Mobile,Android,Firefox,Email,55,6,False,False
S0009863,U001164,2024-07-19,Tablet,Windows,Firefox,Paid Search,11,3,False,True
S0009864,U001519,2024-07-23,Tablet,Windows,Firefox,Facebook,29,4,False,False
S0009865,U001595,2024-08-29,Desktop,Windows,Edge,Organic Search,45,3,False,False
S0009866,U001021,2025-07-11,Mobile,Android,Edge,Facebook,39,3,False,True
S0009867,U000672,2025-10-11,Tablet,iOS,Firefox,Referral,33,7,False,False
S0009868,U000434,2024-04-07,Tablet,macOS,Firefox,Facebook,53,11,False,False
S0009869,U000802,2025-03-04,Mobile,iOS,Firefox,Paid Search,13,11,False,False
S0009870,U000248,2025-03-06,Desktop,Android,Chrome,Paid Search,46,11,False,False
S0009871,U001191,2024-09-25,Tablet,macOS,Safari,Email,48,2,False,False
S0009872,U001589,2025-02-05,Desktop,Windows,Chrome,Organic Search,56,7,False,False
S0009873,U001118,2024-07-19,Desktop,iOS,Edge,YouTube,59,5,False,False
S0009874,U001333,2024-10-30,Tablet,macOS,Chrome,Instagram,55,9,False,False
S0009875,U001021,2025-08-26,Mobile,Windows,Firefox,Facebook,13,10,False,True
S0009876,U001484,2025-09-27,Mobile,macOS,Firefox,YouTube,60,9,False,False
S0009877,U001492,2024-09-20,Desktop,macOS,Safari,YouTube,50,6,False,False
S0009878,U000894,2025-11-25,Tablet,Windows,Edge,Instagram,16,4,False,True
S0009879,U000553,2024-10-10,Mobile,macOS,Safari,YouTube,17,4,False,False
S0009880,U001679,2025-09-12,Mobile,iOS,Safari,Facebook,40,9,False,False
S0009881,U001841,2024-05-30,Desktop,Android,Firefox,Paid Search,26,1,True,False
S0009882,U001407,2024-11-19,Mobile,Windows,Chrome,Referral,3,5,False,False
S0009883,U000772,2025-09-06,Desktop,macOS,Safari,Direct,48,5,False,False
S0009884,U000359,2025-08-12,Tablet,macOS,Edge,Organic Search,28,5,False,False
S0009885,U000976,2024-03-31,Mobile,iOS,Safari,YouTube,7,3,False,False
S0009886,U000380,2024-02-02,Tablet,iOS,Firefox,Email,11,7,False,False
S0009887,U000208,2025-05-12,Desktop,iOS,Safari,Direct,45,7,False,False
S0009888,U001247,2025-07-20,Desktop,macOS,Firefox,YouTube,58,2,False,False
S0009889,U001214,2025-08-09,Mobile,Android,Firefox,Paid Search,43,1,True,False
S0009890,U001977,2024-11-19,Mobile,Android,Safari,Referral,41,12,False,True
S0009891,U001312,2024-01-18,Mobile,iOS,Chrome,YouTube,12,8,False,False
S0009892,U001770,2024-10-03,Desktop,Windows,Firefox,Referral,36,5,False,True
S0009893,U000952,2025-01-14,Mobile,iOS,Safari,Paid Search,44,4,False,False
S0009894,U001777,2024-11-01,Mobile,macOS,Edge,Email,53,10,False,False
S0009895,U001167,2024-11-25,Desktop,iOS,Chrome,Paid Search,50,7,False,True
S0009896,U001471,2025-07-19,Tablet,Android,Chrome,Facebook,28,9,False,False
S0009897,U001422,2024-01-04,Desktop,iOS,Edge,YouTube,6,4,False,False
S0009898,U000571,2024-12-17,Desktop,iOS,Chrome,Facebook,8,11,False,False
S0009899,U000366,2025-11-25,Mobile,Windows,Safari,Email,3,8,False,False
S0009900,U000691,2024-02-27,Mobile,macOS,Safari,Direct,16,2,False,False
S0009901,U001170,2025-04-10,Mobile,macOS,Chrome,Direct,27,5,False,False
S0009902,U000085,2024-01-06,Tablet,macOS,Chrome,Direct,5,2,False,False
S0009903,U001479,2025-08-01,Mobile,macOS,Chrome,Instagram,54,8,False,True
S0009904,U000975,2024-08-19,Desktop,macOS,Chrome,Email,55,4,False,False
S0009905,U000781,2025-03-30,Tablet,Android,Safari,Instagram,20,11,False,True
S0009906,U000927,2024-03-14,Mobile,iOS,Firefox,Instagram,42,8,False,False
S0009907,U000394,2024-01-18,Desktop,macOS,Safari,Instagram,10,3,False,False
S0009908,U000722,2025-11-08,Desktop,iOS,Firefox,Paid Search,1,1,True,False
S0009909,U000750,2024-08-31,Mobile,iOS,Safari,Paid Search,19,3,False,False
S0009910,U001821,2024-12-10,Mobile,iOS,Safari,Facebook,57,10,False,False
S0009911,U001900,2024-08-07,Mobile,Android,Chrome,Instagram,8,8,False,False
S0009912,U001369,2024-09-29,Tablet,macOS,Firefox,Paid Search,19,5,False,True
S0009913,U000709,2025-07-16,Tablet,Windows,Firefox,Direct,33,3,False,False
S0009914,U000720,2025-03-15,Tablet,Windows,Firefox,Referral,27,10,False,False
S0009915,U001749,2025-07-21,Tablet,iOS,Safari,Direct,5,1,True,False
S0009916,U000126,2024-04-14,Desktop,Android,Safari,YouTube,21,2,False,False
S0009917,U000927,2024-02-09,Desktop,Windows,Chrome,Email,16,2,False,False
S0009918,U001898,2025-11-17,Mobile,Windows,Edge,YouTube,2,12,False,False
S0009919,U001540,2025-08-27,Mobile,Android,Chrome,YouTube,33,4,False,False
S0009920,U000265,2025-09-15,Desktop,macOS,Firefox,Facebook,28,11,False,True
S0009921,U000395,2024-11-11,Mobile,Windows,Chrome,Direct,56,6,False,False
S0009922,U000038,2024-01-30,Desktop,macOS,Firefox,Organic Search,58,10,False,True
S0009923,U000845,2024-05-08,Tablet,Android,Safari,Referral,52,8,False,False
S0009924,U001860,2024-02-17,Tablet,macOS,Safari,Paid Search,50,4,False,False
S0009925,U000072,2024-07-10,Mobile,macOS,Firefox,Direct,5,2,False,False
S0009926,U001682,2025-06-26,Mobile,macOS,Chrome,Direct,5,1,True,False
S0009927,U001150,2024-03-24,Tablet,Android,Safari,Organic Search,25,3,False,False
S0009928,U000026,2024-10-02,Tablet,Android,Firefox,Referral,10,11,False,False
S0009929,U001336,2025-08-13,Desktop,Windows,Safari,Instagram,53,3,False,False
S0009930,U000863,2025-10-23,Tablet,Android,Edge,Paid Search,14,1,True,False
S0009931,U000031,2025-03-19,Mobile,Android,Firefox,Organic Search,44,6,False,False
S0009932,U001322,2025-09-18,Desktop,Windows,Edge,Instagram,56,4,False,False
S0009933,U000076,2025-10-13,Desktop,macOS,Firefox,Paid Search,20,10,False,False
S0009934,U001285,2024-10-04,Desktop,iOS,Firefox,Instagram,17,12,False,False
S0009935,U001644,2025-05-14,Mobile,Windows,Safari,Referral,41,4,False,False
S0009936,U000533,2025-08-22,Desktop,macOS,Firefox,Instagram,30,4,False,False
S0009937,U001533,2024-05-13,Desktop,Windows,Edge,Referral,27,3,False,True
S0009938,U001549,2024-05-10,Mobile,Android,Firefox,Referral,6,7,False,False
S0009939,U001908,2025-06-16,Desktop,macOS,Chrome,Organic Search,41,12,False,False
S0009940,U001939,2025-03-06,Mobile,Windows,Safari,Paid Search,52,1,True,False
S0009941,U000420,2024-05-30,Desktop,macOS,Chrome,Facebook,29,5,False,False
S0009942,U000315,2024-05-22,Mobile,iOS,Safari,Organic Search,36,8,False,False
S0009943,U000835,2024-11-09,Desktop,macOS,Firefox,Email,8,1,True,False
S0009944,U000292,2025-08-05,Mobile,Windows,Safari,Paid Search,5,5,False,False
S0009945,U000436,2025-08-02,Tablet,Android,Firefox,Direct,7,1,True,False
S0009946,U001053,2024-11-20,Tablet,Android,Safari,Instagram,29,8,False,False
S0009947,U001883,2025-09-05,Desktop,Windows,Edge,Direct,33,11,False,False
S0009948,U001502,2025-05-16,Desktop,macOS,Chrome,Email,47,5,False,False
S0009949,U000873,2024-05-31,Desktop,iOS,Firefox,YouTube,18,7,False,False
S0009950,U000989,2025-06-20,Tablet,macOS,Edge,YouTube,39,1,True,False
S0009951,U001489,2024-03-07,Desktop,macOS,Chrome,Facebook,60,7,False,False
S0009952,U000297,2024-11-17,Desktop,Windows,Chrome,Direct,11,8,False,False
S0009953,U001104,2024-10-14,Mobile,macOS,Chrome,Email,58,8,False,False
S0009954,U000780,2025-05-01,Tablet,Windows,Edge,Organic Search,60,2,False,False
S0009955,U000645,2025-11-11,Tablet,iOS,Firefox,YouTube,52,2,False,False
S0009956,U000838,2025-07-17,Mobile,Windows,Safari,Paid Search,25,6,False,False
S0009957,U000104,2024-04-19,Tablet,Windows,Edge,Email,41,3,False,False
S0009958,U000538,2024-01-24,Mobile,iOS,Firefox,YouTube,44,3,False,False
S0009959,U001541,2024-06-20,Mobile,iOS,Firefox,Email,1,2,False,False
S0009960,U000488,2025-09-17,Mobile,macOS,Safari,YouTube,26,9,False,True
S0009961,U000253,2024-07-06,Desktop,Windows,Firefox,Referral,31,5,False,False
S0009962,U001717,2024-07-08,Mobile,Android,Safari,Organic Search,54,2,False,False
S0009963,U001356,2025-10-05,Mobile,Windows,Safari,Instagram,52,1,True,False
S0009964,U001850,2025-01-09,Desktop,iOS,Safari,Direct,13,8,False,False
S0009965,U000188,2024-06-24,Desktop,Windows,Safari,Email,36,5,False,False
S0009966,U000689,2025-04-04,Tablet,Android,Safari,Referral,47,3,False,False
S0009967,U000090,2025-09-08,Desktop,Android,Firefox,Facebook,29,6,False,False
S0009968,U000006,2025-02-03,Desktop,Windows,Chrome,YouTube,2,8,False,False
S0009969,U000202,2024-11-06,Mobile,Android,Edge,Email,11,2,False,False
S0009970,U001030,2025-08-21,Mobile,iOS,Chrome,Organic Search,51,11,False,False
S0009971,U000632,2025-09-04,Desktop,Windows,Firefox,YouTube,19,11,False,False
S0009972,U001679,2024-10-22,Desktop,macOS,Safari,Paid Search,6,3,False,False
S0009973,U001415,2024-02-11,Desktop,macOS,Firefox,Organic Search,59,6,False,False
S0009974,U001737,2025-08-27,Desktop,macOS,Firefox,Instagram,17,11,False,False
S0009975,U001778,2025-02-13,Mobile,iOS,Safari,Direct,3,6,False,False
S0009976,U000775,2024-08-04,Desktop,iOS,Edge,Organic Search,14,7,False,False
S0009977,U001335,2025-01-22,Desktop,macOS,Safari,Paid Search,40,3,False,False
S0009978,U000810,2025-12-17,Tablet,macOS,Edge,Email,45,5,False,False
S0009979,U001768,2024-08-31,Tablet,Android,Edge,Direct,21,2,False,False
S0009980,U001646,2024-02-11,Desktop,Windows,Firefox,Direct,18,9,False,False
S0009981,U000190,2024-01-17,Mobile,Android,Chrome,Instagram,57,8,False,False
S0009982,U001333,2024-03-10,Desktop,Android,Edge,Instagram,8,12,False,False
S0009983,U000592,2025-10-04,Mobile,Android,Safari,Instagram,24,2,False,False
S0009984,U000940,2024-09-03,Mobile,iOS,Chrome,Email,38,3,False,False
S0009985,U000222,2025-01-17,Tablet,macOS,Safari,Instagram,33,1,True,False
S0009986,U000461,2025-04-02,Desktop,Android,Firefox,Direct,5,11,False,False
S0009987,U000825,2024-07-20,Desktop,iOS,Safari,Organic Search,33,4,False,False
S0009988,U001225,2025-07-21,Desktop,Android,Safari,Referral,41,10,False,False
S0009989,U001224,2024-07-01,Tablet,iOS,Firefox,YouTube,37,5,False,False
S0009990,U001769,2024-01-18,Mobile,iOS,Firefox,Organic Search,18,3,False,False
S0009991,U000428,2024-03-13,Mobile,iOS,Chrome,Email,35,2,False,False
S0009992,U001188,2025-03-26,Mobile,macOS,Chrome,YouTube,47,10,False,False
S0009993,U000749,2024-06-22,Desktop,iOS,Firefox,YouTube,58,3,False,False
S0009994,U001632,2025-07-24,Desktop,macOS,Firefox,Organic Search,39,12,False,True
S0009995,U001168,2024-09-12,Desktop,Android,Edge,Organic Search,6,4,False,False
S0009996,U001771,2025-04-14,Tablet,Android,Edge,YouTube,51,7,False,False
S0009997,U001295,2024-03-02,Desktop,Windows,Edge,Referral,52,1,True,False
S0009998,U000580,2024-05-28,Tablet,iOS,Firefox,Direct,22,10,False,False
S0009999,U001039,2025-05-09,Tablet,macOS,Chrome,Instagram,23,4,False,False
S0010000,U002000,2025-10-12,Tablet,Windows,Safari,Instagram,51,4,False,True
